point_id,workload.arguments.physical_error_probability,qpu.distance,qpu.round_period_microseconds,escalation.gap_threshold_db,configuration_id,algorithm,shots,windows_per_shot,logical_failures,scored_shots,unscored_shots,state,logical_error_rate_estimate,logical_error_rate_low,logical_error_rate_high,logical_error_rate_plan_unbiased,logical_error_rate_per_round,logical_error_rate_per_round_low,logical_error_rate_per_round_high,is_shot_rate_above_half,prefix_shots,prefix_scored_shots,prefix_failures,logical_error_rate_unscored_as_failures,low_confidence_windows,nonconverged_windows,invalid_correction_windows,empty_model_unsatisfiable_windows,backend_error_windows,provisional_no_correction_windows,throughput_windows_per_us,throughput_rounds_per_us,max_queued_windows,referee_windows_checked,referee_window_disagreements,load,sim_wall_seconds_per_shot,weak_queue_max,strong_queue_max,weak_busy_fraction,strong_busy_fraction,escalated_windows,strong_service_mean_us,strong_service_bound_us,parallel_processes_needed,weak_syndrome_weight_mean,weak_service_mean_us,strong_wait_mean_us,weak_syndrome_weight_max,strong_wait_max_us,strong_held_in_units_max,backlog_peak_rounds,escalated_fraction,cwb_per_round_mean_us,cwb_per_round_median_us,cwb_per_round_p99_us,cwb_per_round_max_us,cwb_stall_per_round_mean_us,cwb_stall_per_round_median_us,cwb_stall_per_round_p99_us,cwb_stall_per_round_max_us,csb_stall_per_round_mean_us,csb_stall_per_round_median_us,csb_stall_per_round_p99_us,csb_stall_per_round_max_us,buffer_fill_mean_us,buffer_fill_median_us,buffer_fill_p99_us,buffer_fill_max_us,admission_wait_mean_us,admission_wait_median_us,admission_wait_p99_us,admission_wait_max_us,dep_block_mean_us,dep_block_median_us,dep_block_p99_us,dep_block_max_us,compute_wait_mean_us,compute_wait_median_us,compute_wait_p99_us,compute_wait_max_us,queue_wait_mean_us,queue_wait_median_us,queue_wait_p99_us,queue_wait_max_us,input_link_per_window_mean_us,input_link_per_window_median_us,input_link_per_window_p99_us,input_link_per_window_max_us,fetch_mean_us,fetch_median_us,fetch_p99_us,fetch_max_us,algorithm_mean_us,algorithm_median_us,algorithm_p99_us,algorithm_max_us,backend_queue_wait_mean_us,backend_queue_wait_median_us,backend_queue_wait_p99_us,backend_queue_wait_max_us,release_mean_us,release_median_us,release_p99_us,release_max_us,service_mean_us,service_median_us,service_p99_us,service_max_us,confidence_mean_us,confidence_median_us,confidence_p99_us,confidence_max_us,selection_wait_mean_us,selection_wait_median_us,selection_wait_p99_us,selection_wait_max_us,weak_attempt_mean_us,weak_attempt_median_us,weak_attempt_p99_us,weak_attempt_max_us,escalation_link_per_window_mean_us,escalation_link_per_window_median_us,escalation_link_per_window_p99_us,escalation_link_per_window_max_us,dd_per_window_mean_us,dd_per_window_median_us,dd_per_window_p99_us,dd_per_window_max_us,output_link_per_window_mean_us,output_link_per_window_median_us,output_link_per_window_p99_us,output_link_per_window_max_us,frame_commit_mean_us,frame_commit_median_us,frame_commit_p99_us,frame_commit_max_us,buffer0_ready_to_frame_mean_us,buffer0_ready_to_frame_median_us,buffer0_ready_to_frame_p99_us,buffer0_ready_to_frame_max_us,buffer0_first_round_to_frame_mean_us,buffer0_first_round_to_frame_median_us,buffer0_first_round_to_frame_p99_us,buffer0_first_round_to_frame_max_us,qpu_last_round_to_frame_mean_us,qpu_last_round_to_frame_median_us,qpu_last_round_to_frame_p99_us,qpu_last_round_to_frame_max_us,qpu_first_round_to_frame_mean_us,qpu_first_round_to_frame_median_us,qpu_first_round_to_frame_p99_us,qpu_first_round_to_frame_max_us,buffer0_ready_to_frame_weak_median_us,buffer0_ready_to_frame_weak_p99_us,buffer0_ready_to_frame_strong_median_us,buffer0_ready_to_frame_strong_p99_us,rounds,core_seconds
3498e1a228c35d69e2b4625e91e9e05793df599a4b691ebc3a78db7879b96ad9,0.001,11,1.0,20.0,1d1aa3115b8bb6684d2184daae664508beae2511ac5ef59374737f735f716a78,union_find,12800,8.84,0,12800,0,running,,,0.0002881521835352358,,,,2.8823441633693992e-06,,12800,12800,0,0.0,0,0,0,0,0,0,0.05589230791779278,0.5615078300986669,2,0,0,36.330429905632776,16.511680556107734,1,2,0.14478724416108107,0.4110292406314848,7804,4328.569221168635,164.01845207585853,1484,41.06067652529762,1.647816068080357,440.3622429619791,137,55855.60404,1,28,0.0689691742081448,0.163094,0.163094,0.163094,0.164641,0.0,0.0,0.0,0.0,0.0,0.0,0.0,0.0,18.718961560350913,21.0,32.0,32.0,0.02138995166731771,0.020906,0.023359,0.023359,23.787592351508557,0.0,34.616099999999996,43694.3571,151.4346280800744,0.0,3523.87616,50498.763,0.14865543098958334,0.0,2.062,4.812,0.003631158854166667,0.004,0.004,0.004,0.18549146614583337,0.232,0.342,0.342,398.51061374190846,1.43,6771.015,261019.728,0.0,0.0,0.0,0.0,0.02723369140625,0.03,0.03,0.03,398.7233388994606,1.692,6771.015,261019.728,0.9077897135416667,1.0,1.0,1.0,0.004589693266369047,0.004,0.006,0.006,0.2638250120907738,0.0,3.086,6.216,2.2308812809207588,0.0,34.53946,37.40746,0.003600348958333334,0.004,0.004,0.004,0.2551153782161458,0.164026,1.15187,1.15187,0.007780280881696428,0.007974,0.007974,0.007974,575.5583359505513,3.032906,9595.368906,261057.820906,594.2772975109021,23.884906,9623.072906,261078.822453,575.8217351577381,3.296,9595.632,261058.084,594.5403510431547,24.148,9623.336,261079.084,3.004906,6.963359,4356.080906,27401.804906,1280000,211349.51111817898
5b06b823ac24405e67334619a5a78a0f7b56b0b359f51d1d9b92097d47652857,0.001,9,1.0,20.0,1d1aa3115b8bb6684d2184daae664508beae2511ac5ef59374737f735f716a78,union_find,12800,10.807734375,0,12800,0,running,,,0.0002881521835352358,,,,2.8823441633693992e-06,,12800,12800,0,0.0,0,0,0,0,0,0,0.06795480528943958,0.5699166771691577,2,0,0,20.42176230506297,11.166134381846533,1,2,0.1651559923292996,0.4069280424295765,7929,2492.2612792281584,161.43271534871988,444,22.19876376488095,1.4779433586929562,260.41901200104166,86,36769.53724,1,24,0.05731572441610826,0.162063,0.162063,0.162063,0.163094,0.0,0.0,0.0,0.0,0.0,0.0,0.0,0.0,15.44830857207335,17.0,26.0,26.0,0.021764362220734128,0.021937,0.021937,0.021937,15.554304173456721,0.0,28.5361,21516.1961,69.27156624700645,0.0,1748.045,36769.53724,0.11547791927083333,0.0,1.826,4.126,0.0037072836061507936,0.004,0.004,0.004,0.16079558370535715,0.192,0.282,0.282,182.6767777686942,1.3,3462.225,79756.421,0.0,0.0,0.0,0.0,0.027804627046130955,0.03,0.03,0.03,182.8653779794457,1.522,3462.225,79756.421,0.9268209015376985,1.0,1.0,1.0,0.004673528831845238,0.004,0.006,0.006,0.19751068514384923,0.0,2.866,5.706,1.5971118789614334,0.0,28.45746,31.3461,0.0036618645833333334,0.004,0.004,0.004,0.23631553334139388,0.164026,1.15187,1.15187,0.007774967729414682,0.007974,0.007974,0.007974,269.20529358159075,2.845937,5162.745937,79788.737937,284.6536021536641,19.714968,5188.637937,79805.737937,269.46752921937,3.108,5163.008,79789.0,284.9156488560268,19.976,5188.9,79806.0,2.805937,6.472906,2552.029937,16152.641937,1280000,142926.5200876356
78e9aa7951a6d8e2ef3f49ccf91b4369deaa3ccea826f68ff910fc9bad34552c,0.003,11,1.0,15.0,1d1aa3115b8bb6684d2184daae664508beae2511ac5ef59374737f735f716a78,union_find,91407,7.1851718139748595,100,91407,0,target,0.0010977189400425914,0.0008932344262636345,0.001322927240468675,0.001086753680143144,1.0989136171839064e-05,8.940252526160147e-06,1.324662922533658e-05,False,91098,91098,100,0.0010940081175402322,0,22,0,0,0,0,0.017135308322954873,0.1724813605150309,2,0,0,704.6253848783148,41.643903956907,1,2,0.05319922431308687,0.8173035587854555,136643,29768.4648787279,66.89475494536859,16153,127.8123747338999,2.2555988023042244,11723.320200895081,304,1373447.27196,1,33,0.20805146359103194,0.163094,0.163094,0.163094,0.164641,0.0,0.0,0.0,0.0,0.0,0.0,0.0,0.0,20.18976955151382,21.0,32.0,32.0,0.021378533438167095,0.020906,0.023359,0.023359,1419.2516190408942,0.0,22940.4315,1322518.7335,4477.96671225054,0.0,66881.68,1302007.115,0.14591052581676822,0.0,3.002,6.992,0.002957374752133359,0.004,0.004,0.004,0.15495398293625182,0.232,0.342,0.342,7749.959144530815,2.04,97135.569,1302007.115,0.0,0.0,0.0,0.0,0.022180310641000196,0.03,0.03,0.03,7750.136278824392,2.312,97135.569,1302007.115,0.7393436880333398,1.0,1.0,1.0,0.003696878977175344,0.004,0.006,0.006,0.9133549292706388,0.0,4.616,11.686,6.305766416217907,0.0,35.59546,43.1321,0.003611149036725853,0.004,0.004,0.004,0.4215137738383935,0.164026,1.15187,1.15187,0.00741655253435663,0.007974,0.007974,0.007974,13649.610182372488,3.912906,153038.296906,1421377.560906,13669.799951924,24.532906,153062.272906,1421409.560906,13649.873574378695,4.176,153038.56,1421377.824,13670.06293261443,24.796,153062.536,1421409.824,3.584906,8.631359,28601.840906,346906.444906,9140700,3806544.3289889954
83e29c5998eaf7fa6eb1379d9099764fbe4585e767296c272e435d073364296f,0.001,9,1.0,5.0,1d1aa3115b8bb6684d2184daae664508beae2511ac5ef59374737f735f716a78,union_find,12800,11.0784375,0,12800,0,running,,,0.0002881521835352358,,,,2.8823441633693992e-06,,12800,12800,0,0.0,0,0,0,0,0,0,0.07921013407862866,0.6628560518695222,2,0,0,15.640724893528851,8.836038074033727,1,2,0.19261296357320737,0.3086658574522085,6179,2438.5894578410785,207.15326104547663,444,22.070602802579366,1.4751357674851189,210.70146887760416,86,36769.53724,1,24,0.043574229217793574,0.162063,0.162063,0.162063,0.163094,0.0,0.0,0.0,0.0,0.0,0.0,0.0,0.0,15.334816049370009,17.0,26.0,26.0,0.021765285505270338,0.021937,0.021937,0.021937,11.009848914317956,0.0,28.4361,21516.1961,54.965116587330115,0.0,1431.57916,36769.53724,0.1183795546875,0.0,1.826,4.126,0.0037720203373015878,0.004,0.004,0.004,0.16296566034226193,0.192,0.282,0.282,139.6285973138331,1.3,2934.785,79756.421,0.0,0.0,0.0,0.0,0.028290152529761903,0.03,0.03,0.03,139.8198531267051,1.512,2934.785,79756.421,0.9430050843253969,1.0,1.0,1.0,0.004757062313988095,0.004,0.006,0.006,0.1545399757564484,0.0,2.826,4.896,1.225409659816468,0.0,28.3821,31.34146,0.0036658307291666664,0.004,0.004,0.004,0.22032808547966268,0.164026,1.15187,1.15187,0.007815497972718254,0.007974,0.007974,0.007974,207.26918119473146,2.833937,4397.877937,79788.737937,222.6039972441015,19.713937,4423.877937,79805.737937,207.5314159092262,3.096,4398.14,79789.0,222.86604710962303,19.976,4424.14,79806.0,2.805937,6.472906,2546.872906,16028.081937,1280000,113101.2873476317
8b0e91907b923fda5772f21aed7b2bb4ef823a170cb1bdc45222c971261a0225,0.001,11,1.0,15.0,1d1aa3115b8bb6684d2184daae664508beae2511ac5ef59374737f735f716a78,union_find,12800,9.04484375,0,12800,0,running,,,0.0002881521835352358,,,,2.8823441633693992e-06,,12800,12800,0,0.0,0,0,0,0,0,0,0.06324925262816618,0.6346047824825208,2,0,0,29.41964163117221,13.940105185646134,1,2,0.16389042713440868,0.33384336478773263,6471,4222.760508113125,197.80559418946066,984,40.78879557291666,1.6440281196056548,379.13203520182293,137,50487.69964,1,28,0.055893378478760344,0.163094,0.163094,0.163094,0.164641,0.0,0.0,0.0,0.0,0.0,0.0,0.0,0.0,18.5824080743431,21.0,32.0,32.0,0.021389619490234376,0.020906,0.023359,0.023359,17.36332835593192,0.0,34.5261,43694.3571,127.42527116114583,0.0,2984.84364,50487.69964,0.15293875651041666,0.0,2.062,4.812,0.0036946692708333334,0.004,0.004,0.004,0.18807440625000002,0.232,0.342,0.342,322.4730029962798,1.43,5941.198,173131.284,0.0,0.0,0.0,0.0,0.027710019531249998,0.03,0.03,0.03,322.688787422061,1.682,5941.198,173131.284,0.9236673177083334,1.0,1.0,1.0,0.004671720052083333,0.006,0.006,0.006,0.21886499925595237,0.0,3.046,5.866,1.8251052303813244,0.0,34.47546,36.6641,0.003603203125,0.004,0.004,0.004,0.2394307822057292,0.164026,1.15187,1.15187,0.007811041304315476,0.007974,0.007974,0.007974,469.0498558449367,3.024906,8521.487359,173169.596906,487.6322639192798,23.866453,8543.488906,173190.596906,469.3132548426339,3.288,8521.752,173169.86,487.89532385305057,24.128,8543.752,173190.86,3.004906,6.971359,4355.968906,27116.211359,1280000,178433.34637627052
8c60028a9af436ebd0f1f79c3473a6f24dd52e1a0d0df208eb5db677a930844f,0.001,11,1.0,30.0,1d1aa3115b8bb6684d2184daae664508beae2511ac5ef59374737f735f716a78,union_find,25600,7.9469140625,0,25600,0,running,,,0.00014408647222335677,,,,1.4410702945542705e-06,,25600,25600,0,0.0,0,0,0,0,0,0,0.03364375232586999,0.3404654548388777,2,0,0,68.02683537207031,26.95130061681042,1,2,0.08697862273105463,0.6443667316706905,27892,4191.8203555499795,91.78258998996128,3261,42.6095037202381,1.6727960342261907,1002.9158227726563,133,201347.28504,1,28,0.1371011742962333,0.163094,0.163094,0.163094,0.164641,0.0,0.0,0.0,0.0,0.0,0.0,0.0,0.0,19.47123279099777,21.0,32.0,32.0,0.021383105420061384,0.020906,0.023359,0.023359,86.99958511162575,0.0,35.744099999999996,52389.8641,365.62343764713546,0.0,6229.80116,201347.28504,0.12676781966145834,0.0,2.042,5.342,0.003288043898809524,0.004,0.004,0.004,0.1701042101934524,0.232,0.342,0.342,747.2748064640532,1.46,9007.913,280552.829,0.0,0.0,0.0,0.0,0.024660329241071425,0.03,0.03,0.03,747.4695710034877,1.722,9007.913,280552.829,0.8220109747023809,1.0,1.0,1.0,0.004155922061011905,0.004,0.006,0.006,0.5143587159598214,0.0,3.256,6.216,4.283420384769346,0.0,34.69946,37.40746,0.0036071145833333333,0.004,0.004,0.004,0.33985139070610115,0.164026,1.15187,1.15187,0.007593276081473215,0.007974,0.007974,0.007974,1201.9320030107401,3.064906,13728.124906,286923.756906,1221.4032358017378,23.924906,13759.864906,286955.756906,1202.1953979002976,3.328,13728.388,286924.02,1221.6662517879463,24.188,13760.128,286956.02,2.992906,6.943359,4782.320906,27824.188906,2560000,689953.2957903468
8e7c1e1cefb6e743444b5314138c6cefb466a5872ad7ef336523147a3834379b,0.001,9,1.0,10.0,1d1aa3115b8bb6684d2184daae664508beae2511ac5ef59374737f735f716a78,union_find,12800,11.067578125,0,12800,0,running,,,0.0002881521835352358,,,,2.8823441633693992e-06,,12800,12800,0,0.0,0,0,0,0,0,0,0.0787908174564541,0.6593867893940946,2,0,0,15.93630631148038,8.848752316392547,1,2,0.1915713161831174,0.3123271790922381,6253,2457.6283778986117,204.70174316328163,444,22.07674810887897,1.47529306640625,214.63436759218752,86,36769.53724,1,24,0.04413934281579783,0.162063,0.162063,0.162063,0.163094,0.0,0.0,0.0,0.0,0.0,0.0,0.0,0.0,15.339898367223958,17.0,26.0,26.0,0.021765297171781994,0.021937,0.021937,0.021937,11.25195916670883,0.0,28.438100000000002,21516.1961,55.96515184427952,0.0,1457.93676,36769.53724,0.11818869270833333,0.0,1.826,4.126,0.0037692767857142855,0.004,0.004,0.004,0.16287798009672622,0.192,0.282,0.282,142.2896242019469,1.3,2961.157,79756.421,0.0,0.0,0.0,0.0,0.02826957589285714,0.03,0.03,0.03,142.4807717579365,1.512,2961.157,79756.421,0.9423191964285715,1.0,1.0,1.0,0.00475358097718254,0.004,0.006,0.006,0.15649642987351192,0.0,2.826,5.276,1.2395520365128967,0.0,28.3861,31.34146,0.003665848958333333,0.004,0.004,0.004,0.2210056357232143,0.164026,1.15187,1.15187,0.007813747695684525,0.007974,0.007974,0.007974,211.17399462628885,2.833937,4443.717937,79788.737937,226.51389299351283,19.713937,4460.717937,79805.737937,211.43622932911705,3.096,4443.98,79789.0,226.77594268477185,19.976,4460.98,79806.0,2.805937,6.472906,2551.957937,16124.784906,1280000,113264.0296498246
b66602c725e8ae4c349744e75c90cf6faa2e9b824184fb48d56e40b4540bd7c8,0.003,11,1.0,10.0,1d1aa3115b8bb6684d2184daae664508beae2511ac5ef59374737f735f716a78,union_find,86807,7.513599133710415,100,86807,0,target,0.0011538017768547364,0.0009388747251228157,0.0013905084274312349,0.0011422769386978044,1.1551217436894207e-05,9.397484845187848e-06,1.39242614450207e-05,False,86670,86670,100,0.0011519808310389715,0,19,0,0,0,0,0.0230247322630058,0.23131292221393843,2,0,0,601.7747373049526,36.9713658616076,1,2,0.07156068555193301,0.7546843547295796,114469,29697.188130550723,75.83450541194559,16153,125.77974251765592,2.2406904666912055,9589.187175174467,304,1373447.27196,1,33,0.17550323274044705,0.163094,0.163094,0.163094,0.164641,0.0,0.0,0.0,0.0,0.0,0.0,0.0,0.0,19.856211213112008,21.0,32.0,32.0,0.021382695696629324,0.020906,0.023359,0.023359,1004.655781779038,0.0,13883.4305,1301830.5951,3595.2176533411175,0.0,56537.25164,1302007.115,0.1574255307751679,0.0,3.032,6.992,0.0031077447305562548,0.004,0.004,0.004,0.16185545220641814,0.232,0.342,0.342,6618.556403597087,2.01,87227.185,1302007.115,0.0,0.0,0.0,0.0,0.02330808547917191,0.03,0.03,0.03,6618.7415671347735,2.272,87227.185,1302007.115,0.7769361826390638,1.0,1.0,1.0,0.003884771910538266,0.004,0.006,0.006,0.7800270064808978,0.0,4.536,10.612,5.407039716869077,0.0,35.5121,43.12746,0.0036070370669032065,0.004,0.004,0.004,0.3843782535970967,0.164026,1.15187,1.15187,0.007497087165415853,0.007974,0.007974,0.007974,11220.749641527924,3.832906,134458.216906,1421377.560906,11240.605852741035,24.484906,134479.438453,1421409.560906,11221.013036159087,4.096,134458.48,1421377.824,11240.868850306912,24.748,134479.7,1421409.824,3.584906,8.651359,27246.816906,335301.460906,8680700,3209373.3563485714
be424d0fa8ff7882b515788ea2a99b210901d937a52eb71898c4354701f45c01,0.003,11,1.0,20.0,1d1aa3115b8bb6684d2184daae664508beae2511ac5ef59374737f735f716a78,union_find,91829,5.945235165361705,101,91829,0,target,0.0010977189400425914,0.0008932344262636345,0.001322927240468675,0.001086753680143144,1.0989136171839064e-05,8.940252526160147e-06,1.324662922533658e-05,False,91098,91098,100,0.0010998704113079746,0,26,0,0,0,0,0.0042455176751878855,0.04367423197457832,2,0,0,1125.233366992775,59.08528736259746,1,2,0.013143320954849836,0.9543397413283167,200923,28478.05729005145,45.70357798758729,18581,137.03013334221805,2.3242869631995426,20946.65738866041,310,1634695.35896,1,33,0.36802791489985254,0.163094,0.163094,0.163094,0.164641,0.0,0.0,0.0,0.0,0.0,0.0,0.0,0.0,21.679886346281545,21.0,32.0,32.0,0.021359922559175293,0.020906,0.023359,0.023359,4009.0828455400406,0.0,66042.1745,1342468.6005,8762.613924482019,0.0,106424.2914,1302007.115,0.09955025899588728,0.0,2.862,6.992,0.002264596341682012,0.004,0.004,0.004,0.12070126410770055,0.138,0.342,0.342,12376.859557414295,2.38,130052.958,1302007.115,0.0,0.0,0.0,0.0,0.016984472562615087,0.03,0.03,0.03,12376.997243150965,2.662,130052.958,1302007.115,0.5661490854205029,1.0,1.0,1.0,0.002830043004362664,0.004,0.006,0.006,1.5283016783006094,0.0,4.896,11.686,10.348029499294064,0.0,35.8321,43.1321,0.003644684141175446,0.004,0.004,0.004,0.5926030228618687,0.164026,1.15187,1.15187,0.007050160482622376,0.007974,0.007974,0.007974,25151.51412194099,4.623359,223862.028906,1635039.139359,25173.19400828727,25.206453,223885.840906,1635050.140906,25151.77750221013,4.888,223862.292,1635039.404,25173.456911332712,25.468,223886.104,1635050.404,3.592906,8.551359,33474.579359,369421.916906,9182900,5425742.8532199655
bffc8250b090942382fb5294f19828effe3a0ba328e3dd59e6e3268130d953e3,0.003,9,1.0,10.0,1d1aa3115b8bb6684d2184daae664508beae2511ac5ef59374737f735f716a78,union_find,25470,9.311739301138594,103,25470,0,target,0.004001280409731114,0.003256751580104973,0.004820815367370282,0.003961426113400824,4.017215197090269e-05,3.267297536828901e-05,4.8439714437216725e-05,False,24992,24992,100,0.004043973301923832,0,0,0,0,0,0,0.027141222941363955,0.22819588923465117,2,0,0,250.14181029662262,22.87178175387028,1,2,0.07557507001935014,0.7610694661132781,35873,12068.833076101777,71.000473894015,9011,67.87827285134706,1.8877370625260967,4295.926425299045,175,953783.26976,1,25,0.1512543744993043,0.162063,0.162063,0.162063,0.163094,0.0,0.0,0.0,0.0,0.0,0.0,0.0,0.0,16.288549017557564,17.0,26.0,26.0,0.021765768806318555,0.021937,0.021937,0.021937,457.8588338666892,0.0,7814.8547,800162.7751,1248.0498272356385,0.0,21105.937,950269.769,0.11886695066090826,0.0,2.436,5.866,0.003252846854319175,0.004,0.004,0.004,0.1439718552256538,0.192,0.282,0.282,2250.2910459740997,1.65,31574.777,951509.253,0.0,0.0,0.0,0.0,0.024396351407393813,0.03,0.03,0.03,2250.459414180733,1.882,31574.777,951509.253,0.8132117135797937,1.0,1.0,1.0,0.004063623349995553,0.004,0.006,0.006,0.5810842846944967,0.0,4.026,8.29,4.03441369658011,0.0,29.27746,32.2141,0.0036667752911922528,0.004,0.004,0.004,0.3485436880104823,0.164026,1.15187,1.15187,0.007467784170041885,0.007974,0.007974,0.007974,3958.2663319431867,3.285937,51233.725937,973065.769937,3974.5548809607444,20.085937,51259.725937,973082.769937,3958.5285661743806,3.548,51233.988,973066.032,3974.8169008830123,20.348,51259.988,973083.032,3.153937,7.564906,11933.753937,130016.901937,2547000,582544.2812710761
c1f8b75dd46b0132adcecb2f69d84f8ec10ebcdb951a544947c11dd904e118cb,0.001,11,1.0,10.0,1d1aa3115b8bb6684d2184daae664508beae2511ac5ef59374737f735f716a78,union_find,12800,9.09296875,0,12800,0,running,,,0.0002881521835352358,,,,2.8823441633693992e-06,,12800,12800,0,0.0,0,0,0,0,0,0,0.06501309946553269,0.6521227553392778,2,0,0,27.910449820506965,13.393996362894818,1,2,0.16847400411931054,0.3153590215822944,6157,4207.97259964269,207.8934546045152,984,40.724317243303574,1.6431583454241072,364.7416806828125,137,50487.69964,1,28,0.05289973365409399,0.163094,0.163094,0.163094,0.164641,0.0,0.0,0.0,0.0,0.0,0.0,0.0,0.0,18.549211321602215,21.0,32.0,32.0,0.021389948473307295,0.020906,0.023359,0.023359,15.616666672907366,0.0,34.51146,43694.3571,122.13491558677455,0.0,2910.54636,50487.69964,0.15424754036458332,0.0,2.062,4.812,0.0037093776041666666,0.004,0.004,0.004,0.18864776953125,0.232,0.342,0.342,305.86753197088916,1.43,5724.724,173131.284,0.0,0.0,0.0,0.0,0.027820332031250002,0.03,0.03,0.03,306.08400007245166,1.682,5724.724,173131.284,0.9273444010416667,1.0,1.0,1.0,0.004690032552083333,0.006,0.006,0.006,0.2083070223214286,0.0,3.036,5.866,1.7352439532124257,0.0,34.46686,36.6641,0.0036035520833333336,0.004,0.004,0.004,0.23579839749739584,0.164026,1.15187,1.15187,0.00781801255654762,0.007974,0.007974,0.007974,445.39888706454474,3.024906,8243.808906,173169.596906,463.94809838614697,23.864906,8273.568906,173190.596906,445.6622862697173,3.288,8244.072,173169.86,464.21115996763393,24.128,8273.832,173190.86,3.004906,6.971359,4356.016906,27113.672906,1280000,171443.15344505367
c2b3267b78d734a745add53843922d35ae1b096c25f75b43cca468eee2f86c08,0.001,9,1.0,30.0,1d1aa3115b8bb6684d2184daae664508beae2511ac5ef59374737f735f716a78,union_find,268350,9.803435811440282,4,268350,0,running,5.730659025787966e-05,1.450876195861488e-06,0.000319250063118797,,5.730984170991347e-07,1.4508782798568178e-08,3.1935100727159543e-06,False,17450,17450,1,1.490590646543693e-05,0,2,0,0,0,0,0.04100901553582379,0.34743763595158456,2,0,0,40.70519491343758,18.218040548136344,1,2,0.0994552409923118,0.6416246902492692,309319,2465.974259107851,86.75509748835344,6620,22.958191298784644,1.4993580055988565,657.4084416255637,87,277757.39516,1,25,0.11757816776343798,0.162063,0.162063,0.162063,0.163094,0.0,0.0,0.0,0.0,0.0,0.0,0.0,0.0,16.004035597099467,17.0,26.0,26.0,0.02176610600439824,0.021937,0.021937,0.021937,60.84187467961491,0.0,1158.70446,212284.61606,185.22279319900153,0.0,3399.22836,277757.39516,0.10171973616545556,0.0,1.816,4.986,0.0034087791169971162,0.004,0.004,0.004,0.1497229648565831,0.192,0.282,0.282,365.3156028036307,1.32,4939.057,951720.229,0.0,0.0,0.0,0.0,0.02556584337747837,0.03,0.03,0.03,365.4908916118647,1.542,4939.057,951720.229,0.852194779249279,1.0,1.0,1.0,0.004295823037530136,0.004,0.006,0.006,0.40384566695247076,0.0,3.016,7.226,3.17816382832864,0.0,28.60146,32.3261,0.0036678298242345197,0.004,0.004,0.004,0.31003450048727527,0.164026,1.15187,1.15187,0.007568014940657877,0.007974,0.007974,0.007974,613.2603928964353,2.865937,8035.073937,953262.217937,629.2644284935348,19.745937,8052.153937,953288.217937,613.5226267904309,3.128,8035.336,953262.48,629.5264572110092,20.008,8052.416,953288.48,2.793937,6.452906,2894.493937,17842.185937,26835000,4888811.181092408
cb6d7160205d86c10b6cd870ca8f0dc77da0a5ed2d9f59773c5d6328f439d9b1,0.003,11,1.0,30.0,1d1aa3115b8bb6684d2184daae664508beae2511ac5ef59374737f735f716a78,union_find,160000,5.41665625,197,160000,0,target,0.0012128415665061674,0.0009869218849343868,0.0014616520142335953,0.0012007277137659187,1.2143001887811893e-05,9.878874239996255e-06,1.4637711869316303e-05,False,82451,82451,100,0.00123125,0,61,0,0,0,0,0.0015883835779858136,0.01707737979327613,2,0,0,1359.5185621555256,67.21816938748226,1,2,0.004911397314427413,0.9826357082709363,399504,28402.499164376615,40.04966158035965,23236,141.70045364583333,2.359723118313492,25904.89302444094,313,2043395.15896,1,33,0.46096704032123137,0.163094,0.163094,0.163094,0.164641,0.0,0.0,0.0,0.0,0.0,0.0,0.0,0.0,22.433290323574735,21.0,32.0,32.0,0.02135028180546379,0.020906,0.023359,0.023359,5989.35182395016,2.516,90130.3695,1468096.7065,11309.302654684807,0.0,126805.848,1302007.115,0.07596513625,0.0,2.732,7.352,0.001898708878968254,0.004,0.004,0.004,0.10208125584325398,0.022,0.342,0.342,14954.109519298396,2.89,147082.246,1302007.115,0.0,0.0,0.0,0.0,0.014240316592261906,0.03,0.03,0.03,14954.225840870831,3.182,147082.246,1302007.115,0.4746772197420635,1.0,1.0,1.0,0.00237287939484127,0.004,0.006,0.006,1.8559475629960318,0.0,5.016,11.016,12.41684204421632,0.0,35.9241,41.6195,0.0036656202083333333,0.004,0.004,0.004,0.682962956541121,0.164026,1.15187,1.15187,0.006867819326984127,0.007974,0.007974,0.007974,32256.002362070732,6.503359,263837.380906,2044665.859359,32278.435652394306,35.772906,263858.382453,2044676.860906,32256.265736259873,6.768,263837.644,2044666.124,32278.698513248957,36.036,263858.644,2044677.124,3.572906,8.471359,36422.904906,398100.764906,16000000,10754907.101997184
ceaa916540a4ef4782d5a2ea6140202e460dca70b2ef2f8d8c1ecd5e7d2f6f33,0.003,9,1.0,5.0,1d1aa3115b8bb6684d2184daae664508beae2511ac5ef59374737f735f716a78,union_find,20526,9.562847120724934,100,20526,0,target,0.004880667675337986,0.003972817734449089,0.005879811074644052,0.0048320968371729795,4.9044042045387144e-05,3.988526030216237e-05,5.9143068854235965e-05,False,20489,20489,100,0.004871869823638312,0,1,0,0,0,0,0.03333635144012059,0.2796988182368948,2,0,0,223.3093925222682,20.78113186771784,1,2,0.09294566399811331,0.7065194986794232,26244,12095.243298582556,78.21216278006402,9011,67.29549407051965,1.8828836455794142,3743.49261005489,173,951694.99364,1,25,0.13370218099008085,0.162063,0.162063,0.162063,0.163094,0.0,0.0,0.0,0.0,0.0,0.0,0.0,0.0,16.146780514535198,17.0,26.0,26.0,0.021766130184216085,0.021937,0.021937,0.021937,353.27192230548576,0.0,5475.49206,588499.4931,1068.3551325760436,0.0,18801.0006,951694.99364,0.12373133180681413,0.0,2.456,5.756,0.0033315516139105737,0.004,0.004,0.004,0.14687657002859428,0.192,0.282,0.282,2008.7761133511465,1.64,29306.785,951720.229,0.0,0.0,0.0,0.0,0.024986637104329298,0.03,0.03,0.03,2008.9479765582796,1.862,29306.785,951720.229,0.8328879034776433,1.0,1.0,1.0,0.004162913713491031,0.004,0.006,0.006,0.5183129669420081,0.0,3.966,7.296,3.602751646158731,0.0,29.22946,32.2141,0.0036682386566630944,0.004,0.004,0.004,0.3291066818770309,0.164026,1.15187,1.15187,0.007518600355484805,0.007974,0.007974,0.007974,3432.4158495197794,3.265937,46837.024906,973065.769937,3448.5626300343147,20.066968,46846.025937,973082.769937,3432.6780833895955,3.528,46837.288,973066.032,3448.8246542558277,20.328,46846.288,973083.032,3.153937,7.592906,11553.597937,125280.553937,2052600,426553.51271677634
d1c1fed319a115d76ee9d2564e522a50df8de61475dca13d2b65e1a38689e030,0.003,11,1.0,5.0,1d1aa3115b8bb6684d2184daae664508beae2511ac5ef59374737f735f716a78,union_find,68983,7.745459026136874,101,68983,0,target,0.0014508523757707653,0.0011806224943548234,0.0017484492931629236,0.0014363646915443098,1.4529403185108524e-05,1.1820045903315973e-05,1.7514828360538744e-05,False,68925,68925,100,0.0014641288433382138,0,11,0,0,0,0,0.02814283173804312,0.2824377594988402,2,0,0,530.9891597058466,33.312266677715925,1,2,0.08753786942263657,0.700243996891537,82561,29356.33022949112,83.55397827061203,16153,124.52789408202482,2.231747670037868,8363.787993430458,299,1373447.27196,1,33,0.15452035822236362,0.163094,0.163094,0.163094,0.164641,0.0,0.0,0.0,0.0,0.0,0.0,0.0,0.0,19.649772812696934,21.0,32.0,32.0,0.02138347945288568,0.020906,0.023359,0.023359,802.366962299267,0.0,8471.8805,1300831.41846,3083.920721149986,0.0,49921.499,1302007.115,0.16481259344089605,0.0,3.042,6.992,0.0032034608710818794,0.004,0.004,0.004,0.1661517652842465,0.232,0.342,0.342,5839.88610666934,1.99,79939.227,1302007.115,0.0,0.0,0.0,0.0,0.024025956533114092,0.03,0.03,0.03,5840.076284391157,2.252,79939.227,1302007.115,0.8008652177704698,1.0,1.0,1.0,0.004004428730888149,0.004,0.006,0.006,0.6946220110245704,0.0,4.466,10.612,4.8144132970809,0.0,35.44686,43.12746,0.003607155386109621,0.004,0.004,0.004,0.36074009981674804,0.164026,1.15187,1.15187,0.007547246570296017,0.007974,0.007974,0.007974,9728.421146378087,3.792906,122579.224906,1421377.560906,9748.070919190784,24.446453,122611.224906,1421409.560906,9728.684541503531,4.056,122579.488,1421377.824,9748.333926663758,24.708,122611.488,1421409.824,3.584906,8.671359,26364.832906,326037.560906,6898300,2297980.0922288788
d4b6fedd32a16189a4833390869b17b4290ff40bbed4bece276da9b2a7eb34be,0.001,9,1.0,15.0,1d1aa3115b8bb6684d2184daae664508beae2511ac5ef59374737f735f716a78,union_find,12800,11.01625,0,12800,0,running,,,0.0002881521835352358,,,,2.8823441633693992e-06,,12800,12800,0,0.0,0,0,0,0,0,0,0.07661363147360874,0.6414124172527838,2,0,0,16.800341478529404,9.365907838288594,1,2,0.18623826612494093,0.3313502324731552,6584,2461.292427399763,194.41069258809233,444,22.100222563244046,1.4758136654265874,222.9360310630208,86,36769.53724,1,24,0.04669238624758879,0.162063,0.162063,0.162063,0.163094,0.0,0.0,0.0,0.0,0.0,0.0,0.0,0.0,15.361746154406033,17.0,26.0,26.0,0.021765188497426834,0.021937,0.021937,0.021937,12.246651626426713,0.0,28.4581,21516.1961,58.42635519614335,0.0,1510.69516,36769.53724,0.11760650520833334,0.0,1.826,4.126,0.003757132564484127,0.004,0.004,0.004,0.16247729092261906,0.192,0.282,0.282,150.0694692138207,1.3,3093.017,79756.421,0.0,0.0,0.0,0.0,0.02817849423363095,0.03,0.03,0.03,150.26012499897695,1.522,3093.017,79756.421,0.9392831411210318,1.0,1.0,1.0,0.004738409288194445,0.004,0.006,0.006,0.16462283599950397,0.0,2.836,5.276,1.308643843684896,0.0,28.39746,31.34146,0.0036651666666666664,0.004,0.004,0.004,0.22400478474243551,0.164026,1.15187,1.15187,0.007806142966517857,0.007974,0.007974,0.007974,222.41671596193493,2.833937,4576.137937,79788.737937,237.77846211634096,19.713937,4601.913937,79805.737937,222.6789507734375,3.096,4576.4,79789.0,238.0405111653026,19.976,4602.176,79806.0,2.805937,6.472906,2545.185937,16145.113937,1280000,119883.62033009401
dd1653dd2a9fce06c8b9b6bda1916b4cea9e1b7547494e5fffcd27761177615b,0.003,9,1.0,15.0,1d1aa3115b8bb6684d2184daae664508beae2511ac5ef59374737f735f716a78,union_find,29070,8.945235638114895,105,29070,0,target,0.003670667694453621,0.002987569566070523,0.0044226302105018905,0.00363409441303869,3.68407207426751e-05,2.996441062257983e-05,4.4421086442949275e-05,False,27243,27243,100,0.003611971104231166,0,0,0,0,0,0,0.020432533015191132,0.17240934488763407,2,0,0,295.24914935114515,25.708197236433325,1,2,0.05681096448912272,0.8200761742223427,46513,12170.711903295889,62.498656289639456,9011,68.81330964319096,1.8972277235473314,5280.756490460498,175,953783.26976,1,25,0.17887001130603988,0.16206299999999998,0.162063,0.162063,0.163094,0.0,0.0,0.0,0.0,0.0,0.0,0.0,0.0,16.52288546799223,17.0,26.0,26.0,0.02176556171467737,0.021937,0.021937,0.021937,645.0090293220253,0.0,11427.50246,800162.7751,1567.7241729771274,0.0,24850.21364,951623.62564,0.11226287123036349,0.0,2.416,6.446,0.003123975714687789,0.004,0.004,0.004,0.1389147628354904,0.192,0.282,0.282,2656.2953382618784,1.67,35279.352,951641.113,0.0,0.0,0.0,0.0,0.023429817860158415,0.03,0.03,0.03,2656.457682842574,1.902,35279.352,951641.113,0.7809939286719472,1.0,1.0,1.0,0.003903072585404887,0.004,0.006,0.006,0.683287476375629,0.0,4.096,9.386,4.736959069954645,0.0,29.35746,32.5421,0.003667389060887513,0.004,0.004,0.004,0.380369833524989,0.164026,1.15187,1.15187,0.007385475345076893,0.007974,0.007974,0.007974,4871.18397733689,3.325937,58463.817937,1005876.917937,4887.706862804882,20.113937,58480.817937,1005902.917937,4871.446211775175,3.588,58464.08,1005877.18,4887.968875762088,20.376,58481.08,1005903.18,3.153937,7.544906,12540.837937,136707.981937,2907000,747337.2936631168
f31aa5c5e37f4a356a0655b025abb3372c78e908cecc688b890e1ee22d7d0aaa,0.001,11,1.0,5.0,1d1aa3115b8bb6684d2184daae664508beae2511ac5ef59374737f735f716a78,union_find,12800,9.1015625,0,12800,0,running,,,0.0002881521835352358,,,,2.8823441633693992e-06,,12800,12800,0,0.0,0,0,0,0,0,0,0.06528479134456984,0.6548274089388605,2,0,0,27.498435730130545,13.450602880544885,1,2,0.16919637926350467,0.3125118000513714,6102,4182.389729105219,209.7672894133071,984,40.71531724330357,1.6430640941220238,359.9585174421875,137,50487.69964,1,28,0.052377682403433476,0.163094,0.163094,0.163094,0.164641,0.0,0.0,0.0,0.0,0.0,0.0,0.0,0.0,18.544071679415364,21.0,32.0,32.0,0.02138976162369792,0.020906,0.023359,0.023359,15.495456493024554,0.0,34.506099999999996,43694.3571,120.48518196008185,0.0,2898.54664,50487.69964,0.1543002734375,0.0,2.062,4.812,0.0037120729166666665,0.004,0.004,0.004,0.1887746640625,0.232,0.342,0.342,301.3345557632068,1.42,5652.566,173131.284,0.0,0.0,0.0,0.0,0.027840546874999997,0.03,0.03,0.03,301.5511709741443,1.682,5652.566,173131.284,0.9280182291666667,1.0,1.0,1.0,0.0046934492187500005,0.006,0.006,0.006,0.2062158829985119,0.0,3.026,5.866,1.7162275282775297,0.0,34.4641,36.6641,0.0036038281250000003,0.004,0.004,0.004,0.23513276042708334,0.164026,1.15187,1.15187,0.007819393051339286,0.007974,0.007974,0.007974,439.09309125009094,3.024906,8171.596906,173169.596906,457.6371629295063,23.864906,8201.476906,173190.596906,439.35649033742556,3.288,8171.86,173169.86,457.9002247124256,24.128,8201.74,173190.86,3.004906,6.971359,4348.935359,26652.592906,1280000,172167.71687097452
f791b82c6c7bd8f511238763fc793ae0f3c9173cd52706c0667b5e73241f37b6,0.003,9,1.0,30.0,1d1aa3115b8bb6684d2184daae664508beae2511ac5ef59374737f735f716a78,union_find,40000,6.7882,174,40000,0,target,0.004661352724560667,0.0037942238516727117,0.005615719728218532,0.004614954316613836,4.682997610546769e-05,3.808548175124047e-05,5.6471752455959556e-05,False,21453,21453,100,0.00435,0,5,0,0,0,0,0.002044150275374833,0.019300979097598515,2,0,0,605.5636062187854,44.82170009507527,1,2,0.0056958158977439615,0.9817250701270814,110512,11670.321127044957,36.19516432604604,13804,76.27690753968254,1.9730728710714287,11819.7452367,179,1026743.34196,1,25,0.40700038301758934,0.162063,0.162063,0.162063,0.163094,0.0,0.0,0.0,0.0,0.0,0.0,0.0,0.0,18.370721372755487,17.0,26.0,26.0,0.021771841696150797,0.021937,0.021937,0.021937,2869.7353190258395,1.1821,40364.4657,972516.2101,4120.8731462589485,0.0,46554.16964,951693.821,0.067270765,0.0,2.236,5.886,0.0021349299603174604,0.004,0.004,0.004,0.09746573261904762,0.112,0.282,0.282,5449.421531578334,2.07,53595.397,951720.229,0.0,0.0,0.0,0.0,0.01601197470238095,0.03,0.03,0.03,5449.535009285655,2.312,53595.397,951720.229,0.5337324900793651,1.0,1.0,1.0,0.002668465515873016,0.004,0.006,0.006,1.4682529912698412,0.0,4.446,7.966,9.967095912349405,0.0,29.6737,32.8941,0.0037141933333333333,0.004,0.004,0.004,0.6246255620700396,0.164026,1.15187,1.15187,0.006781911693253969,0.007974,0.007974,0.007974,12442.87071352773,4.385937,99397.641937,1028041.252906,12461.241434900483,21.985937,99423.641937,1028059.253937,12443.132941686032,4.648,99397.904,1028041.516,12461.50339134873,22.248,99423.904,1028059.516,3.153937,7.444906,16369.633937,150832.381937,4000000,1792868.0038030106
f8c474be81ccc857e6d3f62dccf9c3a7a02d6bcfb679c259a0d2f78fc01e29f6,0.003,9,1.0,20.0,1d1aa3115b8bb6684d2184daae664508beae2511ac5ef59374737f735f716a78,union_find,25280,7.485166139240507,100,25280,0,target,0.003977408320738207,0.0032373146043560438,0.004792065033657508,0.003937790859552126,3.993153035840192e-05,3.2477347856015234e-05,4.814944857873283e-05,False,25142,25142,100,0.003955696202531646,0,3,0,0,0,0,0.005254742416083086,0.0460936499528721,2,0,0,490.90362521834993,37.246188647007344,1,2,0.01463100870086678,0.9535293205640368,60387,11763.311749896562,41.86331495189362,13776,73.43276501594836,1.9453153934661944,9593.136754612606,175,1026743.34196,1,25,0.31912802219579867,0.162063,0.162063,0.162063,0.163094,0.0,0.0,0.0,0.0,0.0,0.0,0.0,0.0,17.67101207724859,17.0,26.0,26.0,0.021768401618193694,0.021937,0.021937,0.021937,1922.5697786019134,0.0,29307.87046,972516.2101,3141.079990789905,0.0,38607.63364,951693.821,0.08169572257383965,0.0,2.306,5.756,0.002502749334438417,0.004,0.004,0.004,0.11337087637507534,0.192,0.282,0.282,4417.371105342434,1.84,46712.305,951720.229,0.0,0.0,0.0,0.0,0.018770620008288125,0.03,0.03,0.03,4417.503246838818,2.082,46712.305,951720.229,0.6256873336096042,1.0,1.0,1.0,0.003127079974131003,0.004,0.006,0.006,1.1723381028983322,0.0,4.336,8.526,8.013505989818478,0.0,29.5941,32.5421,0.0036927927215189876,0.004,0.004,0.004,0.5337885216177541,0.164026,1.15187,1.15187,0.006993730673724131,0.007974,0.007974,0.007974,9483.600917872936,3.725937,85279.977937,1028041.252906,9501.271929950184,20.474968,85305.977937,1028059.253937,9483.863149471317,3.988,85280.24,1028041.516,9501.533907065626,20.736,85306.24,1028059.516,3.165937,7.472906,14999.693937,152035.573937,2528000,941583.6489963457
