point_id,workload.arguments.physical_error_probability,qpu.distance,qpu.round_period_microseconds,configuration_id,algorithm,shots,windows_per_shot,logical_failures,scored_shots,unscored_shots,state,logical_error_rate_estimate,logical_error_rate_low,logical_error_rate_high,logical_error_rate_plan_unbiased,logical_error_rate_per_round,logical_error_rate_per_round_low,logical_error_rate_per_round_high,is_shot_rate_above_half,prefix_shots,prefix_scored_shots,prefix_failures,logical_error_rate_unscored_as_failures,low_confidence_windows,nonconverged_windows,invalid_correction_windows,empty_model_unsatisfiable_windows,backend_error_windows,provisional_no_correction_windows,throughput_windows_per_us,throughput_rounds_per_us,max_queued_windows,referee_windows_checked,referee_window_disagreements,load,sim_wall_seconds_per_shot,weak_queue_max,strong_queue_max,weak_busy_fraction,strong_busy_fraction,escalated_windows,strong_service_mean_us,strong_service_bound_us,parallel_processes_needed,weak_syndrome_weight_mean,weak_service_mean_us,strong_wait_mean_us,weak_syndrome_weight_max,strong_wait_max_us,strong_held_in_units_max,backlog_peak_rounds,escalated_fraction,cwb_per_round_mean_us,cwb_per_round_median_us,cwb_per_round_p99_us,cwb_per_round_max_us,cwb_stall_per_round_mean_us,cwb_stall_per_round_median_us,cwb_stall_per_round_p99_us,cwb_stall_per_round_max_us,csb_stall_per_round_mean_us,csb_stall_per_round_median_us,csb_stall_per_round_p99_us,csb_stall_per_round_max_us,buffer_fill_mean_us,buffer_fill_median_us,buffer_fill_p99_us,buffer_fill_max_us,admission_wait_mean_us,admission_wait_median_us,admission_wait_p99_us,admission_wait_max_us,dep_block_mean_us,dep_block_median_us,dep_block_p99_us,dep_block_max_us,compute_wait_mean_us,compute_wait_median_us,compute_wait_p99_us,compute_wait_max_us,queue_wait_mean_us,queue_wait_median_us,queue_wait_p99_us,queue_wait_max_us,input_link_per_window_mean_us,input_link_per_window_median_us,input_link_per_window_p99_us,input_link_per_window_max_us,fetch_mean_us,fetch_median_us,fetch_p99_us,fetch_max_us,algorithm_mean_us,algorithm_median_us,algorithm_p99_us,algorithm_max_us,backend_queue_wait_mean_us,backend_queue_wait_median_us,backend_queue_wait_p99_us,backend_queue_wait_max_us,release_mean_us,release_median_us,release_p99_us,release_max_us,service_mean_us,service_median_us,service_p99_us,service_max_us,confidence_mean_us,confidence_median_us,confidence_p99_us,confidence_max_us,selection_wait_mean_us,selection_wait_median_us,selection_wait_p99_us,selection_wait_max_us,weak_attempt_mean_us,weak_attempt_median_us,weak_attempt_p99_us,weak_attempt_max_us,escalation_link_per_window_mean_us,escalation_link_per_window_median_us,escalation_link_per_window_p99_us,escalation_link_per_window_max_us,dd_per_window_mean_us,dd_per_window_median_us,dd_per_window_p99_us,dd_per_window_max_us,output_link_per_window_mean_us,output_link_per_window_median_us,output_link_per_window_p99_us,output_link_per_window_max_us,frame_commit_mean_us,frame_commit_median_us,frame_commit_p99_us,frame_commit_max_us,buffer0_ready_to_frame_mean_us,buffer0_ready_to_frame_median_us,buffer0_ready_to_frame_p99_us,buffer0_ready_to_frame_max_us,buffer0_first_round_to_frame_mean_us,buffer0_first_round_to_frame_median_us,buffer0_first_round_to_frame_p99_us,buffer0_first_round_to_frame_max_us,qpu_last_round_to_frame_mean_us,qpu_last_round_to_frame_median_us,qpu_last_round_to_frame_p99_us,qpu_last_round_to_frame_max_us,qpu_first_round_to_frame_mean_us,qpu_first_round_to_frame_median_us,qpu_first_round_to_frame_p99_us,qpu_first_round_to_frame_max_us,buffer0_ready_to_frame_strong_median_us,buffer0_ready_to_frame_strong_p99_us,rounds,core_seconds
0630bdac1ba4a651b33102c330fb8284df033b4296218526e0c25749ef865572,0.005,13,1.0,37cc8bd55c98b1e81e45f4912fb3533bf67923140fe5f7b7e460074562fe00dd,measured_table,1525,8.0,103,1525,0,target,0.06693440428380187,0.054788976358764674,0.08014051896501788,0.06630944407233758,0.0007180783224601874,0.0005799619749251979,0.0008726776069459914,False,1494,1494,100,0.06754098360655737,0,387,0,0,0,0,3.328922873031665e-06,4.161153591289581e-05,6,0,0,31159.242306715005,330.8191213586103,0,6,0.0,0.9999881567307061,12200,405070.1464872959,12.5,44245,0.0,0.0,1271450.436774508,0,7808036.099,0,100,1.0,0.0,0.0,0.0,0.0,0.0,0.0,0.0,0.0,0.0,0.0,0.0,0.0,22.375315,25.0,25.00084,25.00084,0.022889999999999997,0.0231,0.0231,0.0231,401065.7311511475,198747.382,1302007.123,1302007.123,0.0,0.0,0.0,0.0,1271450.436774508,851870.757,5247725.943,7808036.099,0.0,0.0,0.0,0.0,0.0,0.0,0.0,0.0,405070.1464872951,201453.299,1302007.115,1302007.115,0.0,0.0,0.0,0.0,0.0,0.0,0.0,0.0,405070.1464872951,201453.299,1302007.115,1302007.115,0.0,0.0,0.0,0.0,0.0,0.0,0.0,0.0,0.0,0.0,0.0,0.0,0.0,0.0,0.0,0.0,0.0035,0.004,0.004,0.004,1.15187,1.15187,1.15187,1.15187,0.005622622950819673,0.00513,0.00713,0.00713,2077587.4947955739,1771178.93026,6236523.76226,9202723.01026,2077609.8701105737,1771199.9311,6236531.7631,9202731.0111,2077588.7479055736,1771180.184,6236525.016,9202724.264,2077611.1229055736,1771201.184,6236533.016,9202732.264,1771178.93026,6236523.76226,152500,504499.16007188073
08e80c6fb098f98680fee45279c660e12a40b8c404315b74ee3fd8c1c48761b4,0.002,7,1.0,37cc8bd55c98b1e81e45f4912fb3533bf67923140fe5f7b7e460074562fe00dd,measured_table,800,15.0,2,800,0,running,0.0025,0.00030290512152391936,0.009001418005072126,,2.5062080988828208e-05,3.0299599203999292e-06,9.082604276020194e-05,False,800,800,2,0.0025,0,0,0,0,0,0,0.0011452537426160463,0.007635024950773641,13,0,0,142.31552177380954,1.126757405375247,0,13,0.0,0.9987415661524837,12000,996.2049190833345,6.666666666666667,298,0.0,0.0,6425.965001,0,61712.558,0,100,1.0,0.0,0.0,0.0,0.0,0.0,0.0,0.0,0.0,0.0,0.0,0.0,0.0,11.866714666666667,13.0,13.00024,13.00024,0.020267999999999998,0.0203,0.0203,0.0203,974.5238165833334,602.21,6262.562,47742.329,0.0,0.0,0.0,0.0,6425.965001,5334.437,28396.269,61712.558,0.0,0.0,0.0,0.0,0.0,0.0,0.0,0.0,996.2049190833334,602.202,6321.516,47742.321,0.0,0.0,0.0,0.0,0.0,0.0,0.0,0.0,996.2049190833334,602.202,6321.516,47742.321,0.0,0.0,0.0,0.0,0.0,0.0,0.0,0.0,0.0,0.0,0.0,0.0,0.0,0.0,0.0,0.0,0.0037333333333333333,0.004,0.004,0.004,1.15187,1.15187,1.15187,1.15187,0.005620333333333333,0.00513,0.00713,0.00713,8397.871495,7309.4283,32087.3323,62416.97206,8409.738209666666,7322.4283,32091.8483,62417.9723,8399.123227,7310.68,32088.584,62418.224,8410.989893666667,7323.68,32093.1,62419.224,7309.4283,32087.3323,80000,901.4059243001975
0f21b239c7083153f88726f0fa01fe4a162cbc83c2ee618d41ce3731dc28bfbc,0.005,9,1.0,37cc8bd55c98b1e81e45f4912fb3533bf67923140fe5f7b7e460074562fe00dd,measured_table,1812,12.0,106,1812,0,target,0.057803468208092484,0.04727543935838439,0.06927184996052585,0.05725853094274147,0.0006138911943738472,0.0004963744081104385,0.0007450990237224948,False,1730,1730,100,0.05849889624724062,0,0,0,0,0,0,6.341914986520844e-05,0.0005284929155434038,10,0,0,2409.445683253618,16.60468562880718,0,10,0.0,0.9998917795818437,21744,21685.007482615907,8.333333333333334,7851,0.0,0.0,114546.60363065674,0,1658316.809,0,100,1.0,0.0,0.0,0.0,0.0,0.0,0.0,0.0,0.0,0.0,0.0,0.0,0.0,14.916733333333333,17.0,17.0004,17.0004,0.02391333333333333,0.02398,0.02398,0.02398,21640.63096012693,9593.465,193194.661,704929.199,0.0,0.0,0.0,0.0,114546.60363065674,74321.917,675784.618,1658316.809,0.0,0.0,0.0,0.0,0.0,0.0,0.0,0.0,21685.007482615893,9593.457,193203.657,704929.191,0.0,0.0,0.0,0.0,0.0,0.0,0.0,0.0,21685.007482615893,9593.457,193203.657,704929.191,0.0,0.0,0.0,0.0,0.0,0.0,0.0,0.0,0.0,0.0,0.0,0.0,0.0,0.0,0.0,0.0,0.0036666666666666666,0.004,0.004,0.004,1.15187,1.15187,1.15187,1.15187,0.005632391464311995,0.00613,0.00713,0.00713,157873.42348912437,116461.29598,800649.97958,1695632.62758,157888.3402224577,116478.29598,800649.97958,1695632.62758,157874.675575791,116462.548,800651.232,1695633.88,157889.59224245767,116479.548,800651.232,1695633.88,116461.29598,800649.97958,181200,30087.690359398606
144ed538f0bda7f190c095b94eecd2c543470df9e00d12ee15c74c713f96f0ae,0.003,7,1.0,37cc8bd55c98b1e81e45f4912fb3533bf67923140fe5f7b7e460074562fe00dd,measured_table,8621,15.0,107,8621,0,target,0.012065637065637066,0.00982756878161291,0.014525409196715218,0.011946422106914444,0.00012212110300219354,9.924449309841201e-05,0.00014738401469227943,False,8288,8288,100,0.012411553184085372,0,0,0,0,0,0,0.0007041040797495256,0.004694027198330171,13,0,0,238.69182814831998,1.758623977921918,0,13,0.0,0.9992262584269517,129315,1670.839063704912,6.666666666666667,2373,0.0,0.0,10899.075852128524,0,496026.65,0,100,1.0,0.0,0.0,0.0,0.0,0.0,0.0,0.0,0.0,0.0,0.0,0.0,0.0,11.866714666666667,13.0,13.00024,13.00024,0.020267999999999998,0.0203,0.0203,0.0203,1641.9740539303252,916.674,11264.505,342574.806,0.0,0.0,0.0,0.0,10899.075852128524,8583.139,49497.597,496026.65,0.0,0.0,0.0,0.0,0.0,0.0,0.0,0.0,1670.8390637049065,926.493,11293.978,342581.802,0.0,0.0,0.0,0.0,0.0,0.0,0.0,0.0,1670.8390637049065,926.493,11293.978,342581.802,0.0,0.0,0.0,0.0,0.0,0.0,0.0,0.0,0.0,0.0,0.0,0.0,0.0,0.0,0.0,0.0,0.003733333333333333,0.004,0.004,0.004,1.15187,1.15187,1.15187,1.15187,0.005632462977999459,0.00613,0.00713,0.00713,14213.066740226734,11901.3283,56127.69206,498155.97606,14224.9334548934,11912.9843,56128.6923,498156.9763,14214.318472226732,11902.58,56128.944,498157.228,14226.1851388934,11914.236,56129.944,498158.228,11901.3283,56127.69206,862100,15161.097313664854
1a87704544b79f5c668dd2f4313834fe738ab17eadfc75e37a40601b6e60ec2d,0.001,5,1.0,37cc8bd55c98b1e81e45f4912fb3533bf67923140fe5f7b7e460074562fe00dd,measured_table,39900,20.0,87,39900,0,running,0.002202247191011236,0.0016296650906636257,0.002910454804196252,,2.2070626591049368e-05,1.632300039271577e-05,2.9188733656447225e-05,False,22250,22250,49,0.0021804511278195487,0,0,0,0,0,0,0.003003124238356479,0.015015621191782394,18,0,0,71.5521527150376,0.36719849916484576,0,18,0.0,0.9981228963181852,798000,357.75696357518876,5.0,245,0.0,0.0,3044.156949829574,0,48436.249,0,100,1.0,0.0,0.0,0.0,0.0,0.0,0.0,0.0,0.0,0.0,0.0,0.0,0.0,8.750018,9.0,9.00012,9.00012,0.020527999999999998,0.02054,0.02054,0.02054,344.03144905889724,238.611,1899.374,28933.451,0.0,0.0,0.0,0.0,3044.156949829574,2730.869,10373.519,48436.249,0.0,0.0,0.0,0.0,0.0,0.0,0.0,0.0,357.75696357518797,248.43,1928.847,28933.443,0.0,0.0,0.0,0.0,0.0,0.0,0.0,0.0,357.75696357518797,248.43,1928.847,28933.443,0.0,0.0,0.0,0.0,0.0,0.0,0.0,0.0,0.0,0.0,0.0,0.0,0.0,0.0,0.0,0.0,0.0038,0.004,0.004,0.004,1.15187,1.15187,1.15187,1.15187,0.005631541353383458,0.00513,0.00713,0.00713,3747.123392005012,3442.86854,11462.56454,48767.23642,3755.8734100050124,3451.86854,11469.32054,48771.23654,3748.3748640050126,3444.12,11463.816,48768.488,3757.1248640050126,3453.12,11470.572,48772.488,3442.86854,11462.56454,3990000,14651.220116677345
34039e83c46cf612f84641136ca32182aa94b4d9680598fa46cd37d3a4418714,0.0005,5,1.0,37cc8bd55c98b1e81e45f4912fb3533bf67923140fe5f7b7e460074562fe00dd,measured_table,800,20.0,0,800,0,running,,,0.004600484520745439,,,,4.6215661015376005e-05,,800,800,0,0.0,0,0,0,0,0,0,0.004046339419568215,0.020231697097841072,18,0,0,52.030130987499994,0.3396437231159507,0,18,0.0,0.9974711284123933,16000,260.1468549375001,5.0,60,0.0,0.0,2201.9339533125003,0,11388.459,0,100,1.0,0.0,0.0,0.0,0.0,0.0,0.0,0.0,0.0,0.0,0.0,0.0,0.0,8.750018,9.0,9.00012,9.00012,0.020528,0.02054,0.02054,0.02054,249.4727224375,159.995,1290.1,7314.051,0.0,0.0,0.0,0.0,2201.9339533125003,2014.361,7401.798,11388.459,0.0,0.0,0.0,0.0,0.0,0.0,0.0,0.0,260.1468549375,169.814,1299.919,7314.043,0.0,0.0,0.0,0.0,0.0,0.0,0.0,0.0,260.1468549375,169.814,1299.919,7314.043,0.0,0.0,0.0,0.0,0.0,0.0,0.0,0.0,0.0,0.0,0.0,0.0,0.0,0.0,0.0,0.0,0.0038,0.004,0.004,0.004,1.15187,1.15187,1.15187,1.15187,0.0056353125000000006,0.00613,0.00713,0.00713,2712.7315639999997,2527.58054,8152.24442,11719.44442,2721.481582,2536.58054,8156.24454,11723.44454,2713.9830359999996,2528.832,8153.496,11720.696,2722.7330359999996,2537.832,8157.496,11724.696,2527.58054,8152.24442,80000,271.71497849276057
93f998392bd88f223cee6b869b945e8ede6294f71cc11e0e761bde914d5c3177,0.004,11,1.0,37cc8bd55c98b1e81e45f4912fb3533bf67923140fe5f7b7e460074562fe00dd,measured_table,40000,10.0,256,40000,0,target,0.006718172657037286,0.005469418512210287,0.008092023614482018,0.006651437785541521,6.76325745081217e-05,5.4992505704034215e-05,8.157554116146718e-05,False,14885,14885,100,0.0064,0,109,0,0,0,0,4.60675593148507e-05,0.000460675593148507,8,0,0,2911.900197887273,21.54039239053898,0,8,0.0,0.9998872765020418,400000,32030.898576760083,10.0,14092,0.0,0.0,138961.71617912,0,3002460.544,0,100,1.0,0.0,0.0,0.0,0.0,0.0,0.0,0.0,0.0,0.0,0.0,0.0,0.0,17.90012,21.0,21.0006,21.0006,0.02346,0.02358,0.02358,0.02358,31974.789973607498,13641.825,316486.869,951720.237,0.0,0.0,0.0,0.0,138961.71617912,81283.363,1033414.039,3002460.544,0.0,0.0,0.0,0.0,0.0,0.0,0.0,0.0,32030.89857676,13641.817,316656.097,951720.229,0.0,0.0,0.0,0.0,0.0,0.0,0.0,0.0,32030.89857676,13641.817,316656.097,951720.229,0.0,0.0,0.0,0.0,0.0,0.0,0.0,0.0,0.0,0.0,0.0,0.0,0.0,0.0,0.0,0.0,0.0036,0.004,0.004,0.004,1.15187,1.15187,1.15187,1.15187,0.0056317525,0.00613,0.00713,0.00713,202968.58569124,140696.28758,1207004.21958,3099974.42298,202986.48581124,140713.78358,1207025.21958,3099974.42298,202969.83823124002,140697.54,1207005.472,3099975.676,202987.73823124002,140715.036,1207026.472,3099975.676,140696.28758,1207004.21958,4000000,861615.6956215592
95dbf643c732f27a1a31c4e7cebd800fb8498c533664ee35f2e5f813676ef827,0.001,7,1.0,37cc8bd55c98b1e81e45f4912fb3533bf67923140fe5f7b7e460074562fe00dd,measured_table,800,15.0,0,800,0,running,,,0.004600484520745439,,,,4.6215661015376005e-05,,800,800,0,0.0,0,0,0,0,0,0,0.001956991940467945,0.013046612936452968,13,0,0,79.09433619047618,0.8606214411274413,0,13,0.0,0.997849865948257,12000,553.6566199999988,6.666666666666667,231,0.0,0.0,3489.6508496666665,0,28664.357,0,100,1.0,0.0,0.0,0.0,0.0,0.0,0.0,0.0,0.0,0.0,0.0,0.0,0.0,11.866714666666667,13.0,13.00024,13.00024,0.020267999999999998,0.0203,0.0203,0.0203,537.375454,395.843,2813.285,23351.715,0.0,0.0,0.0,0.0,3489.6508496666665,3082.709,12666.724,28664.357,0.0,0.0,0.0,0.0,0.0,0.0,0.0,0.0,553.65662,405.662,2813.277,23351.707,0.0,0.0,0.0,0.0,0.0,0.0,0.0,0.0,553.65662,405.662,2813.277,23351.707,0.0,0.0,0.0,0.0,0.0,0.0,0.0,0.0,0.0,0.0,0.0,0.0,0.0,0.0,0.0,0.0,0.0037333333333333333,0.004,0.004,0.004,1.15187,1.15187,1.15187,1.15187,0.005651000000000001,0.00613,0.00713,0.00713,4581.860712666667,4212.3723,14300.4603,48246.43606,4593.727427333333,4225.3723,14313.4603,48247.4363,4583.112444666666,4213.624,14301.712,48247.688,4594.979111333333,4226.624,14314.712,48248.688,4212.3723,14300.4603,80000,688.4971529019531
9ded9cf8eb8d8be09306f96c3e96d1b9294aac905e86fe946d01c4b8cbab8a12,0.003,11,1.0,37cc8bd55c98b1e81e45f4912fb3533bf67923140fe5f7b7e460074562fe00dd,measured_table,40000,10.0,39,40000,0,running,0.000975,0.000693409322989967,0.0013326185834680716,,9.759423378642897e-06,6.938857696597481e-06,1.3343798114802718e-05,False,40000,40000,39,0.000975,0,17,0,0,0,0,0.00010853553754960752,0.0010853553754960753,8,0,0,1105.9285579570453,9.181561570614154,0,8,0.0,0.9997344268964659,400000,12165.210537527522,10.0,9490,0.0,0.0,52176.01275575,0,2080574.54,0,100,1.0,0.0,0.0,0.0,0.0,0.0,0.0,0.0,0.0,0.0,0.0,0.0,0.0,17.90012,21.0,21.0006,21.0006,0.02346,0.02358,0.02358,0.02358,12122.4005923675,6442.269,92916.057,951720.237,0.0,0.0,0.0,0.0,52176.01275575,35079.619,309635.008,2080574.54,0.0,0.0,0.0,0.0,0.0,0.0,0.0,0.0,12165.2105375275,6442.261,92942.421,951720.229,0.0,0.0,0.0,0.0,0.0,0.0,0.0,0.0,12165.2105375275,6442.261,92942.421,951720.229,0.0,0.0,0.0,0.0,0.0,0.0,0.0,0.0,0.0,0.0,0.0,0.0,0.0,0.0,0.0,0.0,0.0036,0.004,0.004,0.004,1.15187,1.15187,1.15187,1.15187,0.005629905,0.00613,0.00713,0.00713,76464.80484555,58633.63158,381940.78698,2087698.81098,76482.70496555,58645.65898,381940.78698,2087698.81098,76466.05738555,58634.884,381942.04,2087700.064,76483.95738554999,58646.912,381942.04,2087700.064,58633.63158,381940.78698,4000000,367262.4628245662
bb1b42d19c70ee21cd70e6fc51ccb8bef86b6390ba981731188bf0756b8d1923,0.004,13,1.0,37cc8bd55c98b1e81e45f4912fb3533bf67923140fe5f7b7e460074562fe00dd,measured_table,20203,8.0,99,20203,0,running,0.004900262337276642,0.0039844227416881385,0.0059627121953199115,,4.924190468664655e-05,4.0002231874539176e-05,5.998191536633158e-05,False,20203,20203,99,0.004900262337276642,0,286,0,0,0,0,1.3629533170961765e-05,0.00017036916463702208,6,0,0,8809.682447689604,60.79734922350793,0,6,0.0,0.9999515106409705,161624,114525.86831996517,12.5,31893,0.0,0.0,357770.92394229816,0,5700950.341,0,100,1.0,0.0,0.0,0.0,0.0,0.0,0.0,0.0,0.0,0.0,0.0,0.0,0.0,22.375315,25.0,25.00084,25.00084,0.02289,0.0231,0.0231,0.0231,112646.33654676905,47504.214,1299337.277,1302007.123,0.0,0.0,0.0,0.0,357770.92394229816,180620.962,2477123.129,5700950.341,0.0,0.0,0.0,0.0,0.0,0.0,0.0,0.0,114525.86831996487,48442.26,1299337.269,1302007.115,0.0,0.0,0.0,0.0,0.0,0.0,0.0,0.0,114525.86831996487,48442.26,1299337.269,1302007.115,0.0,0.0,0.0,0.0,0.0,0.0,0.0,0.0,0.0,0.0,0.0,0.0,0.0,0.0,0.0,0.0,0.0034999999999999996,0.004,0.004,0.004,1.15187,1.15187,1.15187,1.15187,0.005631342622382815,0.00613,0.00713,0.00713,584944.3092003746,390790.48226,2887533.6871,6633634.87026,584966.6845153747,390808.4831,2887558.6871,6633642.8711,584945.5623103747,390791.736,2887534.94,6633636.124,584967.9373103747,390809.736,2887559.94,6633644.124,390790.48226,2887533.6871,2020300,1228288.8463625307
c420d7a34216bd2dfe11c334d6135852dbc9f0ec02f45acf57948194f970a78d,0.005,7,1.0,37cc8bd55c98b1e81e45f4912fb3533bf67923140fe5f7b7e460074562fe00dd,measured_table,1134,15.0,105,1134,0,target,0.09082652134423251,0.07450975429884962,0.10848229684367565,0.09,0.0010013403723144996,0.0008061797497216437,0.001221392592362461,False,1101,1101,100,0.09259259259259259,0,0,0,0,0,0,0.00030393188877618206,0.002026212591841214,13,0,0,567.8704660451835,3.447275545233405,0,13,0.0,0.9996659851367748,17010,3975.089528982952,6.666666666666667,2213,0.0,0.0,26082.967042621985,0,463371.529,0,100,1.0,0.0,0.0,0.0,0.0,0.0,0.0,0.0,0.0,0.0,0.0,0.0,0.0,11.866714666666667,13.0,13.00024,13.00024,0.020267999999999998,0.0203,0.0203,0.0203,3927.4154482069366,2086.087,27164.591,353509.434,0.0,0.0,0.0,0.0,26082.967042621985,20247.582,125456.789,463371.529,0.0,0.0,0.0,0.0,0.0,0.0,0.0,0.0,3975.0895289829514,2115.56,27164.583,353509.426,0.0,0.0,0.0,0.0,0.0,0.0,0.0,0.0,3975.0895289829514,2115.56,27164.583,353509.426,0.0,0.0,0.0,0.0,0.0,0.0,0.0,0.0,0.0,0.0,0.0,0.0,0.0,0.0,0.0,0.0,0.0037333333333333333,0.004,0.004,0.004,1.15187,1.15187,1.15187,1.15187,0.005627413286302175,0.00613,0.00713,0.00713,33986.64978522516,28069.6403,141112.3083,464636.08006,33998.51649989183,28082.6403,141125.3083,464637.0803,33987.90151722516,28070.892,141113.56,464637.332,33999.76818389183,28083.892,141126.56,464638.332,28069.6403,141112.3083,113400,3909.210468294681
c769c74d20c93feecb07b72bd205fbd6d19f9a67493b0b3a2d568e8e702fc184,0.004,7,1.0,37cc8bd55c98b1e81e45f4912fb3533bf67923140fe5f7b7e460074562fe00dd,measured_table,2500,15.0,122,2500,0,target,0.05025125628140704,0.041070551476973596,0.060266959115057035,0.049773755656108594,0.00052931472245247,0.00042837442595857833,0.0006417891583897786,False,1990,1990,100,0.0488,0,0,0,0,0,0,0.0004580653134581383,0.0030537687563875885,13,0,0,372.6287354361905,2.1925489833861356,0,13,0.0,0.9994966094744901,37500,2608.397414719992,6.666666666666667,2094,0.0,0.0,17034.018760773335,0,439049.704,0,100,1.0,0.0,0.0,0.0,0.0,0.0,0.0,0.0,0.0,0.0,0.0,0.0,0.0,11.866714666666667,13.0,13.00024,13.00024,0.020267999999999998,0.0203,0.0203,0.0203,2572.6276043733333,1408.024,18202.367,353647.012,0.0,0.0,0.0,0.0,17034.018760773335,13189.106,79174.515,439049.704,0.0,0.0,0.0,0.0,0.0,0.0,0.0,0.0,2608.39741472,1417.843,18212.186,353647.004,0.0,0.0,0.0,0.0,0.0,0.0,0.0,0.0,2608.39741472,1417.843,18212.186,353647.004,0.0,0.0,0.0,0.0,0.0,0.0,0.0,0.0,0.0,0.0,0.0,0.0,0.0,0.0,0.0,0.0,0.0037333333333333337,0.004,0.004,0.004,1.15187,1.15187,1.15187,1.15187,0.005635573333333334,0.00613,0.00713,0.00713,22216.22155344,18458.8323,92467.5203,439557.57606,22228.088268106665,18470.2803,92480.5203,439558.5763,22217.473285440003,18460.084,92468.772,439558.828,22229.339952106668,18471.532,92481.772,439559.828,18458.8323,92467.5203,250000,5481.372458465339
d57c569b17e304155edfefe36b0ca6ff34a0481a61bd53e32c0a205f9186b094,0.005,5,1.0,37cc8bd55c98b1e81e45f4912fb3533bf67923140fe5f7b7e460074562fe00dd,measured_table,625,20.0,137,625,0,target,0.21505376344086022,0.17854824224858185,0.2534873481538753,0.21336206896551724,0.002803647948176238,0.0022039314634380264,0.003523500211859813,False,465,465,100,0.2192,0,0,0,0,0,0,0.0007803182742140778,0.0039015913710703887,18,0,0,281.312609104,0.7348682043816894,0,18,0.0,0.999512132609794,12500,1406.5592455200008,5.0,382,0.0,0.0,11907.658184720001,0,75293.44,0,100,1.0,0.0,0.0,0.0,0.0,0.0,0.0,0.0,0.0,0.0,0.0,0.0,0.0,8.750018,9.0,9.00012,9.00012,0.020527999999999998,0.02054,0.02054,0.02054,1364.3536112,808.577,7962.633,42229.382,0.0,0.0,0.0,0.0,11907.658184720001,10516.957,39757.627,75293.44,0.0,0.0,0.0,0.0,0.0,0.0,0.0,0.0,1406.5592455199999,838.05,8011.76,42229.374,0.0,0.0,0.0,0.0,0.0,0.0,0.0,0.0,1406.5592455199999,838.05,8011.76,42229.374,0.0,0.0,0.0,0.0,0.0,0.0,0.0,0.0,0.0,0.0,0.0,0.0,0.0,0.0,0.0,0.0,0.0038,0.004,0.004,0.004,1.15187,1.15187,1.15187,1.15187,0.00562328,0.00513,0.00713,0.00713,14679.74906272,13198.83654,44020.79642,76253.35642,14688.499080720001,13207.83654,44024.79654,76257.35654,14681.00053472,13200.088,44022.048,76254.608,14689.75053472,13209.088,44026.048,76258.608,13198.83654,44020.79642,62500,459.2926277385559
da8c4062eb522ef2dba9adb835b76830461e7b3b6a3b69f60620fdc05e6bc7c6,0.003,9,1.0,37cc8bd55c98b1e81e45f4912fb3533bf67923140fe5f7b7e460074562fe00dd,measured_table,27702,12.0,100,27702,0,target,0.003678228565123037,0.0029937253857165243,0.004431736701563069,0.0036415802251158684,3.691688358548429e-05,3.0026335517177938e-05,4.451295670782646e-05,False,27187,27187,100,0.003609847664428561,0,4,0,0,0,0,0.00022684342267276832,0.0018903618556064025,10,0,0,609.954965748562,4.043241421035441,0,10,0.0,0.9996129201180923,332424,5489.591025070399,8.333333333333334,6792,0.0,0.0,28294.559794951627,0,1464666.647,0,100,1.0,0.0,0.0,0.0,0.0,0.0,0.0,0.0,0.0,0.0,0.0,0.0,0.0,14.916733333333333,17.0,17.0004,17.0004,0.02391333333333333,0.02398,0.02398,0.02398,5459.565435221284,3030.377,39146.894,704929.199,0.0,0.0,0.0,0.0,28294.559794951627,20762.431,143950.82,1464666.647,0.0,0.0,0.0,0.0,0.0,0.0,0.0,0.0,5489.591025070392,3030.369,39185.952,704929.191,0.0,0.0,0.0,0.0,0.0,0.0,0.0,0.0,5489.591025070392,3030.369,39185.952,704929.191,0.0,0.0,0.0,0.0,0.0,0.0,0.0,0.0,0.0,0.0,0.0,0.0,0.0,0.0,0.0,0.0,0.0036666666666666666,0.004,0.004,0.004,1.15187,1.15187,1.15187,1.15187,0.005632535917984261,0.00613,0.00713,0.00713,39244.89767111256,31518.51998,169628.50798,1466960.15958,39259.81440444588,31535.51998,169645.50838,1466960.15958,39246.14975777922,31519.772,169629.76,1466961.412,39261.06642444588,31536.772,169646.76,1466961.412,31518.51998,169628.50798,2770200,112005.8738455238
dd94a04176f673d627df81203cece1f82cd7a8d67edb3953aa21025e7c900d23,0.003,5,1.0,37cc8bd55c98b1e81e45f4912fb3533bf67923140fe5f7b7e460074562fe00dd,measured_table,3334,20.0,160,3334,0,target,0.048947626040137054,0.04000036215983024,0.05871116854060819,0.0484818805093046,0.0005148579249449852,0.0004167382139170853,0.0006241525627727775,False,2043,2043,100,0.04799040191961608,0,0,0,0,0,0,0.0013429664068944362,0.0067148320344721825,18,0,0,164.4823902579484,0.6481559040238153,0,18,0.0,0.9991604162181946,66680,822.4081512897421,5.0,603,0.0,0.0,7040.94851604679,0,119996.463,0,100,1.0,0.0,0.0,0.0,0.0,0.0,0.0,0.0,0.0,0.0,0.0,0.0,0.0,8.750018,9.0,9.00012,9.00012,0.020527999999999998,0.02054,0.02054,0.02054,794.8931670215957,474.459,4886.782,86460.709,0.0,0.0,0.0,0.0,7040.94851604679,6097.048,25209.185,119996.463,0.0,0.0,0.0,0.0,0.0,0.0,0.0,0.0,822.408151289742,484.278,4926.082,86460.701,0.0,0.0,0.0,0.0,0.0,0.0,0.0,0.0,822.408151289742,484.278,4926.082,86460.701,0.0,0.0,0.0,0.0,0.0,0.0,0.0,0.0,0.0,0.0,0.0,0.0,0.0,0.0,0.0,0.0,0.0038,0.004,0.004,0.004,1.15187,1.15187,1.15187,1.15187,0.005627855428914217,0.00513,0.00713,0.00713,8659.427860213558,7726.06054,27500.22854,120415.89242,8668.177878213557,7735.06054,27509.22854,120419.89254,8660.679332213556,7727.312,27501.48,120417.144,8669.429332213556,7736.312,27510.48,120421.144,7726.06054,27500.22854,333400,2160.9517840154003
e5b67db828f56eab649a299fcfe87b917c4f0118e7cbb3346d657398c2a59623,0.005,11,1.0,37cc8bd55c98b1e81e45f4912fb3533bf67923140fe5f7b7e460074562fe00dd,measured_table,5000,10.0,173,5000,0,target,0.032605151613955004,0.026605924700484302,0.039172674506347684,0.03228962818003914,0.00033705483411213243,0.00027332484944385827,0.00040775709711095536,False,3067,3067,100,0.0346,0,127,0,0,0,0,1.634235050926282e-05,0.00016342350509262817,8,0,0,8527.856844807273,77.56649936417038,0,8,0.0,0.9999600112716779,50000,93806.42169288,10.0,20163,0.0,0.0,410175.46080560004,0,4425625.524,0,100,1.0,0.0,0.0,0.0,0.0,0.0,0.0,0.0,0.0,0.0,0.0,0.0,0.0,17.90012,21.0,21.0006,21.0006,0.02346,0.02358,0.02358,0.02358,93740.17061846,35345.981,950533.497,951720.237,0.0,0.0,0.0,0.0,410175.46080560004,230406.514,2286716.967,4425625.524,0.0,0.0,0.0,0.0,0.0,0.0,0.0,0.0,93806.42169288,35345.973,950533.489,951720.229,0.0,0.0,0.0,0.0,0.0,0.0,0.0,0.0,93806.42169288,35345.973,950533.489,951720.229,0.0,0.0,0.0,0.0,0.0,0.0,0.0,0.0,0.0,0.0,0.0,0.0,0.0,0.0,0.0,0.0,0.0036,0.004,0.004,0.004,1.15187,1.15187,1.15187,1.15187,0.00563354,0.00613,0.00713,0.00713,597723.23408048,412591.60758,2568722.43958,4435733.32298,597741.13420048,412612.60758,2568743.43958,4435733.32298,597724.48662048,412592.86,2568723.692,4435734.576,597742.38662048,412613.86,2568744.692,4435734.576,412591.60758,2568722.43958,500000,387832.4968208519
e94ad8395cbfbada83489ea3aac8e9805773a652d721bcc5a6821a9385ef9559,0.004,9,1.0,37cc8bd55c98b1e81e45f4912fb3533bf67923140fe5f7b7e460074562fe00dd,measured_table,10000,12.0,174,10000,0,target,0.017035775127768313,0.013881921717570214,0.020498763654508007,0.0168682910206168,0.00017329754152271528,0.0001407629050984201,0.00020926432470193311,False,5870,5870,100,0.0174,0,3,0,0,0,0,0.00012209598290165882,0.0010174665241804903,10,0,0,1209.1021586944444,9.335755093671871,0,10,0.0,0.9997916539569746,120000,10881.915761583376,8.333333333333334,7119,0.0,0.0,56463.311838433336,0,1527074.582,0,100,1.0,0.0,0.0,0.0,0.0,0.0,0.0,0.0,0.0,0.0,0.0,0.0,0.0,14.916733333333335,17.0,17.0004,17.0004,0.02391333333333333,0.02398,0.02398,0.02398,10845.5173346,5276.672,88858.379,704929.199,0.0,0.0,0.0,0.0,56463.311838433336,38316.356,341011.289,1527074.582,0.0,0.0,0.0,0.0,0.0,0.0,0.0,0.0,10881.915761583332,5276.664,88858.371,704929.191,0.0,0.0,0.0,0.0,0.0,0.0,0.0,0.0,10881.915761583332,5276.664,88858.371,704929.191,0.0,0.0,0.0,0.0,0.0,0.0,0.0,0.0,0.0,0.0,0.0,0.0,0.0,0.0,0.0,0.0,0.0036666666666666666,0.004,0.004,0.004,1.15187,1.15187,1.15187,1.15187,0.0056349166666666665,0.00613,0.00713,0.00713,78191.92635286666,59177.24798,408785.93198,1537571.46758,78206.8430862,59188.81198,408802.93198,1537571.46758,78193.17843953332,59178.5,408787.184,1537572.72,78208.09510620001,59190.064,408804.184,1537572.72,59177.24798,408785.93198,1000000,93357.5509367187
e9a90006de1689b6558afdf4e4fda4f19c77f68ec1c176f80bc05bf7947aea9f,0.002,5,1.0,37cc8bd55c98b1e81e45f4912fb3533bf67923140fe5f7b7e460074562fe00dd,measured_table,5618,20.0,104,5618,0,target,0.01846381093057607,0.015047496780968532,0.022213960729523762,0.018282548476454295,0.00018809816513243153,0.00015276237783892353,0.00022717379008135196,False,5416,5416,100,0.018511925952296192,0,0,0,0,0,0,0.0019059028707816372,0.009529514353908185,18,0,0,114.90501512281949,0.4874601227454353,0,18,0.0,0.9988085652094463,112360,574.5212756140971,5.0,315,0.0,0.0,4949.290988661445,0,62262.838,0,100,1.0,0.0,0.0,0.0,0.0,0.0,0.0,0.0,0.0,0.0,0.0,0.0,0.0,8.750018,9.0,9.00012,9.00012,0.020527999999999998,0.02054,0.02054,0.02054,555.0667850836596,356.535,3432.386,31704.665,0.0,0.0,0.0,0.0,4949.290988661445,4330.429,17980.995,62262.838,0.0,0.0,0.0,0.0,0.0,0.0,0.0,0.0,574.5212756140975,366.354,3452.032,31704.657,0.0,0.0,0.0,0.0,0.0,0.0,0.0,0.0,574.5212756140975,366.354,3452.032,31704.657,0.0,0.0,0.0,0.0,0.0,0.0,0.0,0.0,0.0,0.0,0.0,0.0,0.0,0.0,0.0,0.0,0.0038000000000000004,0.004,0.004,0.004,1.15187,1.15187,1.15187,1.15187,0.005631192595229619,0.00513,0.00713,0.00713,6080.057078551798,5484.64454,19722.58854,62878.80842,6088.807096551797,5493.64454,19731.58854,62882.80854,6081.308550551797,5485.896,19723.84,62880.06,6090.058550551797,5494.896,19732.84,62884.06,5484.64454,19722.58854,561800,2738.5509695838555
eab9188ae677775ee8d3a43f88a6389564fa8cb0db142d28b8bffcb8f3cfe75e,0.004,5,1.0,37cc8bd55c98b1e81e45f4912fb3533bf67923140fe5f7b7e460074562fe00dd,measured_table,1667,20.0,175,1667,0,target,0.11086474501108648,0.0911185495380313,0.13214251374171856,0.10987791342952276,0.001251835866568124,0.0010049029977101324,0.0015322100295277275,False,902,902,100,0.10497900419916016,0,0,0,0,0,0,0.0010052561083279694,0.005026280541639846,18,0,0,218.28206142171567,0.5991446717165831,0,18,0.0,0.9993715155593025,33340,1091.4065071085795,5.0,347,0.0,0.0,9362.444333323336,0,67874.055,0,100,1.0,0.0,0.0,0.0,0.0,0.0,0.0,0.0,0.0,0.0,0.0,0.0,0.0,8.750018,9.0,9.00012,9.00012,0.020527999999999998,0.02054,0.02054,0.02054,1057.4976356928614,612.037,6252.735,25543.136,0.0,0.0,0.0,0.0,9362.444333323336,8178.131,31894.649,67874.055,0.0,0.0,0.0,0.0,0.0,0.0,0.0,0.0,1091.4065071085784,631.683,6301.862,25543.128,0.0,0.0,0.0,0.0,0.0,0.0,0.0,0.0,1091.4065071085784,631.683,6301.862,25543.128,0.0,0.0,0.0,0.0,0.0,0.0,0.0,0.0,0.0,0.0,0.0,0.0,0.0,0.0,0.0,0.0,0.0038,0.004,0.004,0.004,1.15187,1.15187,1.15187,1.15187,0.005634799040191961,0.00613,0.00713,0.00713,11512.526508923815,10393.66054,34987.02442,69158.26042,11521.276526923815,10402.66054,34993.78054,69162.26054,11513.777980923816,10394.912,34988.276,69159.512,11522.527980923816,10403.912,34995.032,69163.512,10393.66054,34987.02442,166700,998.7741677515442
fc89ff187e8b42309ebc12627650df6cc0ed193c730719ed14a59d85836f4c16,0.002,9,1.0,37cc8bd55c98b1e81e45f4912fb3533bf67923140fe5f7b7e460074562fe00dd,measured_table,39950,12.0,15,39950,0,running,0.00039473684210526315,0.0002209475090558011,0.0006509749506649538,,3.9489118193874e-06,2.209958528507805e-06,6.5139484403840515e-06,False,38000,38000,15,0.0003754693366708385,0,0,0,0,0,0,0.00040934220897178805,0.0034111850747649,10,0,0,318.2570097652158,2.5346310388995756,0,10,0.0,0.9993015346279908,479400,2864.3094212202564,8.333333333333334,4066,0.0,0.0,14628.989827588652,0,876508.484,0,100,1.0,0.0,0.0,0.0,0.0,0.0,0.0,0.0,0.0,0.0,0.0,0.0,0.0,14.916733333333335,17.0,17.0004,17.0004,0.02391333333333333,0.02398,0.02398,0.02398,2840.7108980851062,1732.195,17894.99,704519.006,0.0,0.0,0.0,0.0,14628.989827588652,11542.855,66963.299,876508.484,0.0,0.0,0.0,0.0,0.0,0.0,0.0,0.0,2864.309421220275,1741.191,17894.982,704518.998,0.0,0.0,0.0,0.0,0.0,0.0,0.0,0.0,2864.309421220275,1741.191,17894.982,704518.998,0.0,0.0,0.0,0.0,0.0,0.0,0.0,0.0,0.0,0.0,0.0,0.0,0.0,0.0,0.0,0.0,0.003666666666666666,0.004,0.004,0.004,1.15187,1.15187,1.15187,1.15187,0.005630798915310805,0.00613,0.00713,0.00713,20335.191561026284,17383.67598,78404.76798,878099.04758,20350.108294359616,17400.67598,78421.76798,878099.04758,20336.443647692948,17384.928,78406.02,878100.3,20351.360314359616,17401.928,78423.02,878100.3,17383.67598,78404.76798,3995000,101258.51000403805
0453e9e2d402527b72e3a57c8a4a976e44a15e15e092067a89b9a9d43f6933de,0.001,5,1.0,f052df193532cf2e48a8ce72f016b8fbd3ac22d1a1d4588da22d91c235db93cc,tesseract,28850,20.0,26,28850,0,running,0.0007692307692307692,1.947504726979695e-05,0.0042783511553253365,,7.698171665508724e-06,1.947542276419009e-07,4.29657591865742e-05,False,1300,1300,1,0.000901213171577123,0,0,0,0,0,0,0.0003081054938204004,0.0015405274691020021,18,0,0,659.3000988804159,1.1653035145927748,0,18,0.0,0.9998073560208809,577000,3296.496694402072,5.0,1362,0.0,0.0,28865.311773396883,0,267199.431,0,100,1.0,0.0,0.0,0.0,0.0,0.0,0.0,0.0,0.0,0.0,0.0,0.0,0.0,8.750018,9.0,9.00012,9.00012,0.020527999999999998,0.02054,0.02054,0.02054,3213.4133445805896,3062.124,7089.957,175512.761,0.0,0.0,0.0,0.0,28865.311773396883,28170.549,71046.88,267199.431,0.0,0.0,0.0,0.0,0.0,0.0,0.0,0.0,3296.4966944020794,3066.879,7092.056,175512.753,0.0,0.0,0.0,0.0,0.0,0.0,0.0,0.0,3296.4966944020794,3066.879,7092.056,175512.753,0.0,0.0,0.0,0.0,0.0,0.0,0.0,0.0,0.0,0.0,0.0,0.0,0.0,0.0,0.0,0.0,0.0038,0.004,0.004,0.004,1.1518699999999997,1.15187,1.15187,1.15187,0.00562706239168111,0.00513,0.00713,0.00713,35376.39983744194,34917.83254,78056.51254,272169.32042,35385.14985544194,34926.83254,78061.21254,272173.32054,35377.65130944194,34919.084,78057.764,272170.572,35386.40130944194,34928.084,78062.464,272174.572,34917.83254,78056.51254,2885000,33619.006396001554
0474ddbd3773285489bb51dcf0da042e1aaeeaa9618c25cdebe687261916e16d,0.003,9,1.0,f052df193532cf2e48a8ce72f016b8fbd3ac22d1a1d4588da22d91c235db93cc,tesseract,750,12.0,0,750,0,running,,,0.008164001936894384,,,,8.230709864402892e-05,,450,450,0,0.0,0,0,0,0,0,0,1.3182270927775156e-05,0.00010985225773145962,10,0,0,9388.128673641975,5.542021819019224,0,10,0.0,0.9999775049795561,9000,84493.15439611129,8.333333333333334,28751,0.0,0.0,444511.4712621111,0,6167843.341,0,100,1.0,0.0,0.0,0.0,0.0,0.0,0.0,0.0,0.0,0.0,0.0,0.0,0.0,14.916733333333333,17.0,17.0004,17.0004,0.02391333333333333,0.02398,0.02398,0.02398,84390.34636911111,69222.617,400050.885,2606942.055,0.0,0.0,0.0,0.0,444511.4712621111,376447.309,2031728.855,6167843.341,0.0,0.0,0.0,0.0,0.0,0.0,0.0,0.0,84493.15439611112,69222.609,400050.877,2606942.047,0.0,0.0,0.0,0.0,0.0,0.0,0.0,0.0,84493.15439611112,69222.609,400050.877,2606942.047,0.0,0.0,0.0,0.0,0.0,0.0,0.0,0.0,0.0,0.0,0.0,0.0,0.0,0.0,0.0,0.0,0.0036666666666666666,0.004,0.004,0.004,1.15187,1.15187,1.15187,1.15187,0.005627555555555555,0.00513,0.00713,0.00713,613396.1534382222,559490.37598,2369168.73158,6209969.41958,613411.0701715555,559507.37598,2369168.73158,6209969.41958,613397.4055248889,559491.628,2369169.984,6209970.672,613412.3221915556,559508.628,2369169.984,6209970.672,559490.37598,2369168.73158,75000,4156.516364264418
06c417c383028787c676339c36e5a0b57682c446e7c427f680b33885ae5fe3f0,0.002,5,1.0,f052df193532cf2e48a8ce72f016b8fbd3ac22d1a1d4588da22d91c235db93cc,tesseract,13243,20.0,99,13243,0,running,0.007493295472471999,0.006066631233799375,0.009152521090229803,,7.54944232625118e-05,6.103363145073437e-05,9.236473005218038e-05,False,12678,12678,95,0.007475647511893076,0,0,0,0,0,0,0.00017111990067239622,0.0008555995033619811,18,0,0,1250.4514107641774,1.5501643296038858,0,18,0.0,0.999893005398472,264860,6252.253253820912,5.0,3519,0.0,0.0,54851.046622291025,0,691174.61,0,100,1.0,0.0,0.0,0.0,0.0,0.0,0.0,0.0,0.0,0.0,0.0,0.0,0.0,8.750018,9.0,9.00012,9.00012,0.020527999999999998,0.02054,0.02054,0.02054,6101.777947946084,5691.142,16878.793,542819.813,0.0,0.0,0.0,0.0,54851.046622291025,50638.757,157248.368,691174.61,0.0,0.0,0.0,0.0,0.0,0.0,0.0,0.0,6252.253253820887,5707.535,16899.774,542819.805,0.0,0.0,0.0,0.0,0.0,0.0,0.0,0.0,6252.253253820887,5707.535,16899.774,542819.805,0.0,0.0,0.0,0.0,0.0,0.0,0.0,0.0,0.0,0.0,0.0,0.0,0.0,0.0,0.0,0.0,0.0038,0.004,0.004,0.004,1.15187,1.15187,1.15187,1.15187,0.0056299018349316625,0.00613,0.00713,0.00713,67206.25585195982,62875.65254,173429.11642,703635.47242,67215.00586995983,62884.65254,173433.11654,703639.47254,67207.50732395983,62876.904,173430.368,703636.724,67216.25732395983,62885.904,173434.368,703640.724,62875.65254,173429.11642,1324300,20528.82621694426
0ac704ca2ed1a4c5281e3116540a217e702aa1ce6a747fdb3f9e2a9dbc04ad77,0.005,11,1.0,f052df193532cf2e48a8ce72f016b8fbd3ac22d1a1d4588da22d91c235db93cc,tesseract,6275,10.0,99,6275,0,running,0.015776892430278886,0.01284068843071777,0.01917476133559867,,0.0001602859622414667,0.00013006758126701536,0.00019548289405761784,False,6275,6275,99,0.015776892430278886,0,0,0,0,0,0,1.0171330602699287e-06,1.0171330602699288e-05,8,0,0,106623.14800753785,20.667191162815843,0,8,0.0,0.9999975111250499,62750,1172854.6244829139,10.0,167260,0.0,0.0,4990800.68546043,0,36195995.487,0,100,1.0,0.0,0.0,0.0,0.0,0.0,0.0,0.0,0.0,0.0,0.0,0.0,0.0,17.90012,21.0,21.0006,21.0006,0.02346,0.02358,0.02358,0.02358,1172530.2132343266,761786.695,5641225.594,11052616.044,0.0,0.0,0.0,0.0,4990800.68546043,3862296.303,20359948.145,36195995.487,0.0,0.0,0.0,0.0,0.0,0.0,0.0,0.0,1172854.6244829162,761786.687,5641225.586,11052616.036,0.0,0.0,0.0,0.0,0.0,0.0,0.0,0.0,1172854.6244829162,761786.687,5641225.586,11052616.036,0.0,0.0,0.0,0.0,0.0,0.0,0.0,0.0,0.0,0.0,0.0,0.0,0.0,0.0,0.0,0.0,0.0036000000000000003,0.004,0.004,0.004,1.15187,1.15187,1.15187,1.15187,0.00563796812749004,0.00613,0.00713,0.00713,7336186.704145642,6406282.24698,23275991.50358,36797111.17498,7336204.604265641,6406293.24758,23276012.50358,36797111.17498,7336187.956685642,6406283.5,23275992.756,36797112.428,7336205.856685641,6406294.5,23276013.756,36797112.428,6406282.24698,23275991.50358,627500,129686.62454666942
30724e9c1cfbf750b111a76d97d579fd7c00e8f563202685f12b4a98f7af457d,0.0005,5,1.0,f052df193532cf2e48a8ce72f016b8fbd3ac22d1a1d4588da22d91c235db93cc,tesseract,700,20.0,0,700,0,running,,,0.00917980458366526,,,,9.264260867148702e-05,,400,400,0,0.0,0,0,0,0,0,0,0.0003359863941339872,0.0016799319706699357,18,0,0,620.7675474285714,1.257694319108102,0,18,0.0,0.9997899249290262,14000,3103.8339371428556,5.0,564,0.0,0.0,27099.72562257143,0,106432.292,0,100,1.0,0.0,0.0,0.0,0.0,0.0,0.0,0.0,0.0,0.0,0.0,0.0,0.0,8.750018,9.0,9.00012,9.00012,0.020527999999999998,0.02054,0.02054,0.02054,3022.1655551428576,2832.431,6651.486,30647.312,0.0,0.0,0.0,0.0,27099.72562257143,25682.249,79046.902,106432.292,0.0,0.0,0.0,0.0,0.0,0.0,0.0,0.0,3103.8339371428574,2840.382,6651.478,30647.304,0.0,0.0,0.0,0.0,0.0,0.0,0.0,0.0,3103.8339371428574,2840.382,6651.478,30647.304,0.0,0.0,0.0,0.0,0.0,0.0,0.0,0.0,0.0,0.0,0.0,0.0,0.0,0.0,0.0,0.0,0.0038,0.004,0.004,0.004,1.15187,1.15187,1.15187,1.15187,0.005622285714285714,0.00513,0.00713,0.00713,33226.90313514286,31900.71654,87490.51242,112556.49642,33235.653153142855,31909.71654,87499.51254,112560.49654,33228.15460714286,31901.968,87491.764,112557.748,33236.90460714286,31910.968,87500.764,112561.748,31900.71654,87490.51242,70000,880.3860233756714
308f7283755b42298e842ceb067a19ebb3c79d7035e44c4efa7d363b4d980d60,0.005,13,1.0,f052df193532cf2e48a8ce72f016b8fbd3ac22d1a1d4588da22d91c235db93cc,tesseract,5000,8.0,135,5000,0,target,0.02932551319648094,0.02392268902272385,0.03524389906913267,0.029040774420651217,0.0003021154602325747,0.00024507911339210564,0.0003653431821426729,False,3410,3410,100,0.027,0,0,0,0,0,0,3.891126212680777e-07,4.863907765850972e-06,6,0,0,222013.25925763464,34.33263525505371,0,6,0.0,0.9999986156593986,40000,2886172.3668492525,12.5,349285,0.0,0.0,8564223.952129075,0,64071068.575,0,100,1.0,0.0,0.0,0.0,0.0,0.0,0.0,0.0,0.0,0.0,0.0,0.0,0.0,22.375315,25.0,25.00084,25.00084,0.02289,0.0231,0.0231,0.0231,2794172.14386455,2366903.088,9074206.411,18538266.188,0.0,0.0,0.0,0.0,8564223.952129075,6865768.778,31560876.019,64071068.575,0.0,0.0,0.0,0.0,0.0,0.0,0.0,0.0,2886172.36684925,2421292.546,9080263.131,18538266.18,0.0,0.0,0.0,0.0,0.0,0.0,0.0,0.0,2886172.36684925,2421292.546,9080263.131,18538266.18,0.0,0.0,0.0,0.0,0.0,0.0,0.0,0.0,0.0,0.0,0.0,0.0,0.0,0.0,0.0,0.0,0.0035,0.004,0.004,0.004,1.15187,1.15187,1.15187,1.15187,0.0056231250000000005,0.00513,0.00713,0.00713,14244569.643226001,13242060.2871,39195321.57426,72651105.29426,14244592.018541,13242085.2871,39195329.5751,72651113.2951,14244570.896335999,13242061.54,39195322.828,72651106.548,14244593.271335999,13242086.54,39195330.828,72651114.548,13242060.2871,39195321.57426,500000,171663.17627526855
331ff4547985e38e2dca99421230363d2407b1a9d2b9c3630dad3d76e5144dcc,0.004,11,1.0,f052df193532cf2e48a8ce72f016b8fbd3ac22d1a1d4588da22d91c235db93cc,tesseract,44145,10.0,97,44145,0,running,0.002109375,0.0015850125081952745,0.002751391832006165,,2.1137923342948962e-05,1.587504892544693e-05,2.7589137565804847e-05,False,25600,25600,54,0.002197304337977121,0,0,0,0,0,0,2.4366835762647275e-06,2.4366835762647274e-05,8,0,0,44327.268375586034,12.222988257069645,0,8,0.0,0.9999940375612492,441450,487599.94853144616,10.0,126714,0.0,0.0,2073816.409892264,0,24279647.071,0,100,1.0,0.0,0.0,0.0,0.0,0.0,0.0,0.0,0.0,0.0,0.0,0.0,0.0,17.90012,21.0,21.0006,21.0006,0.02346,0.02358,0.02358,0.02358,487388.95156040316,320075.321,2996229.257,8612597.864,0.0,0.0,0.0,0.0,2073816.409892264,1584372.247,9298169.69,24279647.071,0.0,0.0,0.0,0.0,0.0,0.0,0.0,0.0,487599.9485314464,320077.968,2996229.249,8612597.856,0.0,0.0,0.0,0.0,0.0,0.0,0.0,0.0,487599.9485314464,320077.968,2996229.249,8612597.856,0.0,0.0,0.0,0.0,0.0,0.0,0.0,0.0,0.0,0.0,0.0,0.0,0.0,0.0,0.0,0.0,0.0036000000000000008,0.004,0.004,0.004,1.15187,1.15187,1.15187,1.15187,0.005630575376599841,0.00613,0.00713,0.00713,3048806.490944689,2614015.68758,10658823.33098,27876800.40698,3048824.391064689,2614026.33958,10658834.33158,27876800.40698,3048807.7434846894,2614016.94,10658824.584,27876801.66,3048825.6434846893,2614027.592,10658835.584,27876801.66,2614015.68758,10658823.33098,4414500,539583.8166083394
52b96343dc89deec34f2a9d09ca8385311a9dabfaf36a41af99071b12c735413,0.003,11,1.0,f052df193532cf2e48a8ce72f016b8fbd3ac22d1a1d4588da22d91c235db93cc,tesseract,32300,10.0,10,32300,0,running,0.0025,6.32925169048572e-05,0.013849769962013272,,2.5062080988828208e-05,6.329648312116548e-07,0.00014043230999032322,False,400,400,1,0.00030959752321981426,0,0,0,0,0,0,4.997786921346438e-06,4.997786921346438e-05,8,0,0,20611.851706431466,9.566085329384318,0,8,0.0,0.9999877706809162,323000,226730.36517074518,10.0,72747,0.0,0.0,965672.6728968204,0,14872245.92,0,100,1.0,0.0,0.0,0.0,0.0,0.0,0.0,0.0,0.0,0.0,0.0,0.0,0.0,17.90012,21.0,21.0006,21.0006,0.02346,0.02358,0.02358,0.02358,226547.5203021672,178031.601,1377593.144,7557331.632,0.0,0.0,0.0,0.0,965672.6728968204,789323.347,4361012.899,14872245.92,0.0,0.0,0.0,0.0,0.0,0.0,0.0,0.0,226730.3651707461,178032.494,1377593.136,7557331.624,0.0,0.0,0.0,0.0,0.0,0.0,0.0,0.0,226730.3651707461,178032.494,1377593.136,7557331.624,0.0,0.0,0.0,0.0,0.0,0.0,0.0,0.0,0.0,0.0,0.0,0.0,0.0,0.0,0.0,0.0,0.0036000000000000003,0.004,0.004,0.004,1.15187,1.15187,1.15187,1.15187,0.005631151702786378,0.00613,0.00713,0.00713,1418951.7393308855,1280882.72358,5100874.95498,16004195.34298,1418969.6394508856,1280903.72358,5100885.95558,16004195.34298,1418952.9918708855,1280883.976,5100876.208,16004196.596,1418970.8918708856,1280904.976,5100887.208,16004196.596,1280882.72358,5100874.95498,3230000,308984.5561391135
591962a5444f7fb169d57e1c9768691b7421348b4aa8ff02115cda1cdc071cad,0.002,9,1.0,f052df193532cf2e48a8ce72f016b8fbd3ac22d1a1d4588da22d91c235db93cc,tesseract,800,12.0,0,800,0,running,,,0.004600484520745439,,,,4.6215661015376005e-05,,800,800,0,0.0,0,0,0,0,0,0,2.1790893715356803e-05,0.0001815907809613067,10,0,0,5401.4582327546295,5.1565168556838765,0,10,0.0,0.9999628148531702,9600,48613.120428125025,8.333333333333334,6927,0.0,0.0,254671.51879864585,0,1459540.592,0,100,1.0,0.0,0.0,0.0,0.0,0.0,0.0,0.0,0.0,0.0,0.0,0.0,0.0,14.916733333333333,17.0,17.0004,17.0004,0.02391333333333333,0.02398,0.02398,0.02398,48522.63456010417,45297.44,148744.433,629187.68,0.0,0.0,0.0,0.0,254671.51879864585,232603.786,826750.182,1459540.592,0.0,0.0,0.0,0.0,0.0,0.0,0.0,0.0,48613.120428125,45297.432,148744.425,629187.672,0.0,0.0,0.0,0.0,0.0,0.0,0.0,0.0,48613.120428125,45297.432,148744.425,629187.672,0.0,0.0,0.0,0.0,0.0,0.0,0.0,0.0,0.0,0.0,0.0,0.0,0.0,0.0,0.0,0.0,0.0036666666666666666,0.004,0.004,0.004,1.15187,1.15187,1.15187,1.15187,0.005616875,0.00513,0.00713,0.00713,351808.45518708334,340674.27598,927411.26798,1496002.35958,351823.37192041666,340691.27598,927428.26798,1496002.35958,351809.70727375,340675.528,927412.52,1496003.612,351824.62394041667,340692.528,927429.52,1496003.612,340674.27598,927411.26798,80000,4125.213484547101
8cf394ce63c3094c5367e9a650493123557e5c2cea5fc8d3cd5582fbd784877c,0.005,7,1.0,f052df193532cf2e48a8ce72f016b8fbd3ac22d1a1d4588da22d91c235db93cc,tesseract,2500,15.0,130,2500,0,target,0.05221932114882506,0.04268668043155973,0.06261492272781594,0.05172413793103448,0.0005512186445834282,0.0004459976759002266,0.0006685232161971144,False,1915,1915,100,0.052,0,0,0,0,0,0,1.3181361232396068e-05,8.787574154930712e-05,13,0,0,13144.088532400001,4.378009995868383,0,13,0.0,0.999985513299511,37500,92008.61599346675,6.666666666666667,41754,0.0,0.0,615119.7606964533,0,8700886.171,0,100,1.0,0.0,0.0,0.0,0.0,0.0,0.0,0.0,0.0,0.0,0.0,0.0,0.0,11.866714666666667,13.0,13.00024,13.00024,0.020267999999999998,0.0203,0.0203,0.0203,91736.21811453333,55055.642,696264.582,3618694.403,0.0,0.0,0.0,0.0,615119.7606964533,473721.502,2925188.63,8700886.171,0.0,0.0,0.0,0.0,0.0,0.0,0.0,0.0,92008.61599346666,55060.863,696264.574,3618694.395,0.0,0.0,0.0,0.0,0.0,0.0,0.0,0.0,92008.61599346666,55060.863,696264.574,3618694.395,0.0,0.0,0.0,0.0,0.0,0.0,0.0,0.0,0.0,0.0,0.0,0.0,0.0,0.0,0.0,0.0,0.0037333333333333337,0.004,0.004,0.004,1.15187,1.15187,1.15187,1.15187,0.005642026666666666,0.00613,0.00713,0.00713,798865.77258448,655373.5683,3301998.0683,8768190.69206,798877.6392991466,655386.5683,3302011.0683,8768191.6923,798867.0243164799,655374.82,3301999.32,8768191.944,798878.8909831466,655387.82,3302012.32,8768192.944,655373.5683,3301998.0683,250000,10945.024989670957
91800bde7febde1358b792f6c5a204df6e43e92988f81efad7ae5248f0a0e2bc,0.004,13,1.0,f052df193532cf2e48a8ce72f016b8fbd3ac22d1a1d4588da22d91c235db93cc,tesseract,41154,8.0,105,41154,0,target,0.0024941387738813786,0.0020297775229420104,0.0030054267238669324,0.002469258972888035,2.5003177489831064e-05,2.0338673367446255e-05,3.0144048033236413e-05,False,40094,40094,100,0.0025513923312436215,0,0,0,0,0,0,6.544459307900618e-07,8.180574134875773e-06,6,0,0,142323.38388012594,28.966529686853054,0,6,0.0,0.9999976716869813,329232,1850203.986941642,12.5,331489,0.0,0.0,5496991.189602371,0,68181027.441,0,100,1.0,0.0,0.0,0.0,0.0,0.0,0.0,0.0,0.0,0.0,0.0,0.0,0.0,22.375315,25.0,25.00084,25.00084,0.02289,0.0231,0.0231,0.0231,1791971.7308452702,1160613.482,8558294.425,23413895.509,0.0,0.0,0.0,0.0,5496991.189602371,3937249.468,24300039.262,68181027.441,0.0,0.0,0.0,0.0,0.0,0.0,0.0,0.0,1850203.986941637,1192859.262,8559117.115,23413895.501,0.0,0.0,0.0,0.0,0.0,0.0,0.0,0.0,1850203.986941637,1192859.262,8559117.115,23413895.501,0.0,0.0,0.0,0.0,0.0,0.0,0.0,0.0,0.0,0.0,0.0,0.0,0.0,0.0,0.0,0.0,0.0035000000000000005,0.004,0.004,0.004,1.15187,1.15187,1.15187,1.15187,0.0056299422899353645,0.00513,0.00713,0.00713,9139168.08777922,7849085.2551,29672693.35826,68949563.03426,9139190.463094221,7849110.2551,29672714.3591,68949571.0351,9139169.340889221,7849086.508,29672694.612,68949564.288,9139191.715889221,7849111.508,29672715.612,68949572.288,7849085.2551,29672693.35826,4115400,1192088.5627327503
9bb142bf9ecbb6c4c209b7b2eb1affa62c2842938f4dbe2d01b6918ff3e3c9ab,0.004,9,1.0,f052df193532cf2e48a8ce72f016b8fbd3ac22d1a1d4588da22d91c235db93cc,tesseract,15950,12.0,87,15950,0,running,0.005714285714285714,0.0027435215514385247,0.0104835898676853,,5.746859423626618e-05,2.7510004265955437e-05,0.00010593933896671566,False,1750,1750,10,0.005454545454545455,0,0,0,0,0,0,7.643633156233128e-06,6.36969429686094e-05,10,0,0,16849.682308429117,6.071569294539086,0,10,0.0,0.9999869564855318,191400,151647.1371091955,8.333333333333334,51909,0.0,0.0,797141.3279608411,0,11105910.12,0,100,1.0,0.0,0.0,0.0,0.0,0.0,0.0,0.0,0.0,0.0,0.0,0.0,0.0,14.916733333333333,17.0,17.0004,17.0004,0.02391333333333333,0.02398,0.02398,0.02398,151542.69074562695,104659.434,997647.749,5098015.916,0.0,0.0,0.0,0.0,797141.3279608411,639442.914,3650834.457,11105910.12,0.0,0.0,0.0,0.0,0.0,0.0,0.0,0.0,151647.1371091954,104661.293,997647.741,5098015.908,0.0,0.0,0.0,0.0,0.0,0.0,0.0,0.0,151647.1371091954,104661.293,997647.741,5098015.908,0.0,0.0,0.0,0.0,0.0,0.0,0.0,0.0,0.0,0.0,0.0,0.0,0.0,0.0,0.0,0.0,0.0036666666666666666,0.004,0.004,0.004,1.15187,1.15187,1.15187,1.15187,0.005631013584117032,0.00613,0.00713,0.00713,1100332.3372300107,956643.26798,4184408.65198,11212125.67158,1100347.2539633438,956660.26798,4184425.65198,11212125.67158,1100333.5893166773,956644.52,4184409.904,11212126.924,1100348.5059833438,956661.52,4184426.904,11212126.924,956643.26798,4184408.65198,1595000,96841.53024789842
9febc52d91ac66a90f7a44e9fda6263e881a490ec2085fb33a3542c509428d03,0.005,9,1.0,f052df193532cf2e48a8ce72f016b8fbd3ac22d1a1d4588da22d91c235db93cc,tesseract,5435,12.0,116,5435,0,target,0.02069108214359611,0.01686600931536891,0.024888140614316635,0.02048841059602649,0.00021126928485421193,0.0001715409160613248,0.00025522398188494765,False,4833,4833,100,0.021343146274149034,0,0,0,0,0,0,3.4890900247693397e-06,2.9075750206411165e-05,10,0,0,38913.66161364953,9.598020968154131,0,10,0.0,0.9999940460184941,65220,350222.9508561795,8.333333333333334,75772,0.0,0.0,1845867.8906586017,0,16311254.106,0,100,1.0,0.0,0.0,0.0,0.0,0.0,0.0,0.0,0.0,0.0,0.0,0.0,0.0,14.916733333333333,17.0,17.0004,17.0004,0.02391333333333333,0.02398,0.02398,0.02398,350056.31102897885,212969.18,2403033.384,5797278.433,0.0,0.0,0.0,0.0,1845867.8906586017,1398818.236,8285155.652,16311254.106,0.0,0.0,0.0,0.0,0.0,0.0,0.0,0.0,350222.9508561791,212969.172,2403033.376,5797278.425,0.0,0.0,0.0,0.0,0.0,0.0,0.0,0.0,350222.9508561791,212969.172,2403033.376,5797278.425,0.0,0.0,0.0,0.0,0.0,0.0,0.0,0.0,0.0,0.0,0.0,0.0,0.0,0.0,0.0,0.0,0.003666666666666667,0.004,0.004,0.004,1.15187,1.15187,1.15187,1.15187,0.005636409076970254,0.00613,0.00713,0.00713,2546148.3339635017,2116130.64358,9433006.47998,16366570.19158,2546163.2506968356,2116130.64358,9433023.47998,16366570.19158,2546149.5860501686,2116131.896,9433007.732,16366571.444,2546164.5027168356,2116131.896,9433024.732,16366571.444,2116130.64358,9433006.47998,543500,52165.2439619177
a324376d906cf2f386aed8381434a92caadc145fd3674cb86a31fd8504eb5dc9,0.003,7,1.0,f052df193532cf2e48a8ce72f016b8fbd3ac22d1a1d4588da22d91c235db93cc,tesseract,21740,15.0,118,21740,0,target,0.005395198273536552,0.004391840635258734,0.006499346139788268,0.00534153447717708,5.4242232964386904e-05,4.411048011852081e-05,6.541529349025381e-05,False,18535,18535,100,0.005427782888684452,0,0,0,0,0,0,3.010717564091934e-05,0.00020071450427279562,13,0,0,5146.6020010640905,3.8025202426827707,0,13,0.0,0.999966911379316,326100,36026.210274115336,6.666666666666667,27006,0.0,0.0,240224.43747156698,0,5652423.061,0,100,1.0,0.0,0.0,0.0,0.0,0.0,0.0,0.0,0.0,0.0,0.0,0.0,0.0,11.866714666666667,13.0,13.00024,13.00024,0.020267999999999998,0.0203,0.0203,0.0203,35821.42930752837,30260.44,160553.895,3564227.245,0.0,0.0,0.0,0.0,240224.43747156698,213892.383,863022.729,5652423.061,0.0,0.0,0.0,0.0,0.0,0.0,0.0,0.0,36026.2102741153,30262.811,160557.429,3564227.237,0.0,0.0,0.0,0.0,0.0,0.0,0.0,0.0,36026.2102741153,30262.811,160557.429,3564227.237,0.0,0.0,0.0,0.0,0.0,0.0,0.0,0.0,0.0,0.0,0.0,0.0,0.0,0.0,0.0,0.0,0.0037333333333333333,0.004,0.004,0.004,1.15187,1.15187,1.15187,1.15187,0.005628644587549831,0.00513,0.00713,0.00713,312073.25481985527,289320.3963,984278.0203,5671147.16406,312085.1215345219,289333.3963,984291.0203,5671148.1643,312074.50655185524,289321.648,984279.272,5671148.416,312086.37321852194,289334.648,984292.272,5671149.416,289320.3963,984278.0203,2174000,82666.79007592343
c8142a7d4666b0ace6890e2d60b2a401e39625f6016f17798fb46b389cbd6f8e,0.001,7,1.0,f052df193532cf2e48a8ce72f016b8fbd3ac22d1a1d4588da22d91c235db93cc,tesseract,750,15.0,0,750,0,running,,,0.0066846114706996945,,,,6.729244930234559e-05,,550,550,0,0.0,0,0,0,0,0,0,9.273825214876552e-05,0.0006182550143251034,13,0,0,1611.7803801142857,2.681848783276665,0,13,0.0,0.9998980791580875,11250,11282.458927466672,6.666666666666667,2361,0.0,0.0,74448.58669902223,0,487148.858,0,100,1.0,0.0,0.0,0.0,0.0,0.0,0.0,0.0,0.0,0.0,0.0,0.0,0.0,11.866714666666667,13.0,13.00024,13.00024,0.020267999999999998,0.0203,0.0203,0.0203,11186.56154328889,10874.324,24463.338,365345.909,0.0,0.0,0.0,0.0,74448.58669902223,70281.366,224532.934,487148.858,0.0,0.0,0.0,0.0,0.0,0.0,0.0,0.0,11282.458927466665,10875.015,24463.33,365345.901,0.0,0.0,0.0,0.0,0.0,0.0,0.0,0.0,11282.458927466665,10875.015,24463.33,365345.901,0.0,0.0,0.0,0.0,0.0,0.0,0.0,0.0,0.0,0.0,0.0,0.0,0.0,0.0,0.0,0.0,0.0037333333333333333,0.004,0.004,0.004,1.15187,1.15187,1.15187,1.15187,0.005632933333333334,0.00613,0.00713,0.00713,96918.78494071112,94167.3163,247725.1963,495526.14006,96930.65165537779,94180.3163,247738.1963,495527.1403,96920.03667271111,94168.568,247726.448,495527.392,96931.90333937778,94181.568,247739.448,495528.392,94167.3163,247725.1963,75000,2011.3865874574985
e5718b420e8b34f2782a1472e077387a385d0347543b4ac4f281312ae301a2cf,0.003,5,1.0,f052df193532cf2e48a8ce72f016b8fbd3ac22d1a1d4588da22d91c235db93cc,tesseract,3705,20.0,104,3705,0,target,0.028530670470756064,0.023272627768255123,0.03429134507766803,0.028253424657534245,0.0002936839518622947,0.00023825980229066164,0.00035511315414410666,False,3505,3505,100,0.028070175438596492,0,0,0,0,0,0,0.00011734589701600082,0.0005867294850800041,18,0,0,1803.2249005371123,1.6824438024436372,0,18,0.0,0.9999266274816673,74100,9016.120702685557,5.0,4236,0.0,0.0,78793.40144465587,0,840172.866,0,100,1.0,0.0,0.0,0.0,0.0,0.0,0.0,0.0,0.0,0.0,0.0,0.0,0.0,8.750018,9.0,9.00012,9.00012,0.020527999999999998,0.02054,0.02054,0.02054,8805.214868151148,7784.179,34130.428,351482.112,0.0,0.0,0.0,0.0,78793.40144465587,73015.753,241220.706,840172.866,0.0,0.0,0.0,0.0,0.0,0.0,0.0,0.0,9016.12070268556,7802.163,34235.11,351482.104,0.0,0.0,0.0,0.0,0.0,0.0,0.0,0.0,9016.12070268556,7802.163,34235.11,351482.104,0.0,0.0,0.0,0.0,0.0,0.0,0.0,0.0,0.0,0.0,0.0,0.0,0.0,0.0,0.0,0.0,0.0038,0.004,0.004,0.004,1.15187,1.15187,1.15187,1.15187,0.0056292712550607285,0.00513,0.00713,0.00713,96615.91504276382,91019.25254,267282.36442,847066.19242,96624.66506076383,91028.25254,267286.36454,847070.19254,96617.16651476384,91020.504,267283.616,847067.444,96625.91651476384,91029.504,267287.616,847071.444,91019.25254,267282.36442,370500,6233.454288053676
e87356edc42cac4573d1178db45ad880eabfffcf06f7e75d1682cdce016c33b0,0.004,7,1.0,f052df193532cf2e48a8ce72f016b8fbd3ac22d1a1d4588da22d91c235db93cc,tesseract,4208,15.0,99,4208,0,running,0.02321685016754428,0.01886666054902949,0.02824999738019101,,0.00023767510969444097,0.00019228128711053447,0.0002907099980254014,False,4178,4178,97,0.02352661596958175,0,0,0,0,0,0,2.1294202983870184e-05,0.00014196135322580125,13,0,0,7811.433117302644,3.7866741412712863,0,13,0.0,0.9999765970441761,63120,54680.028087785126,6.666666666666667,25105,0.0,0.0,363323.0793053232,0,5242250.28,0,100,1.0,0.0,0.0,0.0,0.0,0.0,0.0,0.0,0.0,0.0,0.0,0.0,0.0,11.866714666666667,13.0,13.00024,13.00024,0.020267999999999998,0.0203,0.0203,0.0203,54459.883352376426,38366.239,345793.937,2708164.513,0.0,0.0,0.0,0.0,363323.0793053232,295585.767,1658154.536,5242250.28,0.0,0.0,0.0,0.0,0.0,0.0,0.0,0.0,54680.02808778517,38369.374,345793.929,2708164.505,0.0,0.0,0.0,0.0,0.0,0.0,0.0,0.0,54680.02808778517,38369.374,345793.929,2708164.505,0.0,0.0,0.0,0.0,0.0,0.0,0.0,0.0,0.0,0.0,0.0,0.0,0.0,0.0,0.0,0.0,0.0037333333333333333,0.004,0.004,0.004,1.15187,1.15187,1.15187,1.15187,0.005628178073510773,0.00513,0.00713,0.00713,472464.16851166287,404443.1003,1890051.8443,5271913.92406,472476.0352263295,404456.1003,1890064.8443,5271914.9243,472465.42024366284,404444.352,1890053.096,5271915.176,472477.28691032954,404457.352,1890066.096,5271916.176,404443.1003,1890051.8443,420800,15934.324786469573
ec68853d9a1f2382bdcde221e9ba01bf19cc8d92fa3497c92d995291adc22d23,0.002,7,1.0,f052df193532cf2e48a8ce72f016b8fbd3ac22d1a1d4588da22d91c235db93cc,tesseract,550,15.0,0,550,0,running,,,0.00917980458366526,,,,9.264260867148702e-05,,400,400,0,0.0,0,0,0,0,0,0,5.454240603165335e-05,0.0003636160402110223,13,0,0,2787.7859034805197,2.967334481699138,0,13,0.0,0.999940056396811,8250,19514.49759103031,6.666666666666667,5507,0.0,0.0,129846.376924,0,1146889.776,0,100,1.0,0.0,0.0,0.0,0.0,0.0,0.0,0.0,0.0,0.0,0.0,0.0,0.0,11.866714666666667,13.0,13.00024,13.00024,0.020267999999999998,0.0203,0.0203,0.0203,19383.40900121212,18005.426,60641.764,529495.934,0.0,0.0,0.0,0.0,129846.376924,118654.94,407449.45,1146889.776,0.0,0.0,0.0,0.0,0.0,0.0,0.0,0.0,19514.497591030304,18005.418,60641.756,529502.93,0.0,0.0,0.0,0.0,0.0,0.0,0.0,0.0,19514.497591030304,18005.418,60641.756,529502.93,0.0,0.0,0.0,0.0,0.0,0.0,0.0,0.0,0.0,0.0,0.0,0.0,0.0,0.0,0.0,0.0,0.0037333333333333333,0.004,0.004,0.004,1.15187,1.15187,1.15187,1.15187,0.005643575757575757,0.00613,0.00713,0.00713,168745.46129781817,160463.2483,452790.3483,1156368.83606,168757.32801248485,160476.2483,452803.3483,1156369.8363,168746.71302981817,160464.5,452791.6,1156370.088,168758.57969648487,160477.5,452804.6,1156371.088,160463.2483,452790.3483,55000,1632.033964934526
f1ac9a6403699f7f912c2015cad554156ae15eb54c2a8fbfb25cfd35632e0a87,0.005,5,1.0,f052df193532cf2e48a8ce72f016b8fbd3ac22d1a1d4588da22d91c235db93cc,tesseract,1000,20.0,143,1000,0,target,0.15552099533437014,0.12836606869340403,0.1845020203647349,0.1542056074766355,0.0018594087743646613,0.001481295342094184,0.0022969867378215495,False,643,643,100,0.143,0,0,0,0,0,0,7.225998889979922e-05,0.0003612999444989961,18,0,0,3207.30644865,1.6618996435264126,0,18,0.0,0.9999548183750007,20000,16036.528443249992,5.0,10709,0.0,0.0,139080.8480932,0,2111866.569,0,100,1.0,0.0,0.0,0.0,0.0,0.0,0.0,0.0,0.0,0.0,0.0,0.0,0.0,8.750018,9.0,9.00012,9.00012,0.020527999999999998,0.02054,0.02054,0.02054,15744.5485482,10666.478,107817.126,1039914.348,0.0,0.0,0.0,0.0,139080.8480932,115510.59,572105.27,2111866.569,0.0,0.0,0.0,0.0,0.0,0.0,0.0,0.0,16036.528443250001,10717.062,109025.53,1039914.34,0.0,0.0,0.0,0.0,0.0,0.0,0.0,0.0,16036.528443250001,10717.062,109025.53,1039914.34,0.0,0.0,0.0,0.0,0.0,0.0,0.0,0.0,0.0,0.0,0.0,0.0,0.0,0.0,0.0,0.0,0.0038,0.004,0.004,0.004,1.15187,1.15187,1.15187,1.15187,0.00562535,0.00513,0.00713,0.00713,170863.103108,145341.05254,618134.03654,2141584.22042,170871.85312599997,145350.05254,618143.03654,2141588.22054,170864.35458,145342.304,618135.288,2141585.472,170873.10458,145351.304,618144.288,2141589.472,145341.05254,618134.03654,100000,1661.8996435264125
fe89a2f9d6de5a084521abea88ade4ebe72f9c2b9c1bcf0fc47770b7199169c8,0.004,5,1.0,f052df193532cf2e48a8ce72f016b8fbd3ac22d1a1d4588da22d91c235db93cc,tesseract,2500,20.0,156,2500,0,target,0.05868544600938967,0.04800063470202933,0.07032257009670435,0.05813270698766882,0.0006238614871937693,0.000504382041534288,0.0007572925995079643,False,1704,1704,100,0.0624,0,0,0,0,0,0,8.220572090990735e-05,0.0004110286045495367,18,0,0,2635.159227524,1.836236392078083,0,18,0.0,0.9999485993736478,50000,13175.792337620012,5.0,8751,0.0,0.0,115636.25347728,0,1733217.262,0,100,1.0,0.0,0.0,0.0,0.0,0.0,0.0,0.0,0.0,0.0,0.0,0.0,0.0,8.750018,9.0,9.00012,9.00012,0.020527999999999998,0.02054,0.02054,0.02054,12900.0431087,10061.825,69005.567,1236032.894,0.0,0.0,0.0,0.0,115636.25347728,103243.516,408332.733,1733217.262,0.0,0.0,0.0,0.0,0.0,0.0,0.0,0.0,13175.79233762,10089.717,69145.335,1236032.886,0.0,0.0,0.0,0.0,0.0,0.0,0.0,0.0,13175.79233762,10089.717,69145.335,1236032.886,0.0,0.0,0.0,0.0,0.0,0.0,0.0,0.0,0.0,0.0,0.0,0.0,0.0,0.0,0.0,0.0,0.0038,0.004,0.004,0.004,1.15187,1.15187,1.15187,1.15187,0.005622,0.00513,0.00713,0.00713,141713.2669436,129190.75254,451516.06442,1749952.63642,141722.0169616,129199.75254,451520.06454,1749956.63654,141714.5184156,129192.004,451517.316,1749953.888,141723.2684156,129201.004,451521.316,1749957.888,129190.75254,451516.06442,250000,4590.5909801952075
