task,core_seconds_per_shot
union_find_alone_d5_p0.002,0.2
switching_d5_p0.002,8.9
relay_bp5_alone_d5_p0.002,0.49
tesseract_alone_d5_p0.002,1.6
union_find_alone_d7_p0.002,0.33
switching_d7_p0.002,17.0
relay_bp5_alone_d7_p0.002,1.1
tesseract_alone_d7_p0.002,3.0
union_find_alone_d9_p0.002,0.52
switching_d9_p0.002,28.0
relay_bp5_alone_d9_p0.002,2.5
tesseract_alone_d9_p0.002,5.2
union_find_alone_d11_p0.002,0.7
switching_d11_p0.002,42.0
relay_bp5_alone_d11_p0.002,9.2
tesseract_alone_d11_p0.002,9.6
union_find_alone_d5_p0.003,0.17
switching_d5_p0.003,14.0
relay_bp5_alone_d5_p0.003,0.65
tesseract_alone_d5_p0.003,1.7
union_find_alone_d7_p0.003,0.31
switching_d7_p0.003,23.0
relay_bp5_alone_d7_p0.003,1.8
tesseract_alone_d7_p0.003,3.8
union_find_alone_d9_p0.003,0.53
switching_d9_p0.003,38.0
relay_bp5_alone_d9_p0.003,4.0
tesseract_alone_d9_p0.003,5.5
union_find_alone_d11_p0.003,0.72
switching_d11_p0.003,57.0
relay_bp5_alone_d11_p0.003,9.2
tesseract_alone_d11_p0.003,9.6
union_find_alone_d5_p0.004,0.2
switching_d5_p0.004,19.0
relay_bp5_alone_d5_p0.004,0.6
tesseract_alone_d5_p0.004,1.8
union_find_alone_d7_p0.004,0.35
switching_d7_p0.004,34.0
relay_bp5_alone_d7_p0.004,2.2
tesseract_alone_d7_p0.004,3.8
union_find_alone_d9_p0.004,0.47
switching_d9_p0.004,51.0
relay_bp5_alone_d9_p0.004,9.3
tesseract_alone_d9_p0.004,6.1
union_find_alone_d11_p0.004,0.71
switching_d11_p0.004,82.0
relay_bp5_alone_d11_p0.004,22.0
tesseract_alone_d11_p0.004,12.0
union_find_alone_d5_p0.005,0.17
switching_d5_p0.005,22.0
relay_bp5_alone_d5_p0.005,0.73
tesseract_alone_d5_p0.005,1.7
union_find_alone_d7_p0.005,0.26
switching_d7_p0.005,41.0
relay_bp5_alone_d7_p0.005,3.4
tesseract_alone_d7_p0.005,4.4
union_find_alone_d9_p0.005,0.39
switching_d9_p0.005,71.0
relay_bp5_alone_d9_p0.005,17.0
tesseract_alone_d9_p0.005,9.6
union_find_alone_d11_p0.005,0.71
switching_d11_p0.005,170.0
relay_bp5_alone_d11_p0.005,78.0
tesseract_alone_d11_p0.005,21.0
