d,p,alarm_line,group,level
5,0.0005,1.0,0,14.161531742887398
5,0.0005,1.0,1,24.02115360338096
5,0.0005,1.0,2,30.246589311461584
5,0.0005,1.0,3,34.61748952516669
5,0.0005,1.0,4,33.14591130869612
5,0.0005,1.0,5,18.832615104205463
5,0.0005,1.0,6,29.551516914475666
5,0.0005,1.0,7,34.71520201474653
5,0.0005,1.0,8,38.983420913022165
5,0.0005,1.0,9,35.97232899411676
5,0.0005,1.0,10,23.467536211708165
5,0.0005,1.0,11,34.12038894069194
5,0.0005,1.0,12,38.84882874773432
5,0.0005,1.0,13,42.57214465470193
5,0.0005,1.0,14,38.18679513849759
5,0.0005,0.1,0,15.478713130680259
5,0.0005,0.1,1,26.086047498115196
5,0.0005,0.1,2,34.51385488231329
5,0.0005,0.1,3,38.98509782327984
5,0.0005,0.1,4,39.05706765013996
5,0.0005,0.1,5,20.656617576712186
5,0.0005,0.1,6,32.2705870653661
5,0.0005,0.1,7,38.1925382487161
5,0.0005,0.1,8,43.245022556273284
5,0.0005,0.1,9,40.70576161098943
5,0.0005,0.1,10,25.776440982596704
5,0.0005,0.1,11,37.19754459651688
5,0.0005,0.1,12,42.620756874821545
5,0.0005,0.1,13,48.38172723859214
5,0.0005,0.1,14,43.44668815342064
5,0.0005,0.03,0,16.48135922963371
5,0.0005,0.03,1,27.657856686656256
5,0.0005,0.03,2,37.762122142589575
5,0.0005,0.03,3,42.30974654853843
5,0.0005,0.03,4,43.55667408322499
5,0.0005,0.03,5,22.04505881987673
5,0.0005,0.03,6,34.34035900781614
5,0.0005,0.03,7,40.83950672401569
5,0.0005,0.03,8,46.4889784020655
5,0.0005,0.03,9,44.30887792583425
5,0.0005,0.03,10,27.53399266290519
5,0.0005,0.03,11,39.53989329866132
5,0.0005,0.03,12,45.49197040486843
5,0.0005,0.03,13,52.80401513930872
5,0.0005,0.03,14,47.45054917150121
5,0.001,1.0,0,15.469358804154718
5,0.001,1.0,1,28.684225059781788
5,0.001,1.0,2,31.013522221726234
5,0.001,1.0,3,34.79011502621166
5,0.001,1.0,4,31.474111233154233
5,0.001,1.0,5,20.041615939874017
5,0.001,1.0,6,30.321872862414107
5,0.001,1.0,7,34.70803336759035
5,0.001,1.0,8,37.65427145953941
5,0.001,1.0,9,34.134201318522926
5,0.001,1.0,10,23.530251559464833
5,0.001,1.0,11,33.637245102525426
5,0.001,1.0,12,37.87549734451925
5,0.001,1.0,13,39.19278274529272
5,0.001,1.0,14,33.454238293277854
5,0.001,0.1,0,17.198804904723897
5,0.001,0.1,1,35.75236540538101
5,0.001,0.1,2,36.05431090948316
5,0.001,0.1,3,40.40419939679249
5,0.001,0.1,4,36.357503271903056
5,0.001,0.1,5,22.325116686580586
5,0.001,0.1,6,33.95938767988044
5,0.001,0.1,7,39.25512969131241
5,0.001,0.1,8,42.332285940270694
5,0.001,0.1,9,38.303529155914035
5,0.001,0.1,10,26.816294974241995
5,0.001,0.1,11,38.07647438320363
5,0.001,0.1,12,42.18402092793041
5,0.001,0.1,13,43.90899942424316
5,0.001,0.1,14,37.833381359488826
5,0.001,0.03,0,18.192902549665128
5,0.001,0.03,1,39.815181626922595
5,0.001,0.03,2,38.951791300168
5,0.001,0.03,3,43.63121413258509
5,0.001,0.03,4,39.16451097422305
5,0.001,0.03,5,23.637688794942594
5,0.001,0.03,6,36.050256491745714
5,0.001,0.03,7,41.86883227808015
5,0.001,0.03,8,45.02124119407448
5,0.001,0.03,9,40.700087789787815
5,0.001,0.03,10,28.705135579756977
5,0.001,0.03,11,40.62817424353695
5,0.001,0.03,12,44.6605902445649
5,0.001,0.03,13,46.619913567236225
5,0.001,0.03,14,40.35054324591496
5,0.002,1.0,0,16.992490445615733
5,0.002,1.0,1,27.11134992503451
5,0.002,1.0,2,30.787858769130647
5,0.002,1.0,3,33.52275851451142
5,0.002,1.0,4,31.352215723276707
5,0.002,1.0,5,20.55017995577383
5,0.002,1.0,6,29.854916949347302
5,0.002,1.0,7,33.90164897713542
5,0.002,1.0,8,37.070736668162525
5,0.002,1.0,9,34.55244965063734
5,0.002,1.0,10,23.066797230283537
5,0.002,1.0,11,31.80148367556643
5,0.002,1.0,12,34.782036761212815
5,0.002,1.0,13,36.409562001492446
5,0.002,1.0,14,29.793461478843096
5,0.002,0.1,0,19.45488983731059
5,0.002,0.1,1,31.026495979601865
5,0.002,0.1,2,36.15647781787357
5,0.002,0.1,3,38.54821755453929
5,0.002,0.1,4,37.44809964786086
5,0.002,0.1,5,23.477487462147216
5,0.002,0.1,6,34.51294308680273
5,0.002,0.1,7,38.49034799092356
5,0.002,0.1,8,43.69949830414698
5,0.002,0.1,9,41.578789443699065
5,0.002,0.1,10,26.487836468719088
5,0.002,0.1,11,38.026793279828304
5,0.002,0.1,12,39.83636271430443
5,0.002,0.1,13,43.357147771986995
5,0.002,0.1,14,35.43800163374165
5,0.002,0.03,0,20.675993475532824
5,0.002,0.03,1,32.96801655807838
5,0.002,0.03,2,38.81877552423264
5,0.002,0.03,3,41.04034224325238
5,0.002,0.03,4,40.4710479411378
5,0.002,0.03,5,24.929138992879388
5,0.002,0.03,6,36.822857831975774
5,0.002,0.03,7,40.7658834216673
5,0.002,0.03,8,46.986700606872226
5,0.002,0.03,9,45.063150718978555
5,0.002,0.03,10,28.184329521245125
5,0.002,0.03,11,41.113923756087786
5,0.002,0.03,12,42.34280250262535
5,0.002,0.03,13,46.80245493451541
5,0.002,0.03,14,38.2371285919781
5,0.003,1.0,0,17.030910302796773
5,0.003,1.0,1,28.544232856867396
5,0.003,1.0,2,30.924535324714086
5,0.003,1.0,3,33.830779576801575
5,0.003,1.0,4,30.073671919513984
5,0.003,1.0,5,20.82213952780142
5,0.003,1.0,6,28.222038973274678
5,0.003,1.0,7,32.18674468525001
5,0.003,1.0,8,36.349250948637554
5,0.003,1.0,9,32.019142866610565
5,0.003,1.0,10,21.65373943053659
5,0.003,1.0,11,28.97058526311772
5,0.003,1.0,12,31.498523783654132
5,0.003,1.0,13,32.52718452809077
5,0.003,1.0,14,27.02795894621252
5,0.003,0.1,0,19.23983778854839
5,0.003,0.1,1,34.9896907948335
5,0.003,0.1,2,36.6728649322956
5,0.003,0.1,3,39.55824601908377
5,0.003,0.1,4,33.02893672577774
5,0.003,0.1,5,24.154851814797098
5,0.003,0.1,6,31.38333563170783
5,0.003,0.1,7,36.2826167206247
5,0.003,0.1,8,42.69512557563099
5,0.003,0.1,9,37.19816147005518
5,0.003,0.1,10,24.446372856852587
5,0.003,0.1,11,33.89481398055343
5,0.003,0.1,12,36.088332584248974
5,0.003,0.1,13,36.89133055498187
5,0.003,0.1,14,31.364153616349384
5,0.003,0.03,0,20.400879364916875
5,0.003,0.03,1,38.377508952280444
5,0.003,0.03,2,39.694263195535186
5,0.003,0.03,3,42.568678326001375
5,0.003,0.03,4,34.58226309406423
5,0.003,0.03,5,25.90656958382086
5,0.003,0.03,6,33.044955073428326
5,0.003,0.03,7,38.43546137271473
5,0.003,0.03,8,46.03060142437948
5,0.003,0.03,9,39.92032232059077
5,0.003,0.03,10,25.914218015384808
5,0.003,0.03,11,36.483053888548945
5,0.003,0.03,12,38.50079694962371
5,0.003,0.03,13,39.18518357426277
5,0.003,0.03,14,33.643315031891866
5,0.004,1.0,0,17.083897568322016
5,0.004,1.0,1,25.18400247630498
5,0.004,1.0,2,31.07645384090114
5,0.004,1.0,3,33.90105346889655
5,0.004,1.0,4,31.705944264246583
5,0.004,1.0,5,20.10350468772175
5,0.004,1.0,6,27.624513171660904
5,0.004,1.0,7,31.33410421681614
5,0.004,1.0,8,33.322970870919384
5,0.004,1.0,9,29.999228378506107
5,0.004,1.0,10,21.31148894935956
5,0.004,1.0,11,26.77800298083439
5,0.004,1.0,12,30.021839942750372
5,0.004,1.0,13,29.103873876112985
5,0.004,1.0,14,24.584303993403044
5,0.004,0.1,0,18.465516003321635
5,0.004,0.1,1,28.036442671133162
5,0.004,0.1,2,35.97330171278331
5,0.004,0.1,3,38.96565096998253
5,0.004,0.1,4,37.89508742268435
5,0.004,0.1,5,22.803341253642373
5,0.004,0.1,6,31.678838370006886
5,0.004,0.1,7,35.99457949342744
5,0.004,0.1,8,37.5330089774452
5,0.004,0.1,9,34.31878311263173
5,0.004,0.1,10,24.128479188932456
5,0.004,0.1,11,30.34273394542867
5,0.004,0.1,12,34.76126914831515
5,0.004,0.1,13,31.74132285475293
5,0.004,0.1,14,27.712261100784808
5,0.004,0.03,0,19.315648123480983
5,0.004,0.03,1,29.791595156817596
5,0.004,0.03,2,38.98641123561774
5,0.004,0.03,3,42.08197954687585
5,0.004,0.03,4,41.70336709090827
5,0.004,0.03,5,24.46459426368234
5,0.004,0.03,6,34.173530094850776
5,0.004,0.03,7,38.862245143717395
5,0.004,0.03,8,40.12351336764857
5,0.004,0.03,9,36.976674851219855
5,0.004,0.03,10,25.86181874504293
5,0.004,0.03,11,32.536170436979994
5,0.004,0.03,12,37.677516425279876
5,0.004,0.03,13,33.36418777550357
5,0.004,0.03,14,29.636943589164233
5,0.005,1.0,0,18.027623511875056
5,0.005,1.0,1,25.081560715488386
5,0.005,1.0,2,27.320503268990606
5,0.005,1.0,3,30.496259814556634
5,0.005,1.0,4,29.37239640330962
5,0.005,1.0,5,19.384359053676867
5,0.005,1.0,6,26.373027412739958
5,0.005,1.0,7,29.929502715328525
5,0.005,1.0,8,32.314651279768114
5,0.005,1.0,9,31.025251265045476
5,0.005,1.0,10,20.06469805296456
5,0.005,1.0,11,24.995571472408773
5,0.005,1.0,12,27.688047890129535
5,0.005,1.0,13,28.395127391072613
5,0.005,1.0,14,22.67084751442325
5,0.005,0.1,0,21.49791836462127
5,0.005,0.1,1,28.911687000595652
5,0.005,0.1,2,30.905358921888418
5,0.005,0.1,3,34.39604279044435
5,0.005,0.1,4,35.517352188011884
5,0.005,0.1,5,22.76454588297298
5,0.005,0.1,6,31.10896147159975
5,0.005,0.1,7,35.46539669464735
5,0.005,0.1,8,38.878039992576184
5,0.005,0.1,9,41.75797083505704
5,0.005,0.1,10,23.79969040244226
5,0.005,0.1,11,28.204650088035162
5,0.005,0.1,12,31.591525817908217
5,0.005,0.1,13,32.077329107712586
5,0.005,0.1,14,25.40886668073001
5,0.005,0.03,0,23.032640124781988
5,0.005,0.03,1,30.60554253833648
5,0.005,0.03,2,32.4907446631558
5,0.005,0.03,3,36.1207036757472
5,0.005,0.03,4,38.23493030692734
5,0.005,0.03,5,24.25941778880662
5,0.005,0.03,6,33.2034062848601
5,0.005,0.03,7,37.913620062549356
5,0.005,0.03,8,41.78066812804097
5,0.005,0.03,9,46.50446615281502
5,0.005,0.03,10,25.45147339956744
5,0.005,0.03,11,29.62385018210522
5,0.005,0.03,12,33.31782077850162
5,0.005,0.03,13,33.70576569296599
5,0.005,0.03,14,26.619742923981438
7,0.0005,1.0,0,14.195378344500254
7,0.0005,1.0,1,26.30945858635179
7,0.0005,1.0,2,32.33366706009015
7,0.0005,1.0,3,35.19321384690841
7,0.0005,1.0,4,34.80118514488316
7,0.0005,1.0,5,19.77592807678894
7,0.0005,1.0,6,30.402062577887072
7,0.0005,1.0,7,36.4138679132524
7,0.0005,1.0,8,40.972048707314066
7,0.0005,1.0,9,37.87372200935232
7,0.0005,1.0,10,25.069805345308346
7,0.0005,1.0,11,35.6672311119972
7,0.0005,1.0,12,39.64672817004153
7,0.0005,1.0,13,42.738394640379695
7,0.0005,1.0,14,37.44075231978974
7,0.0005,0.1,0,15.105343215545775
7,0.0005,0.1,1,29.255407112689362
7,0.0005,0.1,2,36.57733639820911
7,0.0005,0.1,3,38.48125212691492
7,0.0005,0.1,4,38.9335588827296
7,0.0005,0.1,5,21.94083341046675
7,0.0005,0.1,6,32.829683462192904
7,0.0005,0.1,7,39.79597747830271
7,0.0005,0.1,8,45.248074163940224
7,0.0005,0.1,9,42.172782985941915
7,0.0005,0.1,10,27.80985705178549
7,0.0005,0.1,11,38.9813230438641
7,0.0005,0.1,12,42.17511991154764
7,0.0005,0.1,13,45.508696645191996
7,0.0005,0.1,14,41.70400406262549
7,0.0005,0.03,0,15.72173841326525
7,0.0005,0.03,1,31.250944063777226
7,0.0005,0.03,2,39.451928026917216
7,0.0005,0.03,3,40.70851503585025
7,0.0005,0.03,4,41.73276070715166
7,0.0005,0.03,5,23.407304582769317
7,0.0005,0.03,6,34.47411381613648
7,0.0005,0.03,7,42.086962724428574
7,0.0005,0.03,8,48.14458329375116
7,0.0005,0.03,9,45.084895997105015
7,0.0005,0.03,10,29.66592289247559
7,0.0005,0.03,11,41.2262342669276
7,0.0005,0.03,12,43.88781078238016
7,0.0005,0.03,13,47.385253539126765
7,0.0005,0.03,14,44.591860489361856
7,0.001,1.0,0,16.55963582563467
7,0.001,1.0,1,28.26858189857385
7,0.001,1.0,2,32.82180627946525
7,0.001,1.0,3,37.09457545465222
7,0.001,1.0,4,33.71891437793077
7,0.001,1.0,5,21.537470366028277
7,0.001,1.0,6,33.01176203426251
7,0.001,1.0,7,36.86104052572745
7,0.001,1.0,8,39.63119158645355
7,0.001,1.0,9,36.80076427739599
7,0.001,1.0,10,24.81813178711755
7,0.001,1.0,11,33.80692876722413
7,0.001,1.0,12,39.73352928246862
7,0.001,1.0,13,43.00159992415727
7,0.001,1.0,14,33.28788414535027
7,0.001,0.1,0,18.452254677392236
7,0.001,0.1,1,31.75646332255689
7,0.001,0.1,2,36.421483885172734
7,0.001,0.1,3,40.954910457281365
7,0.001,0.1,4,38.6242627582487
7,0.001,0.1,5,23.941676758911093
7,0.001,0.1,6,37.594996089559984
7,0.001,0.1,7,40.49481828637848
7,0.001,0.1,8,43.44348009743047
7,0.001,0.1,9,41.26152640143933
7,0.001,0.1,10,27.41122506841138
7,0.001,0.1,11,35.91525888009243
7,0.001,0.1,12,44.114312351893574
7,0.001,0.1,13,50.01987458207921
7,0.001,0.1,14,39.285933545071785
7,0.001,0.03,0,19.73324967089443
7,0.001,0.03,1,34.117191494477204
7,0.001,0.03,2,38.857879880515966
7,0.001,0.03,3,43.5677290958662
7,0.001,0.03,4,41.944385407738324
7,0.001,0.03,5,25.568933271636222
7,0.001,0.03,6,40.697099755827836
7,0.001,0.03,7,42.95429453780168
7,0.001,0.03,8,46.023779079347676
7,0.001,0.03,9,44.28073649902304
7,0.001,0.03,10,29.1663272686969
7,0.001,0.03,11,37.34225529657965
7,0.001,0.03,12,47.07938964378529
7,0.001,0.03,13,54.77010450368887
7,0.001,0.03,14,43.34563697911868
7,0.002,1.0,0,17.854287870262144
7,0.002,1.0,1,28.253294619189717
7,0.002,1.0,2,32.32920212954929
7,0.002,1.0,3,36.526721286279695
7,0.002,1.0,4,33.36148392409833
7,0.002,1.0,5,21.528906991895685
7,0.002,1.0,6,32.814803871048966
7,0.002,1.0,7,36.581616127785246
7,0.002,1.0,8,40.312371772983454
7,0.002,1.0,9,34.875557362007314
7,0.002,1.0,10,23.80753047062847
7,0.002,1.0,11,32.84175192130921
7,0.002,1.0,12,34.75339796005319
7,0.002,1.0,13,35.967934396386084
7,0.002,1.0,14,29.04555223692715
7,0.002,0.1,0,19.940050452542685
7,0.002,0.1,1,32.77504883427832
7,0.002,0.1,2,35.98890316797493
7,0.002,0.1,3,41.335928105240086
7,0.002,0.1,4,39.36734338325432
7,0.002,0.1,5,24.265612532764983
7,0.002,0.1,6,38.863038775747185
7,0.002,0.1,7,42.24862422831881
7,0.002,0.1,8,47.286373346250954
7,0.002,0.1,9,41.14210670513236
7,0.002,0.1,10,27.059470082551556
7,0.002,0.1,11,37.843610923379146
7,0.002,0.1,12,38.08457200403622
7,0.002,0.1,13,40.72971638889538
7,0.002,0.1,14,34.41302247997346
7,0.002,0.03,0,21.032201852221768
7,0.002,0.03,1,35.1427393072823
7,0.002,0.03,2,37.90520353958931
7,0.002,0.03,3,43.85413511657255
7,0.002,0.03,4,42.51214417233609
7,0.002,0.03,5,25.69861205647007
7,0.002,0.03,6,42.030028284942226
7,0.002,0.03,7,45.21599495477187
7,0.002,0.03,8,50.938114749762114
7,0.002,0.03,9,44.42341048073701
7,0.002,0.03,10,28.762257556546015
7,0.002,0.03,11,40.4626948769014
7,0.002,0.03,12,39.82884837835529
7,0.002,0.03,13,43.22309071264005
7,0.002,0.03,14,37.22354856212675
7,0.003,1.0,0,18.20633368347575
7,0.003,1.0,1,28.163858919105625
7,0.003,1.0,2,32.81948262351539
7,0.003,1.0,3,37.69594601927257
7,0.003,1.0,4,33.549161396907756
7,0.003,1.0,5,20.999691929007124
7,0.003,1.0,6,29.755117374318534
7,0.003,1.0,7,35.173556272646735
7,0.003,1.0,8,36.51573170147679
7,0.003,1.0,9,34.072817910332915
7,0.003,1.0,10,22.373757859122193
7,0.003,1.0,11,30.06139306891784
7,0.003,1.0,12,34.35984226723684
7,0.003,1.0,13,34.02075599066057
7,0.003,1.0,14,24.556769307149622
7,0.003,0.1,0,20.15716454445055
7,0.003,0.1,1,31.356350720232378
7,0.003,0.1,2,37.09660411832179
7,0.003,0.1,3,42.33653533680888
7,0.003,0.1,4,39.35656752754872
7,0.003,0.1,5,23.064626756593057
7,0.003,0.1,6,32.78571799726999
7,0.003,0.1,7,39.97921233385753
7,0.003,0.1,8,40.04623207897631
7,0.003,0.1,9,40.44110637930428
7,0.003,0.1,10,24.690011578192387
7,0.003,0.1,11,33.74166992669983
7,0.003,0.1,12,39.22103790495223
7,0.003,0.1,13,38.12629631417132
7,0.003,0.1,14,28.00007609510108
7,0.003,0.03,0,21.298914443025847
7,0.003,0.03,1,33.2247993197781
7,0.003,0.03,2,39.59984677793878
7,0.003,0.03,3,45.05250240941259
7,0.003,0.03,4,42.75542977300841
7,0.003,0.03,5,24.273157530390005
7,0.003,0.03,6,34.55941761577411
7,0.003,0.03,7,42.7917869297574
7,0.003,0.03,8,42.112504726475805
7,0.003,0.03,9,44.16823252796131
7,0.003,0.03,10,26.045630100395584
7,0.003,0.03,11,35.89560126598669
7,0.003,0.03,12,42.06611778211947
7,0.003,0.03,13,40.52911879444669
7,0.003,0.03,14,30.015317526099743
7,0.004,1.0,0,17.91524392789142
7,0.004,1.0,1,27.155015684987468
7,0.004,1.0,2,32.26643428090519
7,0.004,1.0,3,34.30019790824465
7,0.004,1.0,4,32.23059970352914
7,0.004,1.0,5,20.900168133504785
7,0.004,1.0,6,29.737164289475487
7,0.004,1.0,7,34.6104149403173
7,0.004,1.0,8,34.887145867905666
7,0.004,1.0,9,30.799653084532792
7,0.004,1.0,10,20.93117020416054
7,0.004,1.0,11,28.085581593331227
7,0.004,1.0,12,30.847346268918383
7,0.004,1.0,13,30.548496715583262
7,0.004,1.0,14,23.02199793466182
7,0.004,0.1,0,19.882641412859467
7,0.004,0.1,1,30.5277483416832
7,0.004,0.1,2,37.66802986864771
7,0.004,0.1,3,38.948602657415236
7,0.004,0.1,4,38.88762580917103
7,0.004,0.1,5,23.636559491150145
7,0.004,0.1,6,33.88001527856329
7,0.004,0.1,7,41.46771274964447
7,0.004,0.1,8,39.518889605609566
7,0.004,0.1,9,35.71595324305607
7,0.004,0.1,10,22.99103659427297
7,0.004,0.1,11,32.459401909566715
7,0.004,0.1,12,35.74395918718346
7,0.004,0.1,13,34.293601053345064
7,0.004,0.1,14,27.315302704742923
7,0.004,0.03,0,20.92236187830619
7,0.004,0.03,1,32.310153368852376
7,0.004,0.03,2,40.52263831536626
7,0.004,0.03,3,41.405168545254064
7,0.004,0.03,4,42.4056979496167
7,0.004,0.03,5,25.082674024564646
7,0.004,0.03,6,36.06940862259349
7,0.004,0.03,7,45.09162348679592
7,0.004,0.03,8,41.96665056473962
7,0.004,0.03,9,38.31409516818852
7,0.004,0.03,10,24.079624568106098
7,0.004,0.03,11,34.77085677810364
7,0.004,0.03,12,38.331696897224134
7,0.004,0.03,13,36.272795219727506
7,0.004,0.03,14,29.584207116769182
7,0.005,1.0,0,18.74677554237703
7,0.005,1.0,1,25.835171879788067
7,0.005,1.0,2,28.998530344369225
7,0.005,1.0,3,31.879420835072274
7,0.005,1.0,4,29.636046629286025
7,0.005,1.0,5,20.86515256123243
7,0.005,1.0,6,27.322114495691064
7,0.005,1.0,7,31.993885703406878
7,0.005,1.0,8,32.98857914434497
7,0.005,1.0,9,27.41415817536002
7,0.005,1.0,10,19.635985640115198
7,0.005,1.0,11,26.371738854774765
7,0.005,1.0,12,30.307027413564818
7,0.005,1.0,13,30.905682644698224
7,0.005,1.0,14,23.902139779339215
7,0.005,0.1,0,21.72234338854102
7,0.005,0.1,1,29.768848787014548
7,0.005,0.1,2,32.29455127786973
7,0.005,0.1,3,35.74872643246373
7,0.005,0.1,4,33.51444032049064
7,0.005,0.1,5,24.60100593769019
7,0.005,0.1,6,30.869317015775987
7,0.005,0.1,7,37.219627626156054
7,0.005,0.1,8,38.02290439501847
7,0.005,0.1,9,30.61669684564261
7,0.005,0.1,10,21.687006758789234
7,0.005,0.1,11,29.821571335393983
7,0.005,0.1,12,36.04114629390822
7,0.005,0.1,13,35.592441299890424
7,0.005,0.1,14,29.670214961143728
7,0.005,0.03,0,23.182557397710454
7,0.005,0.03,1,31.699240034817354
7,0.005,0.03,2,33.91202269523896
7,0.005,0.03,3,37.64752845317804
7,0.005,0.03,4,35.4177021830196
7,0.005,0.03,5,26.43431834007388
7,0.005,0.03,6,32.61005192117114
7,0.005,0.03,7,39.78407984449133
7,0.005,0.03,8,40.49342183498403
7,0.005,0.03,9,32.1882932847163
7,0.005,0.03,10,22.693513726678127
7,0.005,0.03,11,31.514523396286197
7,0.005,0.03,12,38.85507666021281
7,0.005,0.03,13,37.8923957958803
7,0.005,0.03,14,32.500808858463756
9,0.0005,1.0,0,15.028044578803845
9,0.0005,1.0,1,26.36773604711037
9,0.0005,1.0,2,31.953259338451083
9,0.0005,1.0,3,35.90408955367493
9,0.0005,1.0,4,36.45671986437665
9,0.0005,1.0,5,20.776179512390378
9,0.0005,1.0,6,32.72496090707806
9,0.0005,1.0,7,38.07090551562653
9,0.0005,1.0,8,41.85083289144245
9,0.0005,1.0,9,38.52703781148477
9,0.0005,1.0,10,24.531680945240673
9,0.0005,1.0,11,35.504763078198565
9,0.0005,1.0,12,41.58970331180987
9,0.0005,1.0,13,44.414936693549095
9,0.0005,1.0,14,34.756207313839475
9,0.0005,0.1,0,16.85243926913392
9,0.0005,0.1,1,29.16789139335514
9,0.0005,0.1,2,35.255683641575814
9,0.0005,0.1,3,39.46844243266423
9,0.0005,0.1,4,42.12960270367656
9,0.0005,0.1,5,23.958842770964992
9,0.0005,0.1,6,36.07685490417481
9,0.0005,0.1,7,42.06510872236013
9,0.0005,0.1,8,45.88518773870145
9,0.0005,0.1,9,43.562762718796726
9,0.0005,0.1,10,27.0700570958476
9,0.0005,0.1,11,38.467446593544246
9,0.0005,0.1,12,45.84066851297267
9,0.0005,0.1,13,47.43396274626964
9,0.0005,0.1,14,38.549896692469716
9,0.0005,0.03,0,18.025331027629043
9,0.0005,0.03,1,30.96809347984683
9,0.0005,0.03,2,37.37879125020857
9,0.0005,0.03,3,41.759942259041466
9,0.0005,0.03,4,45.77666304889138
9,0.0005,0.03,5,26.00495676473682
9,0.0005,0.03,6,38.231766264847955
9,0.0005,0.03,7,44.632956594184975
9,0.0005,0.03,8,48.47884884519086
9,0.0005,0.03,9,46.8001982765412
9,0.0005,0.03,10,28.70196300019376
9,0.0005,0.03,11,40.37213700762872
9,0.0005,0.03,12,48.573587040153505
9,0.0005,0.03,13,49.374875419764294
9,0.0005,0.03,14,40.988835497800736
9,0.001,1.0,0,15.72203315268152
9,0.001,1.0,1,28.791849315623466
9,0.001,1.0,2,34.343310614559705
9,0.001,1.0,3,37.789410384341956
9,0.001,1.0,4,37.87206084726239
9,0.001,1.0,5,21.553662770346445
9,0.001,1.0,6,34.228889824556674
9,0.001,1.0,7,38.30297426362371
9,0.001,1.0,8,41.842179123206265
9,0.001,1.0,9,38.09854056422215
9,0.001,1.0,10,24.966665527099
9,0.001,1.0,11,35.92845187188766
9,0.001,1.0,12,42.14624429117792
9,0.001,1.0,13,42.166583756679856
9,0.001,1.0,14,31.62323102448623
9,0.001,0.1,0,16.76938464252538
9,0.001,0.1,1,32.81395934898838
9,0.001,0.1,2,39.44726495914459
9,0.001,0.1,3,42.19712203151576
9,0.001,0.1,4,44.99067779306452
9,0.001,0.1,5,24.57027997288709
9,0.001,0.1,6,38.919926415256825
9,0.001,0.1,7,42.96989013877942
9,0.001,0.1,8,48.1345503970006
9,0.001,0.1,9,43.56150267893207
9,0.001,0.1,10,28.07470654217709
9,0.001,0.1,11,40.24772520879659
9,0.001,0.1,12,49.25101817789813
9,0.001,0.1,13,48.23388563630144
9,0.001,0.1,14,40.337017856127154
9,0.001,0.03,0,17.340791701151538
9,0.001,0.03,1,35.008315385067945
9,0.001,0.03,2,42.23184641788318
9,0.001,0.03,3,44.60185203095399
9,0.001,0.03,4,48.87440547181498
9,0.001,0.03,5,26.216065919075795
9,0.001,0.03,6,41.479230952646915
9,0.001,0.03,7,45.516035056638856
9,0.001,0.03,8,51.56750045837741
9,0.001,0.03,9,46.54194920870013
9,0.001,0.03,10,29.770370883839504
9,0.001,0.03,11,42.60420562323078
9,0.001,0.03,12,53.12719345256163
9,0.001,0.03,13,51.544043834814524
9,0.001,0.03,14,45.09102770978727
9,0.002,1.0,0,17.749262660440966
9,0.002,1.0,1,28.88898218786614
9,0.002,1.0,2,33.684412125018
9,0.002,1.0,3,39.28156588717242
9,0.002,1.0,4,33.52475723495781
9,0.002,1.0,5,22.17419736363815
9,0.002,1.0,6,31.46639019343755
9,0.002,1.0,7,39.186966688576426
9,0.002,1.0,8,43.132471245259794
9,0.002,1.0,9,34.97800516813385
9,0.002,1.0,10,24.046700903824913
9,0.002,1.0,11,33.99714102997613
9,0.002,1.0,12,37.680392859267656
9,0.002,1.0,13,37.58448123621057
9,0.002,1.0,14,24.285557587912795
9,0.002,0.1,0,19.421812728007378
9,0.002,0.1,1,31.780724235020312
9,0.002,0.1,2,37.18927936183788
9,0.002,0.1,3,43.61513851219836
9,0.002,0.1,4,36.856208775760315
9,0.002,0.1,5,24.914175480704372
9,0.002,0.1,6,34.76135448001832
9,0.002,0.1,7,44.99177000886556
9,0.002,0.1,8,50.31440036575231
9,0.002,0.1,9,40.050179376997605
9,0.002,0.1,10,27.11351432478919
9,0.002,0.1,11,39.414232864469255
9,0.002,0.1,12,43.53494615109728
9,0.002,0.1,13,41.95457434983618
9,0.002,0.1,14,28.106196401957213
9,0.002,0.03,0,20.35402841338486
9,0.002,0.03,1,33.39247107997128
9,0.002,0.03,2,39.142758828125594
9,0.002,0.03,3,46.03050678912512
9,0.002,0.03,4,38.71303294003171
9,0.002,0.03,5,26.441334893060056
9,0.002,0.03,6,36.59784203891003
9,0.002,0.03,7,48.22714622309056
9,0.002,0.03,8,54.31733403406031
9,0.002,0.03,9,42.877216036862585
9,0.002,0.03,10,28.82283928347868
9,0.002,0.03,11,42.43351346788487
9,0.002,0.03,12,46.798051104040766
9,0.002,0.03,13,44.39029775571869
9,0.002,0.03,14,30.235674914846506
9,0.003,1.0,0,18.34117897461026
9,0.003,1.0,1,28.951446816063214
9,0.003,1.0,2,35.239431431274774
9,0.003,1.0,3,38.63256757789948
9,0.003,1.0,4,37.103158764881
9,0.003,1.0,5,22.19288492565537
9,0.003,1.0,6,31.93075349502633
9,0.003,1.0,7,36.61561868683239
9,0.003,1.0,8,38.987290525773986
9,0.003,1.0,9,35.86694459898014
9,0.003,1.0,10,22.923026839941446
9,0.003,1.0,11,31.01688816990767
9,0.003,1.0,12,34.42074750438257
9,0.003,1.0,13,33.42212792455756
9,0.003,1.0,14,21.9867293483604
9,0.003,0.1,0,19.92358650864639
9,0.003,0.1,1,32.47439162397954
9,0.003,0.1,2,41.48223884409832
9,0.003,0.1,3,43.668277218735696
9,0.003,0.1,4,44.50286518102163
9,0.003,0.1,5,24.900927609662297
9,0.003,0.1,6,35.321913147466965
9,0.003,0.1,7,41.13280212923718
9,0.003,0.1,8,43.128828872459536
9,0.003,0.1,9,43.56982485413572
9,0.003,0.1,10,25.171836761364144
9,0.003,0.1,11,34.62586582360825
9,0.003,0.1,12,39.0314738920611
9,0.003,0.1,13,36.2348859694277
9,0.003,0.1,14,25.27745251282442
9,0.003,0.03,0,20.914145889154387
9,0.003,0.03,1,34.67969332498483
9,0.003,0.03,2,45.39012686312492
9,0.003,0.03,3,46.82054319001928
9,0.003,0.03,4,49.134951698467354
9,0.003,0.03,5,26.59611486437481
9,0.003,0.03,6,37.44471965102132
9,0.003,0.03,7,43.96047978881996
9,0.003,0.03,8,45.72135928627725
9,0.003,0.03,9,48.39169288089649
9,0.003,0.03,10,26.579552355944873
9,0.003,0.03,11,36.88502257812559
9,0.003,0.03,12,41.917707795802386
9,0.003,0.03,13,37.99562320463214
9,0.003,0.03,14,27.337387535315514
9,0.004,1.0,0,18.828009582364405
9,0.004,1.0,1,27.976465463975345
9,0.004,1.0,2,31.835741509013474
9,0.004,1.0,3,37.515028520820174
9,0.004,1.0,4,32.88428614190759
9,0.004,1.0,5,21.50579568427905
9,0.004,1.0,6,29.70685775131264
9,0.004,1.0,7,33.31277105569966
9,0.004,1.0,8,36.07910961956116
9,0.004,1.0,9,30.810028659749342
9,0.004,1.0,10,21.82248006947421
9,0.004,1.0,11,27.238050513330723
9,0.004,1.0,12,31.519615244857963
9,0.004,1.0,13,31.965087833880677
9,0.004,1.0,14,20.203726247529133
9,0.004,0.1,0,20.90967262905818
9,0.004,0.1,1,31.108462760345937
9,0.004,0.1,2,36.22053609788273
9,0.004,0.1,3,43.60526949818952
9,0.004,0.1,4,38.2560049000078
9,0.004,0.1,5,24.271176350361337
9,0.004,0.1,6,33.9608123996927
9,0.004,0.1,7,37.05670142036868
9,0.004,0.1,8,40.59083363606371
9,0.004,0.1,9,36.52987626589751
9,0.004,0.1,10,24.936057054728085
9,0.004,0.1,11,29.652985270947724
9,0.004,0.1,12,35.008437871652305
9,0.004,0.1,13,34.96862185462368
9,0.004,0.1,14,23.728654063688627
9,0.004,0.03,0,22.086097093349245
9,0.004,0.03,1,32.87846979745787
9,0.004,0.03,2,38.69854503089891
9,0.004,0.03,3,47.04708900427369
9,0.004,0.03,4,41.29176103371887
9,0.004,0.03,5,25.833994825629826
9,0.004,0.03,6,36.36487886294062
9,0.004,0.03,7,39.17253437450323
9,0.004,0.03,8,43.140575063992294
9,0.004,0.03,9,39.76237283472345
9,0.004,0.03,10,26.695654095528663
9,0.004,0.03,11,31.017753854912204
9,0.004,0.03,12,36.98010004639852
9,0.004,0.03,13,36.666029562823425
9,0.004,0.03,14,25.72072061085452
9,0.005,1.0,0,19.083429796595485
9,0.005,1.0,1,26.66785529289106
9,0.005,1.0,2,29.871109958831543
9,0.005,1.0,3,33.87324794938179
9,0.005,1.0,4,31.714220218686144
9,0.005,1.0,5,21.525170904738385
9,0.005,1.0,6,27.95632208963906
9,0.005,1.0,7,30.008768225275766
9,0.005,1.0,8,33.48946228744977
9,0.005,1.0,9,27.664930390940146
9,0.005,1.0,10,19.86525245175533
9,0.005,1.0,11,27.156006729237003
9,0.005,1.0,12,28.51063462956641
9,0.005,1.0,13,30.44193754902765
9,0.005,1.0,14,21.35730221543851
9,0.005,0.1,0,21.334185769807032
9,0.005,0.1,1,29.522708599076353
9,0.005,0.1,2,32.63766468998059
9,0.005,0.1,3,37.07901749899641
9,0.005,0.1,4,36.443828742066316
9,0.005,0.1,5,24.609631008403205
9,0.005,0.1,6,30.754752799946985
9,0.005,0.1,7,32.208842670743294
9,0.005,0.1,8,37.1360916528709
9,0.005,0.1,9,31.574827123758592
9,0.005,0.1,10,21.52939401201702
9,0.005,0.1,11,30.044488091509553
9,0.005,0.1,12,30.80589158340996
9,0.005,0.1,13,32.92688458488407
9,0.005,0.1,14,26.377077990178275
9,0.005,0.03,0,22.7547877371633
9,0.005,0.03,1,31.32459661872405
9,0.005,0.03,2,34.38382159932393
9,0.005,0.03,3,39.102392126577726
9,0.005,0.03,4,39.428999614922795
9,0.005,0.03,5,26.556439166928676
9,0.005,0.03,6,32.52102876228562
9,0.005,0.03,7,33.59745615117397
9,0.005,0.03,8,39.43772226604867
9,0.005,0.03,9,34.04262330286916
9,0.005,0.03,10,22.579744562056362
9,0.005,0.03,11,31.867601016568813
9,0.005,0.03,12,32.25458108286101
9,0.005,0.03,13,34.49530012611963
9,0.005,0.03,14,29.545392736937544
