d,p,part,alarm_line,quiet_seconds,alarms
5,0.0005,0,1.0,26.0,21
5,0.0005,0,0.1,26.0,3
5,0.0005,0,0.03,26.0,2
5,0.0005,1,1.0,26.0,22
5,0.0005,1,0.1,26.0,3
5,0.0005,1,0.03,26.0,0
5,0.0005,2,1.0,26.0,19
5,0.0005,2,0.1,26.0,2
5,0.0005,2,0.03,26.0,1
5,0.0005,3,1.0,26.0,20
5,0.0005,3,0.1,26.0,1
5,0.0005,3,0.03,26.0,0
5,0.001,0,1.0,26.0,29
5,0.001,0,0.1,26.0,7
5,0.001,0,0.03,26.0,2
5,0.001,1,1.0,26.0,28
5,0.001,1,0.1,26.0,5
5,0.001,1,0.03,26.0,2
5,0.001,2,1.0,26.0,20
5,0.001,2,0.1,26.0,4
5,0.001,2,0.03,26.0,2
5,0.001,3,1.0,26.0,27
5,0.001,3,0.1,26.0,4
5,0.001,3,0.03,26.0,0
5,0.002,0,1.0,26.0,22
5,0.002,0,0.1,26.0,0
5,0.002,0,0.03,26.0,0
5,0.002,1,1.0,26.0,25
5,0.002,1,0.1,26.0,3
5,0.002,1,0.03,26.0,1
5,0.002,2,1.0,26.0,27
5,0.002,2,0.1,26.0,3
5,0.002,2,0.03,26.0,0
5,0.002,3,1.0,26.0,32
5,0.002,3,0.1,26.0,0
5,0.002,3,0.03,26.0,0
5,0.003,0,1.0,26.0,33
5,0.003,0,0.1,26.0,1
5,0.003,0,0.03,26.0,0
5,0.003,1,1.0,26.0,25
5,0.003,1,0.1,26.0,4
5,0.003,1,0.03,26.0,1
5,0.003,2,1.0,26.0,32
5,0.003,2,0.1,26.0,4
5,0.003,2,0.03,26.0,2
5,0.003,3,1.0,26.0,24
5,0.003,3,0.1,26.0,1
5,0.003,3,0.03,26.0,0
5,0.004,0,1.0,26.0,22
5,0.004,0,0.1,26.0,2
5,0.004,0,0.03,26.0,1
5,0.004,1,1.0,26.0,39
5,0.004,1,0.1,26.0,7
5,0.004,1,0.03,26.0,2
5,0.004,2,1.0,26.0,31
5,0.004,2,0.1,26.0,4
5,0.004,2,0.03,26.0,2
5,0.004,3,1.0,26.0,32
5,0.004,3,0.1,26.0,6
5,0.004,3,0.03,26.0,3
5,0.005,0,1.0,26.0,36
5,0.005,0,0.1,26.0,4
5,0.005,0,0.03,26.0,2
5,0.005,1,1.0,26.0,23
5,0.005,1,0.1,26.0,2
5,0.005,1,0.03,26.0,1
5,0.005,2,1.0,26.0,32
5,0.005,2,0.1,26.0,5
5,0.005,2,0.03,26.0,2
5,0.005,3,1.0,26.0,28
5,0.005,3,0.1,26.0,2
5,0.005,3,0.03,26.0,1
7,0.0005,0,1.0,26.0,31
7,0.0005,0,0.1,26.0,6
7,0.0005,0,0.03,26.0,2
7,0.0005,1,1.0,26.0,27
7,0.0005,1,0.1,26.0,8
7,0.0005,1,0.03,26.0,2
7,0.0005,2,1.0,26.0,27
7,0.0005,2,0.1,26.0,9
7,0.0005,2,0.03,26.0,5
7,0.0005,3,1.0,26.0,28
7,0.0005,3,0.1,26.0,12
7,0.0005,3,0.03,26.0,5
7,0.001,0,1.0,26.0,24
7,0.001,0,0.1,26.0,7
7,0.001,0,0.03,26.0,5
7,0.001,1,1.0,26.0,21
7,0.001,1,0.1,26.0,7
7,0.001,1,0.03,26.0,1
7,0.001,2,1.0,26.0,32
7,0.001,2,0.1,26.0,3
7,0.001,2,0.03,26.0,2
7,0.001,3,1.0,26.0,26
7,0.001,3,0.1,26.0,5
7,0.001,3,0.03,26.0,3
7,0.002,0,1.0,26.0,23
7,0.002,0,0.1,26.0,2
7,0.002,0,0.03,26.0,0
7,0.002,1,1.0,26.0,33
7,0.002,1,0.1,26.0,3
7,0.002,1,0.03,26.0,1
7,0.002,2,1.0,26.0,30
7,0.002,2,0.1,26.0,3
7,0.002,2,0.03,26.0,1
7,0.002,3,1.0,26.0,34
7,0.002,3,0.1,26.0,3
7,0.002,3,0.03,26.0,0
7,0.003,0,1.0,26.0,28
7,0.003,0,0.1,26.0,4
7,0.003,0,0.03,26.0,2
7,0.003,1,1.0,26.0,20
7,0.003,1,0.1,26.0,7
7,0.003,1,0.03,26.0,5
7,0.003,2,1.0,26.0,21
7,0.003,2,0.1,26.0,4
7,0.003,2,0.03,26.0,3
7,0.003,3,1.0,26.0,22
7,0.003,3,0.1,26.0,4
7,0.003,3,0.03,26.0,2
7,0.004,0,1.0,26.0,34
7,0.004,0,0.1,26.0,6
7,0.004,0,0.03,26.0,1
7,0.004,1,1.0,26.0,39
7,0.004,1,0.1,26.0,3
7,0.004,1,0.03,26.0,1
7,0.004,2,1.0,26.0,23
7,0.004,2,0.1,26.0,2
7,0.004,2,0.03,26.0,0
7,0.004,3,1.0,26.0,27
7,0.004,3,0.1,26.0,2
7,0.004,3,0.03,26.0,2
7,0.005,0,1.0,26.0,26
7,0.005,0,0.1,26.0,6
7,0.005,0,0.03,26.0,3
7,0.005,1,1.0,26.0,31
7,0.005,1,0.1,26.0,2
7,0.005,1,0.03,26.0,1
7,0.005,2,1.0,26.0,30
7,0.005,2,0.1,26.0,6
7,0.005,2,0.03,26.0,3
7,0.005,3,1.0,26.0,24
7,0.005,3,0.1,26.0,4
7,0.005,3,0.03,26.0,1
9,0.0005,0,1.0,26.0,34
9,0.0005,0,0.1,26.0,8
9,0.0005,0,0.03,26.0,5
9,0.0005,1,1.0,26.0,34
9,0.0005,1,0.1,26.0,4
9,0.0005,1,0.03,26.0,1
9,0.0005,2,1.0,26.0,33
9,0.0005,2,0.1,26.0,2
9,0.0005,2,0.03,26.0,0
9,0.0005,3,1.0,26.0,37
9,0.0005,3,0.1,26.0,7
9,0.0005,3,0.03,26.0,1
9,0.001,0,1.0,26.0,43
9,0.001,0,0.1,26.0,6
9,0.001,0,0.03,26.0,0
9,0.001,1,1.0,26.0,33
9,0.001,1,0.1,26.0,2
9,0.001,1,0.03,26.0,0
9,0.001,2,1.0,26.0,37
9,0.001,2,0.1,26.0,7
9,0.001,2,0.03,26.0,3
9,0.001,3,1.0,26.0,29
9,0.001,3,0.1,26.0,8
9,0.001,3,0.03,26.0,5
9,0.002,0,1.0,26.0,33
9,0.002,0,0.1,26.0,4
9,0.002,0,0.03,26.0,0
9,0.002,1,1.0,26.0,35
9,0.002,1,0.1,26.0,4
9,0.002,1,0.03,26.0,2
9,0.002,2,1.0,26.0,34
9,0.002,2,0.1,26.0,5
9,0.002,2,0.03,26.0,2
9,0.002,3,1.0,26.0,35
9,0.002,3,0.1,26.0,4
9,0.002,3,0.03,26.0,1
9,0.003,0,1.0,26.0,24
9,0.003,0,0.1,26.0,3
9,0.003,0,0.03,26.0,1
9,0.003,1,1.0,26.0,16
9,0.003,1,0.1,26.0,1
9,0.003,1,0.03,26.0,0
9,0.003,2,1.0,26.0,26
9,0.003,2,0.1,26.0,6
9,0.003,2,0.03,26.0,0
9,0.003,3,1.0,26.0,22
9,0.003,3,0.1,26.0,7
9,0.003,3,0.03,26.0,3
9,0.004,0,1.0,26.0,39
9,0.004,0,0.1,26.0,5
9,0.004,0,0.03,26.0,3
9,0.004,1,1.0,26.0,42
9,0.004,1,0.1,26.0,5
9,0.004,1,0.03,26.0,1
9,0.004,2,1.0,26.0,28
9,0.004,2,0.1,26.0,5
9,0.004,2,0.03,26.0,1
9,0.004,3,1.0,26.0,29
9,0.004,3,0.1,26.0,4
9,0.004,3,0.03,26.0,1
9,0.005,0,1.0,26.0,38
9,0.005,0,0.1,26.0,11
9,0.005,0,0.03,26.0,6
9,0.005,1,1.0,26.0,40
9,0.005,1,0.1,26.0,7
9,0.005,1,0.03,26.0,2
9,0.005,2,1.0,26.0,45
9,0.005,2,0.1,26.0,7
9,0.005,2,0.03,26.0,2
9,0.005,3,1.0,26.0,41
9,0.005,3,0.1,26.0,6
9,0.005,3,0.03,26.0,4
