     shots,    errors,  discards, seconds,decoder,strong_id,json_metadata,custom_counts
    270224,       127,         0,  1034.9,union-find,4f0b3b47a207dd08717ddf6ded0b44d6732f8b5d8a66fa509387fc4123331a99,"{""basis"":""x"",""d"":5,""p"":0.0005}",
    293136,       122,         0,    5.08,pymatching,dcd77f346db03f77eda0edcb4bafc4b0d0c3b68afc0bdb83c2b4ac2a945c7eb5,"{""basis"":""x"",""d"":5,""p"":0.0005}",
    238160,       135,         0,  6972.1,relay-bp-1,a05bf08500f953f0417f57319b86133ea0a111bb081f79275947c577a179ac44,"{""basis"":""x"",""d"":5,""p"":0.0005}",
    958448,       123,         0, 10832.6,tesseract-short-beam,68ef37b68e2a683fc58d633106ae1e606c4f4005a5c13e2b9054306826712452,"{""basis"":""x"",""d"":5,""p"":0.0005}",
     31376,       111,         0,   124.6,union-find,ebc26b7a70b57e03454d1a03f8a27f09042e509ddb2e5115701893a060830703,"{""basis"":""x"",""d"":5,""p"":0.001}",
     49424,       150,         0,    1.56,pymatching,7af2c1617bb24f64f335982d01dfb3101fdc53701d354c25726b52fec062fe68,"{""basis"":""x"",""d"":5,""p"":0.001}",
     21136,       110,         0,   344.5,relay-bp-1,9cc31a0b0e9f0e19cc47c5f4b2f3a61a1d28a100d913444962444c0d46d9ecdd,"{""basis"":""x"",""d"":5,""p"":0.001}",
    119520,       123,         0,  2630.2,tesseract-short-beam,b0288c309e78e7f3fa214d79191ef0cebb680aff0969b78fb9c8b50e0dab6e6e,"{""basis"":""x"",""d"":5,""p"":0.001}",
      5136,       134,         0,    40.4,union-find,3c4d5af85196d0f4b4a1937e571167fa8422a97e59772030acc4733d9f2c83c9,"{""basis"":""x"",""d"":5,""p"":0.002}",
     21776,       516,         0,    1.12,pymatching,90f504f4fc823f606a977cddce5d5c86e775242ea1c4e1e3e54440cfc40c48bb,"{""basis"":""x"",""d"":5,""p"":0.002}",
      3096,       113,         0,   126.9,relay-bp-1,4e5b2a3fc8ea20e25d6e9fa694cce1875425f00b0f0ed1e07a07b86eaea2bfb4,"{""basis"":""x"",""d"":5,""p"":0.002}",
     14248,       121,         0,   746.1,tesseract-short-beam,350aaf5d42366dc3c1072078af982acec4513659b1e6754603df9cea50b2f1a6,"{""basis"":""x"",""d"":5,""p"":0.002}",
      2128,       203,         0,    10.2,union-find,956f505f605f366ef61e2238a7af0067bb521409f00a4dedc165e4bfe1d5c571,"{""basis"":""x"",""d"":5,""p"":0.003}",
      9216,       690,         0,   0.453,pymatching,a2ae6c9058cbab1322aa7fafb893f4801a58cd59eb33a519fd34c6ea5c483262,"{""basis"":""x"",""d"":5,""p"":0.003}",
      1120,       126,         0,    25.4,relay-bp-1,c06f9be5f9d1db4235ae363fae45e462fc16dfae9c18a3de4cdf62f8e6dbee3b,"{""basis"":""x"",""d"":5,""p"":0.003}",
      3989,       110,         0,   383.4,tesseract-short-beam,5e938557ad4aad60bd55d0418d824e6ed5bc6d7e801fe37b7322446d046af360,"{""basis"":""x"",""d"":5,""p"":0.003}",
      1680,       266,         0,    8.38,union-find,383977338d70e0aa74ecbc66b14701ad200542f104e35a3f0f0059fb26f20b5b,"{""basis"":""x"",""d"":5,""p"":0.004}",
      6416,      1030,         0,   0.414,pymatching,f31f2889395827ab2c7ae419b364d62799fa4c035450a66b6e98f989156ecb63,"{""basis"":""x"",""d"":5,""p"":0.004}",
       736,       161,         0,    19.4,relay-bp-1,d4bacba06c75325cf43647d9f073733d212caf774b2c894bf33f10e56ed95839,"{""basis"":""x"",""d"":5,""p"":0.004}",
      1700,       119,         0,   287.2,tesseract-short-beam,6ad1b22afdc65945b82228e162dc5836e39568a6ee6829cc51e86152a3c4eec1,"{""basis"":""x"",""d"":5,""p"":0.004}",
      1424,       379,         0,    7.31,union-find,147f42ffa3f926671ea8f8bb630b1e35ee69333ed7e94148aeec2a01b74f86e6,"{""basis"":""x"",""d"":5,""p"":0.005}",
      5599,      1457,         0,   0.616,pymatching,7beb318d1985de9c211a867ed704e5f5985cad240865f5ab23074d1777837c9a,"{""basis"":""x"",""d"":5,""p"":0.005}",
       432,       140,         0,    30.1,relay-bp-1,2bea91d82ad5772e5d9cee5f991553f6feb061e92a324c0e0a0e4d2f691e0da4,"{""basis"":""x"",""d"":5,""p"":0.005}",
       867,       113,         0,   251.5,tesseract-short-beam,ca68856e0344ee5a81f104787afd9c1bd1bdaaf666f2fd274c05404673fd618b,"{""basis"":""x"",""d"":5,""p"":0.005}",
   5800544,       101,         0, 57045.3,union-find,7c292e26e59d2c6cc57a61a2e6fdd8ea7e5d4c844cab47c7b539d3937f698381,"{""basis"":""x"",""d"":7,""p"":0.0005}",
   5948416,       105,         0,   246.4,pymatching,7de627c924f431061be40de0f3ade87290584baa9555479d76266f5860f67e08,"{""basis"":""x"",""d"":7,""p"":0.0005}",
   1429844,       101,         0,103236.9,relay-bp-1,45e0e893d8fe77d5ca74b6f142a2324df110535d2f74da8e89a2b328861128f7,"{""basis"":""x"",""d"":7,""p"":0.0005}",
   7015272,        15,         0,325823.1,tesseract-short-beam,870368aa826702fdb02cbc47f613656dee81fcaea9be9f1930c4372cf5740407,"{""basis"":""x"",""d"":7,""p"":0.0005}",
    303248,       132,         0,  5046.5,union-find,cc9d1a09902694a63d82946b321d6d737d5e3d41be7a9c99abab13104eece668,"{""basis"":""x"",""d"":7,""p"":0.001}",
    346384,       115,         0,    21.6,pymatching,25d1823c36bebdc422f56ead0a850859ce5e15351bad0112c5d08a4957adb1d5,"{""basis"":""x"",""d"":7,""p"":0.001}",
    120227,       101,         0,  8982.8,relay-bp-1,43465ab12e11ad2c8379417070f78b0025ab669050158b96aa6dc508f0ecdee3,"{""basis"":""x"",""d"":7,""p"":0.001}",
   2204297,       100,         0,208518.0,tesseract-short-beam,53c1c6d4aa44d6108dd980efab94944cb4b76a539091a28c089e9b71f458d281,"{""basis"":""x"",""d"":7,""p"":0.001}",
     19344,       130,         0,   334.8,union-find,8677b2e11d2d76912d83a6d84775f4844eb4d6c0b3c4339f2fc1b00f8f200dc2,"{""basis"":""x"",""d"":7,""p"":0.002}",
     34064,       191,         0,    4.08,pymatching,cd0052f929fbdb7ccc20c61aa5b495bd3db4137042d07dc7e01c192b96ef46bb,"{""basis"":""x"",""d"":7,""p"":0.002}",
      8851,       117,         0,  1032.9,relay-bp-1,6c43be3f8a310feadab7da691f1025f6ab3fb1741a40cdb83f912aaab6682fe1,"{""basis"":""x"",""d"":7,""p"":0.002}",
    105086,       102,         0, 32049.9,tesseract-short-beam,0e030863bb0b9ac43848ceb4949478a678b39fbd4faff9f286f47abd6d86aebe,"{""basis"":""x"",""d"":7,""p"":0.002}",
      4336,       115,         0,    74.9,union-find,536c578449551a4cf7287db476778f76672bb5a607f03c7e5eb6912f268a1141,"{""basis"":""x"",""d"":7,""p"":0.003}",
     20752,       585,         0,    3.42,pymatching,a6eb7deacdfd6c28cfae330c2fc5836b31e1e8466bd1926d908243db6b0c7cbf,"{""basis"":""x"",""d"":7,""p"":0.003}",
      2106,       109,         0,   325.4,relay-bp-1,294e853271ab3ecd297864a16ad06d2c2f79d81a32993514195f65db08ba407a,"{""basis"":""x"",""d"":7,""p"":0.003}",
     17999,       122,         0, 10884.5,tesseract-short-beam,129872f228390a934c51fd482fcfcb2142b77b7b301dba108ceaa25a99b982df,"{""basis"":""x"",""d"":7,""p"":0.003}",
      1264,       123,         0,    26.5,union-find,8123ad32f5506f3b4b33cd86843714753270fc25d28ba3518a16ea9cdd49100d,"{""basis"":""x"",""d"":7,""p"":0.004}",
     14472,      1186,         0,    3.48,pymatching,4a6b8617f428ff1bb96270b8e485cdfd62e61eed17fe50c96ba1fe277a20156d,"{""basis"":""x"",""d"":7,""p"":0.004}",
       800,       113,         0,   235.2,relay-bp-1,96db370900504f9bc5de150e16162080794d73e2ba1cdbe498437b2427d2b054,"{""basis"":""x"",""d"":7,""p"":0.004}",
      4370,       112,         0,  5377.7,tesseract-short-beam,eebeb244f33004ff88b3210ec618f413e9b8abdb58014729d0a1332d9f5ee9e0,"{""basis"":""x"",""d"":7,""p"":0.004}",
       800,       174,         0,    16.1,union-find,8cca363ed8590a79b1b128040aa0146646a445f254d3142af7416d6921107d50,"{""basis"":""x"",""d"":7,""p"":0.005}",
      8464,      1475,         0,    2.35,pymatching,dc5edbbb2afecff1ca7257300c11de76ea751a53e01d82d6261c682ccd4fd618,"{""basis"":""x"",""d"":7,""p"":0.005}",
       380,       117,         0,   126.8,relay-bp-1,4f45fe00ca4196777e8d83793d80e1ad00e0eaafa92042a39c99ebc46e439e92,"{""basis"":""x"",""d"":7,""p"":0.005}",
      1818,       106,         0,  3236.1,tesseract-short-beam,d6f06bbf099c391afcea4fb04ab04ae412dd131aecfc590d917182c96a8fb13b,"{""basis"":""x"",""d"":7,""p"":0.005}",
  15083152,        11,         0,325618.4,union-find,4e3145a0b6e2eb4e718308d9079284a834f1edbba1ef00909ef9449b240f69f2,"{""basis"":""x"",""d"":9,""p"":0.0005}",
 105336492,       111,         0,  4938.6,pymatching,cf8dfabf827a78fba1aa1a63f5da7c8f22e5755f6b9a0bb6bcd5e3481fc7fecc,"{""basis"":""x"",""d"":9,""p"":0.0005}",
   5177950,        34,         0,325642.6,relay-bp-1,8377d8d5348bdd64ffc29c9f797048f024524bbae659fca8aaa35fe49440783c,"{""basis"":""x"",""d"":9,""p"":0.0005}",
   2527071,         0,         0,325939.4,tesseract-short-beam,03571e873e0dee85eaa544f58169aa01d58d5cbf21fef777e33fb833d8af623b,"{""basis"":""x"",""d"":9,""p"":0.0005}",
   2995472,       102,         0, 47405.0,union-find,be423c1287d8d2741f6282c281fc43d87b50eb19dfa044a5517e6a8b1a1686d7,"{""basis"":""x"",""d"":9,""p"":0.001}",
   4022344,       130,         0,   344.7,pymatching,6f9c9e640ff2de324b52083957b545107930e66a698deb3a49580489fac9f7e3,"{""basis"":""x"",""d"":9,""p"":0.001}",
    779583,       101,         0,124432.3,relay-bp-1,811370a06410592f0c7c25b71785ddbbd63ceeae15473d19da1afc7e56a8a29b,"{""basis"":""x"",""d"":9,""p"":0.001}",
   1056067,         0,         0,325815.3,tesseract-short-beam,fedf4b37dc218df00e889035870d3e9e18b36a6de958e942c2d6233f6a219794,"{""basis"":""x"",""d"":9,""p"":0.001}",
     87736,       106,         0,  2637.5,union-find,4f094dbc7a12fd111b7844acaa5f57c52d2d3ca2cc78ce0d786cea11e70e3dc4,"{""basis"":""x"",""d"":9,""p"":0.002}",
    106976,       127,         0,    11.9,pymatching,7d08529145ee800086cca9b31b6085bf388fff5b8848c42ae2e51088376fcf76,"{""basis"":""x"",""d"":9,""p"":0.002}",
     30355,       117,         0,  3719.7,relay-bp-1,70b2fd0174e3472da6d1fbb5422ed317ca77316e0d365f92575cdda584d02236,"{""basis"":""x"",""d"":9,""p"":0.002}",
    533701,        81,         0,325985.5,tesseract-short-beam,369d921686faeba05000f3b805e375ea9e9fd2b50f0420ab1e74140aa05f1914,"{""basis"":""x"",""d"":9,""p"":0.002}",
     10680,       126,         0,   218.6,union-find,dbd3870735c3def7e57350b27fad1a4e18078f2fb5ed0b83fe99e6e85ee9f5c4,"{""basis"":""x"",""d"":9,""p"":0.003}",
     30992,       295,         0,    4.94,pymatching,6dfb847f5f91466ce9cb83d9810a12ba7c6c8a933f368345b95d5ea5a5a6b271,"{""basis"":""x"",""d"":9,""p"":0.003}",
      3922,       127,         0,   837.2,relay-bp-1,0f5b5aa2585078872f91dd9012bade1c171c347593bbad3402a8e73b8372ac71,"{""basis"":""x"",""d"":9,""p"":0.003}",
     67897,       100,         0, 70805.2,tesseract-short-beam,eb9fd33d3ee16779f8154796378295ebc686ea50e9f4303ab9cdeb7a16b086ac,"{""basis"":""x"",""d"":9,""p"":0.003}",
      2752,       123,         0,   123.3,union-find,7cfd28ce7ce57f5bdbbca6c6fe1d16286aa43d6963fc1cdb40c9d355a045779e,"{""basis"":""x"",""d"":9,""p"":0.004}",
     12224,       485,         0,    3.84,pymatching,e3f93c98009c6eef044d6093efa052f00db138767f1728f1a8eb15b5ffbc9438,"{""basis"":""x"",""d"":9,""p"":0.004}",
      1132,       114,         0,  1751.7,relay-bp-1,63384b7660b06b8ed7af38b39559aa78b12b3eb44f04525022298703e0b5c4e6,"{""basis"":""x"",""d"":9,""p"":0.004}",
     15735,       100,         0, 90739.9,tesseract-short-beam,f5d872baa5f7a59c8c02eb9264072afcebe00ea0cc2f7078566e700196083d74,"{""basis"":""x"",""d"":9,""p"":0.004}",
      1072,       126,         0,    26.3,union-find,3623627af5b01db69c572914f477dbbe2fb3a967e2851aa0bf1eb647aacd553d,"{""basis"":""x"",""d"":9,""p"":0.005}",
      6288,       687,         0,    4.35,pymatching,872dc8206a020ebdd5d7456a3df6a875f8bd290039f0589d959920975d8fd526,"{""basis"":""x"",""d"":9,""p"":0.005}",
       403,       110,         0,  1811.9,relay-bp-1,98ee85f6d7522174cca7f36dd7fb7b46bf1e05af765c6abc48f44a4bc8c26d29,"{""basis"":""x"",""d"":9,""p"":0.005}",
      4018,       104,         0, 18456.7,tesseract-short-beam,116c4e10b15313797120adc8a1207ae79362b1c8e1902bcb2b3c71d40c6505a0,"{""basis"":""x"",""d"":9,""p"":0.005}",
  10881408,         2,         0,325407.0,union-find,b63e84ec8af915b6c0cf38fdca72a4ace607fd5c0aabef2ed451f502296ccdd7,"{""basis"":""x"",""d"":11,""p"":0.0005}",
1000000000,        36,         0,147806.9,pymatching,2c6160d18ebf8b17d185aca9bcf32a5fd4abdfd97d1ab5e7b3750b79e6fd72ce,"{""basis"":""x"",""d"":11,""p"":0.0005}",
   2204831,         0,         0,325469.5,relay-bp-1,cd9b141207816d87f6b4a1c67097bbab298d5320013ecdd9c1ceb717fc99481b,"{""basis"":""x"",""d"":11,""p"":0.0005}",
    893350,         0,         0,325967.6,tesseract-short-beam,2ade78c1df9cd41737b40330be0676e02953ad2f5f4e7c8c3dcfc30c1fd2ecba,"{""basis"":""x"",""d"":11,""p"":0.0005}",
   7657128,        26,         0,325573.9,union-find,f33f45ebb0f2398e45ce1522b71ba7c312a315fc645aec571042461d18ab01ff,"{""basis"":""x"",""d"":11,""p"":0.001}",
  34327632,       101,         0,  6907.8,pymatching,5a2f66e0a4b6c5e85b55a1dda2b877e3f0133d16252d4327aa467b361c2ed347,"{""basis"":""x"",""d"":11,""p"":0.001}",
   2500700,        62,         0,325750.2,relay-bp-1,831652d79ad4ba4a35c5ab8f8983e346ccdc221883085e8be181a8a2928e3e9d,"{""basis"":""x"",""d"":11,""p"":0.001}",
    326351,         0,         0,326554.3,tesseract-short-beam,353fcec47b2a16babdbea380c375972012845f5d43b90eb660e175d5562eefaf,"{""basis"":""x"",""d"":11,""p"":0.001}",
    435568,       108,         0, 12762.7,union-find,529b5af094c469cba935e0c5d4d3efec268e599b6ac30174abd9419035d3084c,"{""basis"":""x"",""d"":11,""p"":0.002}",
    476304,       115,         0,    81.8,pymatching,51906f28dc578d13712e1e3adaf6c23b6b998288a5b82064810e9c44934233ab,"{""basis"":""x"",""d"":11,""p"":0.002}",
    103145,       101,         0, 55472.0,relay-bp-1,fe3c1ab6b2097be0a267a9fd196c3f9cea3e568184ecad720cfe852c0fad063b,"{""basis"":""x"",""d"":11,""p"":0.002}",
    219990,         0,         0,326112.3,tesseract-short-beam,776517a4e119c872e0f3e1ad38acd9718bb06b2de90e96fd8ab8e9146550bc9a,"{""basis"":""x"",""d"":11,""p"":0.002}",
     24288,       111,         0,   767.4,union-find,484ccd4a0bda2488acd1f07b4b876d0a946b3354d077c6ca7d2f3a723dde45a9,"{""basis"":""x"",""d"":11,""p"":0.003}",
     49296,       149,         0,    15.7,pymatching,a49b9e0dcb861c2d3cfa8896b4a1ed6568b9ad8808b27e4208a3e67dacd320ac,"{""basis"":""x"",""d"":11,""p"":0.003}",
      8151,       102,         0,  5780.7,relay-bp-1,359b811fdc03f5617da232d554429a24bb70f30262e3fb0cadd0e9edde0b7c32,"{""basis"":""x"",""d"":11,""p"":0.003}",
    104007,        49,         0,326226.8,tesseract-short-beam,14aff75f49cfb0305c15d05307f24537c1525108755f72fe68b7dd85ce122f80,"{""basis"":""x"",""d"":11,""p"":0.003}",
      4256,       108,         0,   154.5,union-find,7bd67094366f8c64873ff3c1c5cbdeecb86a37ff7748299259b97e08e8eb5f08,"{""basis"":""x"",""d"":11,""p"":0.004}",
     13972,       266,         0,    10.7,pymatching,c82c5f4530094d390a700658e36f56f18c35907fdbf7d2a6c1d040a548e19ef2,"{""basis"":""x"",""d"":11,""p"":0.004}",
      1558,       116,         0,  9432.0,relay-bp-1,c47976b4803dd888a56c33c74066ce7a03a25c4ae29d373ccb762c9f19600e35,"{""basis"":""x"",""d"":11,""p"":0.004}",
     20276,       101,         0,136831.4,tesseract-short-beam,ccd3812c76a809927221025d73f6cdb8e2f0b26da75683ddb3c3ac16c2003f58,"{""basis"":""x"",""d"":11,""p"":0.004}",
      1464,       113,         0,    54.4,union-find,2bc4399e2dafbc3b8ccc30db31d99be7e23ac974dcf2b6e1bb4afafc73621cb4,"{""basis"":""x"",""d"":11,""p"":0.005}",
     10692,       736,         0,    7.38,pymatching,56b32d52140008672a0a32ed9f8b25c51c8547d9640e2b010c58beba0fce46df,"{""basis"":""x"",""d"":11,""p"":0.005}",
       411,       112,         0,  5002.5,relay-bp-1,41766ef9336d7fe543c06b5f2ef71165ed49c17317384e5921c7352c022dd2da,"{""basis"":""x"",""d"":11,""p"":0.005}",
      2130,       104,         0, 24680.5,tesseract-short-beam,6cfc890cd0a55a488214961ac76276a087fbb6165e3adcfbe150d8b1d464325a,"{""basis"":""x"",""d"":11,""p"":0.005}",
   5327060,         0,         0,325695.3,union-find,98bea60f476d2c9cd2002fcbc4d9ad7a85879bbe10eac8b42d72a59aa0bea73f,"{""basis"":""x"",""d"":13,""p"":0.0005}",
1000000000,         3,         0,200005.6,pymatching,8478817e3f1e8cc5cb274b7ead6fd82e1590387dacde39d59de330bf5e75678c,"{""basis"":""x"",""d"":13,""p"":0.0005}",
   2177832,         2,         0,325837.6,relay-bp-1,636e975c900bf8aececa89c4e9e295fc3c46d8401b11ed692370b9bc5c6e2554,"{""basis"":""x"",""d"":13,""p"":0.0005}",
    768688,         0,         0,326055.3,tesseract-short-beam,959f0de4434ff357a33a37b7820b7bec31a3dee9784d62451a08247f163ddb8b,"{""basis"":""x"",""d"":13,""p"":0.0005}",
   6659480,         0,         0,325805.5,union-find,860db3e057c5bfc69af5e857094e4de184169dddfceb3c308e007fbf4c79e67d,"{""basis"":""x"",""d"":13,""p"":0.001}",
 339060132,       102,         0, 60626.5,pymatching,f95a08ef15d2d5124114df2a102691c1c5332b99fe7694e87ee8f0270a294449,"{""basis"":""x"",""d"":13,""p"":0.001}",
   1689814,        11,         0,326215.6,relay-bp-1,580a6f0ffe3a29b1966f4a7e3a28faf4977e8ba82459a83752a985da28a606fc,"{""basis"":""x"",""d"":13,""p"":0.001}",
    339757,         0,         0,326393.4,tesseract-short-beam,0f1dd3606b04fd8deb5cb97e275cf16d04a0559caf0e5e4c326f5bb7ba0cdb19,"{""basis"":""x"",""d"":13,""p"":0.001}",
   1536616,       100,         0, 68488.5,union-find,c607bf3529fdbdac9f32f35761962396df8993eb1d3e3c5e4f726f577ca00114,"{""basis"":""x"",""d"":13,""p"":0.002}",
   2469422,       132,         0,   997.7,pymatching,47cb0d6c428daf280ff8b699b4939cb4ecb82b7876ecc92082efa4259f00dcba,"{""basis"":""x"",""d"":13,""p"":0.002}",
    262220,       100,         0,111708.2,relay-bp-1,d3bfd761b4330bcecdd2d76c6a45a9318064272dcf71b4255b5154afc45a9330,"{""basis"":""x"",""d"":13,""p"":0.002}",
    119541,         0,         0,325793.9,tesseract-short-beam,4605a082c6b7c4b2c26304d43bbae6dce81292f91436c45ece26eef2e4e6586d,"{""basis"":""x"",""d"":13,""p"":0.002}",
     73088,       114,         0,  3633.7,union-find,66d8382001bab88688cebe329690711e7f18c83cafe474c6ec72446ad53ed8cb,"{""basis"":""x"",""d"":13,""p"":0.003}",
    111184,       115,         0,    74.0,pymatching,ab1907691ae7b1e281b236e20d4f519b86a6c624967b5bc1eb819e24970cf4ca,"{""basis"":""x"",""d"":13,""p"":0.003}",
     13628,       102,         0, 52324.3,relay-bp-1,0c932066b7203fb266860c09ac10fb4be9852f4e8d81d74d185a4c868f7aaab4,"{""basis"":""x"",""d"":13,""p"":0.003}",
     48752,        19,         0,325425.9,tesseract-short-beam,1079ae1450b8470c36feee9b95938daea7c67620c7fac7a3dca1a290613e8345,"{""basis"":""x"",""d"":13,""p"":0.003}",
     10208,       132,         0,   985.6,union-find,67306261cf64f1d3a2863acbc95c77c902d8c2fcf10da32f9f50668c33e24ef8,"{""basis"":""x"",""d"":13,""p"":0.004}",
     19552,       187,         0,    15.0,pymatching,fb56bd6d7082e32e2835daa5f6fdee71055a512f07498e7ee553ef2a6a0e8479,"{""basis"":""x"",""d"":13,""p"":0.004}",
      1189,       108,         0, 12040.4,relay-bp-1,b0e627c4d08a1e4af3113462939171779f6940cb1e0ab3e017270aa6b5d66046,"{""basis"":""x"",""d"":13,""p"":0.004}",
      7530,       101,         0, 98147.2,tesseract-short-beam,7a991b87481a3d28433cd8b171dd9eee60463d87a056d3bef8124f9e7d482f93,"{""basis"":""x"",""d"":13,""p"":0.004}",
      2554,       126,         0,   154.1,union-find,0cd0b7530608d160340a89612b5f048a83df09c89abe3000f89fac43f604ccb3,"{""basis"":""x"",""d"":13,""p"":0.005}",
      6736,       289,         0,    13.4,pymatching,2419bc5d6b36dee1b930b5aeeea76807670a32aba59172361030cebe8d1330a2,"{""basis"":""x"",""d"":13,""p"":0.005}",
       268,       109,         0,  7677.6,relay-bp-1,a92900aa2a15f7f5004c401d37bab3713c9c11cd23d13edd41ba0cedfc39aed4,"{""basis"":""x"",""d"":13,""p"":0.005}",
       746,       106,         0, 18351.2,tesseract-short-beam,df6d20fa46fc79997d9bc566f8460533eb3cb74879ba89cb832567bf50296cfe,"{""basis"":""x"",""d"":13,""p"":0.005}",
   4655420,         0,         0,325404.6,union-find,921cead3f6c42e199847efb81fae54a8ab2aa7b675fe49494fa3086f7964bc2a,"{""basis"":""x"",""d"":15,""p"":0.0005}",
1000000000,         0,         0,143323.8,pymatching,dc84064b0ccfb38a3c922d33e71016982bd78a125ae3e9d3f61df7c36f115db5,"{""basis"":""x"",""d"":15,""p"":0.0005}",
   1155362,         0,         0,325473.0,relay-bp-1,711f18bd84a98ba90f1e53499b4c5aedf602fe86c361da4e302120d9fc1883c3,"{""basis"":""x"",""d"":15,""p"":0.0005}",
    238260,         0,         0,326462.4,tesseract-short-beam,c74ed1f0cb44633ab413328da3bdc73d74bfe44e39177a52dfbc858078afd2a8,"{""basis"":""x"",""d"":15,""p"":0.0005}",
   3679618,         0,         0,325531.0,union-find,00e8c2009e9e0e8c34400f6c7f08f10c515cd014612e16d1b0eec974ee759264,"{""basis"":""x"",""d"":15,""p"":0.001}",
 989701157,        22,         0,325186.1,pymatching,69fc03ab70d3a760c5eb19f6114e47412cf7d32b466d57bec201d676daf8323e,"{""basis"":""x"",""d"":15,""p"":0.001}",
   1081436,         7,         0,325814.5,relay-bp-1,e82f6fac10d222bd87e8eb311de142e2651983c2ddd17fb5bd572c5d5edd927e,"{""basis"":""x"",""d"":15,""p"":0.001}",
    216300,         0,         0,326129.5,tesseract-short-beam,eef06ee2e84b9c14ae4d31a6839e6f040166d66234421dfcfa0588517e7a01a7,"{""basis"":""x"",""d"":15,""p"":0.001}",
   4012416,        60,         0,325528.5,union-find,032f472001e05cb8a2feee59221bf2507fac13a67287a72fa6e28ad73a397757,"{""basis"":""x"",""d"":15,""p"":0.002}",
  15674448,       131,         0,  6968.1,pymatching,9a0527ab9bb61982974baf361ba94a01ecc8c61247b869bfe43c79b75769d7c2,"{""basis"":""x"",""d"":15,""p"":0.002}",
    377084,       102,         0,284318.8,relay-bp-1,8bbcd5df7932aed8e6df4a0dbf65324cab0577f600f4df6581c8b89e6e81d226,"{""basis"":""x"",""d"":15,""p"":0.002}",
     33164,         1,         0,325774.1,tesseract-short-beam,0ab58f32fc5aade02cef0d9ae869825ceb6c9f28675a835e1762be558b266ba8,"{""basis"":""x"",""d"":15,""p"":0.002}",
    214360,       104,         0, 16642.6,union-find,4233c8a03f4742d7022686dfe9eb6aaa5b435ff349ca6a06d7f00f3b754f4b6f,"{""basis"":""x"",""d"":15,""p"":0.003}",
    323152,       119,         0,   238.2,pymatching,6c5f3a96e57662f4df9ba7f5b2b90429cba96ab673b4f4382382260b40938176,"{""basis"":""x"",""d"":15,""p"":0.003}",
      8375,       101,         0, 41272.2,relay-bp-1,cb7eef4436c811f4547eff69d1301cea2ea1eb0efcd93c457f078a6ef22b379d,"{""basis"":""x"",""d"":15,""p"":0.003}",
     20941,        21,         0,325761.8,tesseract-short-beam,c61a0066fcf81deefff6d7f424f714cf9d93cb459d4144862dc2ea18fdf04c78,"{""basis"":""x"",""d"":15,""p"":0.003}",
     18226,       130,         0,  1884.0,union-find,bce13eee689e6dab5336875de7f6597c782ee6402e8cfb58ef7bae4c4d968ef5,"{""basis"":""x"",""d"":15,""p"":0.004}",
     23856,       113,         0,    48.0,pymatching,36326a52c66ad2e0fa7068c7f9ca2baf4de46097b814d670a6df4acb6b8608f4,"{""basis"":""x"",""d"":15,""p"":0.004}",
       455,       107,         0, 13267.2,relay-bp-1,73d3e099f281b556d9453d85ab7831f9587deffc5bd6af5f7bea1795afda5d2b,"{""basis"":""x"",""d"":15,""p"":0.004}",
      2181,       102,         0, 65134.2,tesseract-short-beam,934925b5ca5f8d646fda68a05520f7f61ceb014072b365416986cf5d611e1672,"{""basis"":""x"",""d"":15,""p"":0.004}",
      2556,       106,         0,   246.6,union-find,197cca3ebd996cfb6e489909b2e3a7821889ec94f45f26b850b17cea3dc09a74,"{""basis"":""x"",""d"":15,""p"":0.005}",
      7760,       201,         0,    13.2,pymatching,82e2c79198f6943470b7807298fad0c5b0a506ddcdee9cdb15ceb6629e89ea6b,"{""basis"":""x"",""d"":15,""p"":0.005}",
       222,       108,         0, 23290.2,relay-bp-1,7a4b2215f8e105f260b3fc28fb66a3a2d1bfe148946dbfd1467466fa6bb85598,"{""basis"":""x"",""d"":15,""p"":0.005}",
       393,       106,         0, 14643.0,tesseract-short-beam,57779985bc9e6ed77730dc673814ae49e9cbecfc863d2a7304a2ce34341d5d24,"{""basis"":""x"",""d"":15,""p"":0.005}",
    342672,       132,         0,  1402.7,union-find,3a7154d97f91c02680867cc947759c6198cf8fc29ebaa82c46c96a71f97bd160,"{""basis"":""z"",""d"":5,""p"":0.0005}",
    304400,       126,         0,    3.04,pymatching,08e6adda919804828d71556694cb6e4522f6963451fa19aa817ce3947cd091e0,"{""basis"":""z"",""d"":5,""p"":0.0005}",
    212096,       123,         0,  3667.2,relay-bp-1,b28caaff0a4914f8c12f02ff08118b4792e39d2f35f7ff23eb75a28de2ee738f,"{""basis"":""z"",""d"":5,""p"":0.0005}",
    835368,       103,         0, 10916.7,tesseract-short-beam,f90417461a7d14c398ceb89fbfec01aec55ce9b727f06f681694bb369b06ad62,"{""basis"":""z"",""d"":5,""p"":0.0005}",
     35984,       114,         0,   155.7,union-find,99f1a3241c3793012cb68a4ebdd191153d934ece43970ef6b4365f3f84ec4cdc,"{""basis"":""z"",""d"":5,""p"":0.001}",
     49288,       120,         0,   0.740,pymatching,6f3015bf8ee0ceca9ba60d777bb2dadff112b6bd7c36539320674fe305006e8d,"{""basis"":""z"",""d"":5,""p"":0.001}",
     28064,       114,         0,   553.3,relay-bp-1,497fc995b44c5552bc26a7f42964e93665da5324fe55988b7e372706bb85d25e,"{""basis"":""z"",""d"":5,""p"":0.001}",
    144384,       108,         0,  3659.6,tesseract-short-beam,93c1715e232e50659883e35bc24409c23f32486641c242b95491e62c7932a4fa,"{""basis"":""z"",""d"":5,""p"":0.001}",
      7056,       153,         0,    33.5,union-find,2e3ae42d63274220051d19ac0ac8b7a9151068c6ae827e3cba64cbd53ac17c89,"{""basis"":""z"",""d"":5,""p"":0.002}",
     14199,       313,         0,   0.683,pymatching,3b087d8d729deabeab19eda1e70c015dd698ea5ad3ee3fe091cb6902363f77e1,"{""basis"":""z"",""d"":5,""p"":0.002}",
      3824,       119,         0,    73.4,relay-bp-1,c76945fca207f75a7878105921d3fab99b591d250229c381b9a08a3bd6faafcc,"{""basis"":""z"",""d"":5,""p"":0.002}",
     13796,       129,         0,  1035.9,tesseract-short-beam,26ad02666b53554f28f27c58f6e4a091b98a026b1f69692b8e1c134b4a764033,"{""basis"":""z"",""d"":5,""p"":0.002}",
      2576,       180,         0,    12.5,union-find,77acc2eff58cd1f41025d0e502fd0e1f2860e2821ef0d56de4ae3f58b6f5931f,"{""basis"":""z"",""d"":5,""p"":0.003}",
      7305,       483,         0,   0.311,pymatching,00239b1f3ee6891bb909e7c6ca11f60e5504f9746e180ac7b2b4f49162bce2af,"{""basis"":""z"",""d"":5,""p"":0.003}",
      1392,       135,         0,    32.8,relay-bp-1,0dd478065ed9da5ed7748420b670a01fb31e5d9d0ea43110c9714f395757478b,"{""basis"":""z"",""d"":5,""p"":0.003}",
      5089,       116,         0,   570.9,tesseract-short-beam,d6ecf1ea50415fd0934a5c76a5e06602a637aec595913e17b4926dcd80236a76,"{""basis"":""z"",""d"":5,""p"":0.003}",
      1808,       261,         0,    8.99,union-find,64a3f004233c96ae71845f97471b710b7f43ec9c1d23560f1640205c572bc6ca,"{""basis"":""z"",""d"":5,""p"":0.004}",
     14608,      2012,         0,   0.841,pymatching,9c588d144452c53b0d2f36d7b2580470069e2e9190c1fe6a175df796caa72dd2,"{""basis"":""z"",""d"":5,""p"":0.004}",
       796,       151,         0,    21.9,relay-bp-1,8e1630cf91611424ba7cb00c0a518259d178a7490b3cd6feb51068aaa3914739,"{""basis"":""z"",""d"":5,""p"":0.004}",
      1594,       113,         0,   287.5,tesseract-short-beam,512005223bf0c1615e0a571ef1006b982ad9777b85e3896d83c2e0bb342a7b87,"{""basis"":""z"",""d"":5,""p"":0.004}",
      1488,       358,         0,    8.47,union-find,7f38ccac045c9214d6da794bcca69aadd25ce85af4861e47a06a85f1c9b3a249,"{""basis"":""z"",""d"":5,""p"":0.005}",
      5103,      1199,         0,   0.470,pymatching,1571134f2e6a325de4c2cb6e86894c88d6c5a9309a8de0facec324999e8f6857,"{""basis"":""z"",""d"":5,""p"":0.005}",
       616,       163,         0,    20.0,relay-bp-1,63f57939954b6e0ea199058971c96848c8c7819f46f5ded56edd7cdaa4219c4b,"{""basis"":""z"",""d"":5,""p"":0.005}",
       804,       115,         0,   238.4,tesseract-short-beam,368dd1731417a8158bb3be7437c34ce733f842a3812f4a3fc70214df4bafc69c,"{""basis"":""z"",""d"":5,""p"":0.005}",
   5374656,       101,         0, 53214.9,union-find,f5c245f3e57d916d6712e579acc582320319a8297c2b8059efad0044b3bfb085,"{""basis"":""z"",""d"":7,""p"":0.0005}",
   6135944,       112,         0,   176.2,pymatching,6c9408d2cd5f0d014ec3201f88156320d19be47d2bb2c69210e1b6c554251078,"{""basis"":""z"",""d"":7,""p"":0.0005}",
   1574610,       103,         0, 60883.0,relay-bp-1,2084905def969cbd3433f56511843f82bf4fc1a6f5ed37f2b932f2b613e10dad,"{""basis"":""z"",""d"":7,""p"":0.0005}",
   8383112,        22,         0,325835.8,tesseract-short-beam,68b3ee83495b1658cad4ef8bcbf0a1b335b47d16859a80533860f6292a83a902,"{""basis"":""z"",""d"":7,""p"":0.0005}",
    405840,       128,         0,  3654.7,union-find,a53707fb7cba4f98af5de38cada21127ec081abc7cf48a5080640e7a7a708fc1,"{""basis"":""z"",""d"":7,""p"":0.001}",
    530704,       133,         0,    22.0,pymatching,2e92f47d4101f03ed32256650bfc1f56ac2951bbf8730df3008c41175cc0b285,"{""basis"":""z"",""d"":7,""p"":0.001}",
    131048,       110,         0,  5091.4,relay-bp-1,1677a7a60489e9985c522ba0b5a70687803bfbc5ca8ad9edeee9c3bbd5811182,"{""basis"":""z"",""d"":7,""p"":0.001}",
   1652292,       101,         0,141769.8,tesseract-short-beam,3beabb60a7cb6bb354720476921f2f6acecbf587c038a5e1f6c0e00a799de769,"{""basis"":""z"",""d"":7,""p"":0.001}",
     23792,       123,         0,   305.4,union-find,0dde268e57331b9fa7f73c543e70b042ac3ed577938a9eba3d174e8fe7c8f1d1,"{""basis"":""z"",""d"":7,""p"":0.002}",
     42734,       175,         0,    2.47,pymatching,086aeadd0fa93176094b77fd43840512b2bd3b1a9bdeae127b658f38b35e3670,"{""basis"":""z"",""d"":7,""p"":0.002}",
     13748,       118,         0,   742.7,relay-bp-1,e2c25d0c6f9c6faa6504738913f45995e914068c5b8c033bab45686be52ef36b,"{""basis"":""z"",""d"":7,""p"":0.002}",
    102717,       100,         0, 24332.6,tesseract-short-beam,de54af43021d199f59cdbec5afd8b4afbc30b3949eb7bd11264856418b499ca8,"{""basis"":""z"",""d"":7,""p"":0.002}",
      4688,       109,         0,    52.2,union-find,2cd74b1bb8a421ee43f66ac1651aacec104db89580360a90bf690e6e9f24397c,"{""basis"":""z"",""d"":7,""p"":0.003}",
     20752,       457,         0,    2.04,pymatching,b069948d644dbc793ccbdca77b78f80716e4d05202ba9fef083923b95da7103c,"{""basis"":""z"",""d"":7,""p"":0.003}",
      2553,       114,         0,   307.0,relay-bp-1,f4f467ef9b176ff8c8060ad3468024b4c971ac67c9a9a2108963734adf9e7441,"{""basis"":""z"",""d"":7,""p"":0.003}",
     21284,       103,         0, 12892.0,tesseract-short-beam,9aa51a33dc1531332519adfbaa4249d170449dfd42c1edaf5b560dc09604aaf9,"{""basis"":""z"",""d"":7,""p"":0.003}",
      1872,       138,         0,    21.8,union-find,c7b1c5f152f59ec9940f71fb0f455fd022d9178bd2493b4a9bf5ff2f9c02bd6c,"{""basis"":""z"",""d"":7,""p"":0.004}",
     10445,       713,         0,    1.38,pymatching,72ad4296c9519ce2c9dc54eaf78539a52ea874853900070f211ce1a44a3350e9,"{""basis"":""z"",""d"":7,""p"":0.004}",
       736,       109,         0,   143.7,relay-bp-1,1d5a7c8478b086ee3e6ed7b9a7bcfb5dc05806ff800f7d6b62de98baeddacc8e,"{""basis"":""z"",""d"":7,""p"":0.004}",
      7202,       117,         0,  5166.1,tesseract-short-beam,cd542d96108d25316c338e4b49cc5f116f7634051df461c1ffe5340b77668d4b,"{""basis"":""z"",""d"":7,""p"":0.004}",
      1168,       167,         0,    20.2,union-find,5aa03130d7bd7945dc51a2931722a56c1506809ed1db28ff3316d12ae2573e78,"{""basis"":""z"",""d"":7,""p"":0.005}",
      7440,      1042,         0,    2.25,pymatching,6f63325773a5bf3d1cb65e05e99476303f6a80fd8564d98be92b637193c1479a,"{""basis"":""z"",""d"":7,""p"":0.005}",
       445,       123,         0,   237.5,relay-bp-1,f55a160df812e380565a964aca679b7e22fa30b14be4c34c8faaae2e9894fa26,"{""basis"":""z"",""d"":7,""p"":0.005}",
      2179,       105,         0,  4312.6,tesseract-short-beam,95ead289f09090406040a48ed16580daf5b7b89e284797879fd62074294aaa67,"{""basis"":""z"",""d"":7,""p"":0.005}",
  14933024,        21,         0,325625.5,union-find,03f9e23dad5e3e28b74a4679ad9263ba9b36c1280d30b7a60afd15506be8e5de,"{""basis"":""z"",""d"":9,""p"":0.0005}",
 149474032,       124,         0,  6853.1,pymatching,d657331c4342f5a09caa063afb42151970580ce9c16657275f3b8e0604bb02e4,"{""basis"":""z"",""d"":9,""p"":0.0005}",
   5157132,        36,         0,325635.1,relay-bp-1,f5593a9b98298866b834e0407d12bb8c13c22208c9c8ac82ae2e42c4bbc11a98,"{""basis"":""z"",""d"":9,""p"":0.0005}",
   1846808,         0,         0,325797.4,tesseract-short-beam,4000e40105e59ec62c0dd7156c13ef634ed788567651e4fa950cb90e1e37d3ab,"{""basis"":""z"",""d"":9,""p"":0.0005}",
   4339056,       102,         0, 68558.0,union-find,237f9af7e4013a14008dd85f5193cdaaae737f9139113fe1c69aa200ce669b2f,"{""basis"":""z"",""d"":9,""p"":0.001}",
   4368384,       111,         0,   246.3,pymatching,abd1fa6495d6386301fdd6475cf9f751a524481459644cf56794703b7eb5e34b,"{""basis"":""z"",""d"":9,""p"":0.001}",
    742202,       101,         0, 55149.7,relay-bp-1,83de9924c148f4e5603d251b46a293e831ac21ecdf8fce86692dfb34027afd6c,"{""basis"":""z"",""d"":9,""p"":0.001}",
   1307989,         2,         0,325723.6,tesseract-short-beam,52afb4c8f43163c78594f9bfe50b285adfa8c5dc0a0fdf331a3600631f807c94,"{""basis"":""z"",""d"":9,""p"":0.001}",
    109904,       113,         0,  3677.3,union-find,6efe4b13f76a839c9bc89d6f8490a5678941c81edeb1f9c87fefeca03312579b,"{""basis"":""z"",""d"":9,""p"":0.002}",
    120976,       115,         0,    21.4,pymatching,d1e9470a24e94a539518c5e1ef62dc6a581f91ba8785d344fa74945050cff912,"{""basis"":""z"",""d"":9,""p"":0.002}",
     42206,       121,         0,  5095.3,relay-bp-1,975e37d9251464d2fe745db84b38aa5b7438c6848236d26e1e20b24f7a46697e,"{""basis"":""z"",""d"":9,""p"":0.002}",
    441203,        38,         0,326238.8,tesseract-short-beam,b81e52bfd7515e6bc951976df9ef9f3ebee70c9b52c0fc46ff8c5681859f2c74,"{""basis"":""z"",""d"":9,""p"":0.002}",
     11760,       111,         0,   439.5,union-find,aba7a8f2eb34b7803de3e6b534019a060f9645e4f7d5e8ff579a1b3eb1a7cf86,"{""basis"":""z"",""d"":9,""p"":0.003}",
     30864,       221,         0,    10.3,pymatching,d52c561b2a3da072289f9bed5776eb8328453b554b170709ccd30e715b186627,"{""basis"":""z"",""d"":9,""p"":0.003}",
      6912,       119,         0,  3907.5,relay-bp-1,eabc1ba57500a650ec09e79a6717a90f2877046e7cac45be761a17ebd9f5a69f,"{""basis"":""z"",""d"":9,""p"":0.003}",
     92257,       102,         0,211017.5,tesseract-short-beam,bf65ba881592f3a76b50fd09b8ca4af125301c34241cef195060906f1483a0c6,"{""basis"":""z"",""d"":9,""p"":0.003}",
      3384,       110,         0,   147.7,union-find,5f55c97a9424f6fe1a5418368a39f8bf6bef1246ba0ee0d54211baa6d04251a0,"{""basis"":""z"",""d"":9,""p"":0.004}",
     19600,       656,         0,    10.2,pymatching,851b36e404f4ebba5c7e54581da83568d31ed250bf71a6dd2c6fd2819fab781a,"{""basis"":""z"",""d"":9,""p"":0.004}",
      1429,       107,         0,  2058.6,relay-bp-1,7148751e42603c0edd308cae26a55adfceaf4eca944903c891c4214fe5e3803a,"{""basis"":""z"",""d"":9,""p"":0.004}",
     17244,       103,         0,100217.1,tesseract-short-beam,765d67561309b97253eb84a6269147ad803ba11ec65df5c935519ca2d7e25cca,"{""basis"":""z"",""d"":9,""p"":0.004}",
      1312,       128,         0,    33.1,union-find,86e16d645572140a4a088eedc6767b969944379f9fb0d81f453a22df9fa08ce4,"{""basis"":""z"",""d"":9,""p"":0.005}",
      7312,       594,         0,    4.95,pymatching,0855e5f08e8a5814d1b5925e8ad55d4bb2971f369a8150f435251d90a67744d5,"{""basis"":""z"",""d"":9,""p"":0.005}",
       599,       113,         0,  1148.4,relay-bp-1,a1c97449779727fc777e2f44f00f6b52062c2a99a73df9128c762307889611dc,"{""basis"":""z"",""d"":9,""p"":0.005}",
      4318,       102,         0, 59210.8,tesseract-short-beam,0f6c147b53294794a21e6102819d0e056f5f99ba9729fb407bbaea1b72ace2ff,"{""basis"":""z"",""d"":9,""p"":0.005}",
   9275920,         0,         0,325436.2,union-find,45c72b02de93a311b59792c245694fc56c70eb4622dd99dc3a6e58631944e8e9,"{""basis"":""z"",""d"":11,""p"":0.0005}",
1000000000,        35,         0, 73085.8,pymatching,ccbf719a9be27bc2c612b3ee8c7e116778f4ae403e880cab44531f713328e2a3,"{""basis"":""z"",""d"":11,""p"":0.0005}",
   3187577,         0,         0,325446.2,relay-bp-1,7fa7667a514b3c010ebc626fef070190dd9004595eea2296394eeee1f77f9ed0,"{""basis"":""z"",""d"":11,""p"":0.0005}",
    917145,         0,         0,325817.5,tesseract-short-beam,9637a8c947ef8952fe29c450462cb9666b5289fa977083d110996d8594ff1d17,"{""basis"":""z"",""d"":11,""p"":0.0005}",
   7688136,        19,         0,325563.6,union-find,9506c9b24e5b3cf4768f5b77f7024767d69162a267ed79c40ddb835fb92ff2c7,"{""basis"":""z"",""d"":11,""p"":0.001}",
  46025808,       108,         0, 10748.6,pymatching,d92984b49aad3ff241abe8cc742b950d5c2e6500daa0e67a3310248d153918a3,"{""basis"":""z"",""d"":11,""p"":0.001}",
   2012413,        31,         0,325777.4,relay-bp-1,29b15294956f80e1546833aa22507a7ff28d28d5cd7e4bf02d7bfd8341afe5f9,"{""basis"":""z"",""d"":11,""p"":0.001}",
    430076,         0,         0,326427.6,tesseract-short-beam,794f919c67207772452afc2afd22942c876c4370aaed3ca4ec1b0e7efcbbb74f,"{""basis"":""z"",""d"":11,""p"":0.001}",
    449216,       101,         0, 28181.4,union-find,efea7eb73943d6bc1ac4e36139009b3bfe895866ed24e6d85ec95f9db9329175,"{""basis"":""z"",""d"":11,""p"":0.002}",
    481360,       107,         0,   132.6,pymatching,5490b4272322bec80c6a2f22611f018c78f186e783764aef25bb4a3040bd0349,"{""basis"":""z"",""d"":11,""p"":0.002}",
    116552,       100,         0, 57416.2,relay-bp-1,91d29f637ae5173a1a0088ce53073ad36b3f0a44ebf18a420e60af02db4a0dd6,"{""basis"":""z"",""d"":11,""p"":0.002}",
    188567,         4,         0,326736.3,tesseract-short-beam,d6ee9ead3377bc9db8299806eaeebc226b712f25933b7d20feb5ace08e3a8c59,"{""basis"":""z"",""d"":11,""p"":0.002}",
     42992,       103,         0,  2665.1,union-find,3b4a7d2566f2589b5d48d445fec1c6e4d5d23217fea5cfc97ab4331fa06a2e28,"{""basis"":""z"",""d"":11,""p"":0.003}",
     59472,       140,         0,    33.7,pymatching,e24ef352dba76766ec168e9c6bdc8775e81bd3c6b23c660605dea795955bb25a,"{""basis"":""z"",""d"":11,""p"":0.003}",
     13123,       102,         0, 20274.6,relay-bp-1,43f7d43365c4098a2b0d6007824d5729e1c368d5787a801b9eff36e8f81f9c60,"{""basis"":""z"",""d"":11,""p"":0.003}",
     74649,        24,         0,326268.6,tesseract-short-beam,378e1d684aaf5f4d241fa26f8b1bd8b86418f6c964ddaa9d53f799e99e63000c,"{""basis"":""z"",""d"":11,""p"":0.003}",
      7664,       114,         0,   268.3,union-find,6ff15ed40d5d702bbe86bae661055b79720c906555178d13f68f5955ff339735,"{""basis"":""z"",""d"":11,""p"":0.004}",
     24720,       325,         0,    10.6,pymatching,554ab9d2ab39be0f8bfa38af010fa8fa2fb30b7f28d94bfcf8fe35c3069b1bd9,"{""basis"":""z"",""d"":11,""p"":0.004}",
      2502,       109,         0,  6860.5,relay-bp-1,4ac2b7188b2ab15a8e1614dec878914da44688d289c07c8857dd9933433d5edc,"{""basis"":""z"",""d"":11,""p"":0.004}",
     27000,       101,         0,164063.0,tesseract-short-beam,19303510cc7f55c14f450df721da4355bdc6fbb2b64e95b0e2e588ed712fe02f,"{""basis"":""z"",""d"":11,""p"":0.004}",
      1796,       119,         0,   129.2,union-find,3170d245ceb735ce4981f2ab0d0c91ced67a133af8b03982d1b1e0b9ad52b231,"{""basis"":""z"",""d"":11,""p"":0.005}",
     13456,       625,         0,    9.05,pymatching,ea639d0d6372703658911cca507ee1127530039e74ed1410cb5756096b02dea3,"{""basis"":""z"",""d"":11,""p"":0.005}",
       659,       106,         0, 13586.4,relay-bp-1,3d76be2ad887a49118d3ddc48e19b07f7095b3582a3114554eb1b80796fd78af,"{""basis"":""z"",""d"":11,""p"":0.005}",
      3010,       105,         0, 38152.5,tesseract-short-beam,a9c1900149cf3be78d94b3da7194c4349f7c548f1d975694239360615795aeb2,"{""basis"":""z"",""d"":11,""p"":0.005}",
   7154316,         0,         0,325466.8,union-find,30c22ebd6ae262f7d3795b60179c56c54fad8ff423a0dff388d22d29368f2cfc,"{""basis"":""z"",""d"":13,""p"":0.0005}",
1000000000,         1,         0, 95082.1,pymatching,f0ea0c2342cbf782cbc7046cf9edd1ced0b26a6fd002423d2f8bb408a5668793,"{""basis"":""z"",""d"":13,""p"":0.0005}",
   2042870,         0,         0,325853.1,relay-bp-1,d3e57a5e0d8932ad8702a8ec3469a77884f4fe2857636e6f2236c28270e67730,"{""basis"":""z"",""d"":13,""p"":0.0005}",
    786998,         0,         0,326101.9,tesseract-short-beam,8921a27c3910093f55b46a12b2b2721accc2727a26451a8936212ccd3f7e4072,"{""basis"":""z"",""d"":13,""p"":0.0005}",
   7787144,         1,         0,325590.4,union-find,79bcf4a79caa238a44d04ed2fd48354f0f28ccca7a07b028b51329f7364912ea,"{""basis"":""z"",""d"":13,""p"":0.001}",
 525691024,       101,         0, 74043.7,pymatching,a78c63dfbf6f754781eb5ae17536b3d58a09ce8dd902cf4d9a51dd465413be14,"{""basis"":""z"",""d"":13,""p"":0.001}",
   1721904,         8,         0,326113.0,relay-bp-1,1311c02d41d2afc45e15d815decd16a891f23d663b87f353913d1843dbf49834,"{""basis"":""z"",""d"":13,""p"":0.001}",
    392109,         0,         0,326355.8,tesseract-short-beam,27cdad36e6da3f95c87dd1d863c896ad5c3b9b30d06f777151f2f135d9f2ec2c,"{""basis"":""z"",""d"":13,""p"":0.001}",
   2047072,       105,         0, 99224.7,union-find,2223094b0692c6972f24c9b8c301089f717d6339dc6c6d17d6e2bfeee58c0621,"{""basis"":""z"",""d"":13,""p"":0.002}",
   3443928,       106,         0,   989.7,pymatching,1d09c51bc3e55aad5bdc14c49a39d203dce7c1212e3bdd1b1c38a01a133d5f1c,"{""basis"":""z"",""d"":13,""p"":0.002}",
    442292,       100,         0,190067.1,relay-bp-1,c0a52d96582f5ae758086b575221982def22c6a921811c0db74c2cd51b44b528,"{""basis"":""z"",""d"":13,""p"":0.002}",
     83724,         0,         0,326112.0,tesseract-short-beam,fd14d54129ea51043c5ee6e78a5fe2ccbe81bd12d480be8458d0898e88532d21,"{""basis"":""z"",""d"":13,""p"":0.002}",
    117704,       120,         0, 10781.0,union-find,02d048cd43bc6036324acf60e047e182d7dc69de1fb550de42387acdd69c5db8,"{""basis"":""z"",""d"":13,""p"":0.003}",
    141392,       124,         0,   122.4,pymatching,8ea9a3e11cdfb225443660e7f61c14bbb0db1498a792e535d56b6aa60e41a28a,"{""basis"":""z"",""d"":13,""p"":0.003}",
     22427,       100,         0, 83029.3,relay-bp-1,26c55c3a43b403ce02a0fa492203c6622e36d76c1c2222b8acf3ffee1b4b2915,"{""basis"":""z"",""d"":13,""p"":0.003}",
     28192,         4,         0,325405.3,tesseract-short-beam,c51f1141ced09677c8f3b793b14dc3715f6279cc2f5de0219fe5108aaf1990ab,"{""basis"":""z"",""d"":13,""p"":0.003}",
     15628,       120,         0,  1046.9,union-find,4afc1c59811ea1e8282c68a79aee990fe04fc9ca39492c7ce05daf70111a9355,"{""basis"":""z"",""d"":13,""p"":0.004}",
     21296,       120,         0,    38.2,pymatching,2339ac0edb7c16dcda3edb03282affe0dd4a34ffdb5c21365362f7a95911f88a,"{""basis"":""z"",""d"":13,""p"":0.004}",
      2408,       109,         0, 24321.8,relay-bp-1,ad704349427cff8f32aae2fee126a04d1805a8a218a2a6bec4c324a3ce38e464,"{""basis"":""z"",""d"":13,""p"":0.004}",
     10803,       101,         0,227849.0,tesseract-short-beam,829ad2ef13421eb7a84074273f18f156ec753fa86bde12af7ab789d1c6b733ac,"{""basis"":""z"",""d"":13,""p"":0.004}",
      3160,       120,         0,   369.3,union-find,d1edddda071afc704371bed778dd164757c42bac6667ea90d79334f23a9530b9,"{""basis"":""z"",""d"":13,""p"":0.005}",
      8272,       215,         0,    15.2,pymatching,7a1172a1edb689ffe09d3819939025007071de2939e0f1a72cea474e8daa2210,"{""basis"":""z"",""d"":13,""p"":0.005}",
       396,       105,         0, 26307.1,relay-bp-1,1b2788e72fee2e94f0b9f245a39abeda69fbfb24f576475477047c629f052590,"{""basis"":""z"",""d"":13,""p"":0.005}",
       887,       102,         0, 24226.7,tesseract-short-beam,f7deae02ecfabf2e5d80fe8156439524882f405510c20e70a84ba41af81c6590,"{""basis"":""z"",""d"":13,""p"":0.005}",
   4152712,         0,         0,325551.4,union-find,e0a0c4f33cddc88e67d42d068ef6c8a6c58ea9b55f993ec7f54447c02282d02c,"{""basis"":""z"",""d"":15,""p"":0.0005}",
1000000000,         0,         0,149922.9,pymatching,ab6651834dac08eda3ae854b10667675467a5773950b0c8fbf14f324be53a9e1,"{""basis"":""z"",""d"":15,""p"":0.0005}",
   1514842,         1,         0,325526.2,relay-bp-1,4521c9ac651b17913518db4d9d11fddcaadf9298c19ba16e7f93277df92f7239,"{""basis"":""z"",""d"":15,""p"":0.0005}",
    419185,         0,         0,326264.2,tesseract-short-beam,e46b81aee2e29cd717f2086ef86dc26416958601fb5e23f0e1d88c4741151d1b,"{""basis"":""z"",""d"":15,""p"":0.0005}",
   5921476,         0,         0,325496.4,union-find,40855840db66e032d62839fa98217913dcbcf69916e1de32d2feaa4ba80de51a,"{""basis"":""z"",""d"":15,""p"":0.001}",
1000000000,        11,         0,234495.9,pymatching,e6ae31aaf15fe092259c2baef03b5921b4768fc7d32d2e0cf8cfaca59a469eb5,"{""basis"":""z"",""d"":15,""p"":0.001}",
   1189522,         3,         0,325876.7,relay-bp-1,d4c15cffe8b7976747c75de0a2453cde783db759ab6fc69f92a8c4436daa2337,"{""basis"":""z"",""d"":15,""p"":0.001}",
    178577,         0,         0,324821.2,tesseract-short-beam,e85e9298dba691a1ab79af891270aabf9b1f947412ac1f7797d9750d2349bf1b,"{""basis"":""z"",""d"":15,""p"":0.001}",
   4491308,        44,         0,325802.5,union-find,bdaf382b2733a0b46303a28d04e56039ff7bfdf893621a32b659e2f7e6835321,"{""basis"":""z"",""d"":15,""p"":0.002}",
  18244688,       118,         0,  8910.0,pymatching,1e689b4093f2f70e28662e0f0a9ce7c7f4f048336b4d9682ce67b35b24398a49,"{""basis"":""z"",""d"":15,""p"":0.002}",
    400803,        72,         0,325002.3,relay-bp-1,68c404e559de80001fec2f628a093463af7899dd4c6a624296001623585a2f77,"{""basis"":""z"",""d"":15,""p"":0.002}",
     53474,         0,         0,325946.5,tesseract-short-beam,cd46f5d8b012bdec60f07ce58f6a2393abc0d006b5fd8147ceaee5173e411be7,"{""basis"":""z"",""d"":15,""p"":0.002}",
    304510,       106,         0, 39709.7,union-find,ae94db9f4da8bfb12b04a7de9317a8a6205013b44a12719f7d9696406fc99d80,"{""basis"":""z"",""d"":15,""p"":0.003}",
    596048,       116,         0,   409.4,pymatching,284cfc62c55c5265f6f7d261fc19d8c12452fbe7dbf847801ce68b5a7f1bdc64,"{""basis"":""z"",""d"":15,""p"":0.003}",
     24964,       101,         0,203122.1,relay-bp-1,6772781d601c03aa864b8510de788e2d6667fdcddc4897d77731277e53b6b57f,"{""basis"":""z"",""d"":15,""p"":0.003}",
      5375,         4,         0,216152.0,tesseract-short-beam,c83daa02ef4cd2de2f20a0a81f196683b327e6277c5b681425df52541d336392,"{""basis"":""z"",""d"":15,""p"":0.003}",
     33196,       117,         0,  2638.3,union-find,559648af1bc11b16132b623477c7a7d5c1a977ee3298d89218197c54bcf9d9ff,"{""basis"":""z"",""d"":15,""p"":0.004}",
     51760,       116,         0,   123.9,pymatching,c29f9c0aff9281ed089bb93b9f0d32a3684f6459b8f410a7d9fe7ef3a3ddfc34,"{""basis"":""z"",""d"":15,""p"":0.004}",
       950,       107,         0, 25684.4,relay-bp-1,7ce70d7eb9122516ed68a48844256813ee32f1911029ab4647f148e293efba57,"{""basis"":""z"",""d"":15,""p"":0.004}",
      2307,        76,         0,216443.3,tesseract-short-beam,43096262c4f79d5f02d160f54e485ec9f8f7906a3ffb19bd25e50114a300d86e,"{""basis"":""z"",""d"":15,""p"":0.004}",
      5816,       125,         0,   776.0,union-find,5716755e2609fa5185f8f2de771a757576fb88e90d9f340b045bf08fe4510b53,"{""basis"":""z"",""d"":15,""p"":0.005}",
      8784,       129,         0,    25.5,pymatching,dfdce0815168d7ec09b3a70dbc71a5742e976ea2f037e52a4ca73ab633444937,"{""basis"":""z"",""d"":15,""p"":0.005}",
       277,       107,         0, 26081.3,relay-bp-1,d0bda44af23f4edb34be484419c3b6d79df65f194507c829cf74c9f43a571a26,"{""basis"":""z"",""d"":15,""p"":0.005}",
       484,       105,         0, 17195.8,tesseract-short-beam,592fed0ef6d0ca77fe01fd10b0619e823b34017e6f53f6c50a1254bfb13790d1,"{""basis"":""z"",""d"":15,""p"":0.005}",
