distance,physical_error_rate,union_find_alone_shots,union_find_alone_failed_shots,union_find_alone_windows_per_shot,union_find_alone_per_round,union_find_alone_per_round_low,union_find_alone_per_round_high,union_find_alone_per_d_rounds,union_find_alone_per_d_rounds_low,union_find_alone_per_d_rounds_high,union_find_alone_windows,union_find_alone_wrong_alone,union_find_alone_wrong_paired,switching_shots,switching_failed_shots,switching_windows_per_shot,switching_per_round,switching_per_round_low,switching_per_round_high,switching_per_d_rounds,switching_per_d_rounds_low,switching_per_d_rounds_high,switching_windows,switching_wrong_alone,switching_wrong_paired,relay_bp5_alone_shots,relay_bp5_alone_failed_shots,relay_bp5_alone_windows_per_shot,relay_bp5_alone_per_round,relay_bp5_alone_per_round_low,relay_bp5_alone_per_round_high,relay_bp5_alone_per_d_rounds,relay_bp5_alone_per_d_rounds_low,relay_bp5_alone_per_d_rounds_high,relay_bp5_alone_windows,relay_bp5_alone_wrong_alone,relay_bp5_alone_wrong_paired,tesseract_alone_shots,tesseract_alone_failed_shots,tesseract_alone_windows_per_shot,tesseract_alone_per_round,tesseract_alone_per_round_low,tesseract_alone_per_round_high,tesseract_alone_per_d_rounds,tesseract_alone_per_d_rounds_low,tesseract_alone_per_d_rounds_high,tesseract_alone_windows,tesseract_alone_wrong_alone,tesseract_alone_wrong_paired,switching_decided_windows,switching_escalated,switching_correct_escalations,switching_false_positives,switching_false_negatives,switching_kept_wrong_paired,switching_kept_wrong_partner_unseen,relay_fixed,relay_broke,relay_both_right,relay_both_wrong,relay_not_converged
5,0.002,4041,91,20.0,0.00023036743224426142,0.00018720747852142452,0.0002834836858165557,0.0011507762670480148,0.0009353367221973663,0.0014158120800858986,80820,95,542,4041,68,16.138332096015837,0.00017114271750830952,0.00013474193728478767,0.00021738004676164754,0.0008551279914216225,0.0006733466764692331,0.0010859555629080808,65215,68,332,4041,63,20.0,0.00015835920033522953,0.00012354753095731748,0.00020298194323177415,0.000791294607775439,0.0006174324503623874,0.001014086017233129,80820,63,208,4041,33,20.0,8.233041090947467e-05,5.854637235262549e-05,0.00011577668783592217,0.00041151651093679353,0.0002926633162355641,0.0005786154164194035,80820,33,130,65215,8041,64,7977,4,291,9,58,35,7919,29,0
5,0.003,1504,120,20.0,0.000868479517794066,0.0007204406939040874,0.0010472789325662428,0.00432733863502438,0.003591837720230473,0.005214504697416078,30080,126,358,1504,83,14.18284574468085,0.0005844195065732168,0.0004684594443632853,0.0007292281502602973,0.002915274589257333,0.0023379122470868485,0.0036355207774646514,21331,87,192,1504,79,20.0,0.0005546471104150425,0.00044230935246140923,0.0006956454469028644,0.00276708970506806,0.0022076374708038804,0.003468562238935602,30080,81,188,1504,46,20.0,0.0003155058464484246,0.00023548552278064306,0.000422755815033688,0.0015755396093306562,0.0011763190674906054,0.0021102076465468467,30080,46,132,21331,4515,77,4438,3,138,10,76,39,4355,45,0
5,0.004,705,126,20.0,0.00220664473172203,0.0018117119419784895,0.0026943655976155167,0.010936266882538903,0.008993151139346733,0.013327416164105488,14100,138,240,705,76,11.892198581560283,0.0012127259198771733,0.0009548605123562878,0.00154188966111428,0.006034286772216346,0.004756102180672017,0.007662046234086728,8384,78,122,705,78,20.0,0.001248934367072371,0.0009859180275887983,0.0015838890821411311,0.006213552922385734,0.004910187746870187,0.00786943000702528,14100,90,158,705,40,20.0,0.0006018682290528609,0.0004378563072736898,0.00082768405833869,0.0030021049536727573,0.0021854505297819182,0.004124741735478055,14100,40,122,8384,2974,82,2892,3,54,21,81,26,2822,45,0
5,0.005,420,112,20.0,0.0037962156448052655,0.003009785820267858,0.004839004451918653,0.018695033193832533,0.014868840212329093,0.023731213486214986,8400,146,226,420,85,10.554761904761905,0.0025872519129804053,0.0020242214560265747,0.0033247964113341934,0.012803073074588667,0.010039488926714968,0.016404361879804208,4433,91,82,420,62,20.0,0.0017464191840853003,0.0013296830368525418,0.0023006441049443767,0.008671309011001493,0.006613147957933274,0.011397847228174607,8400,86,156,420,41,20.0,0.001084865440753655,0.0007858770215843812,0.0014999781598977204,0.0054008395604531745,0.003917052453198955,0.007455026901621753,8400,49,106,4433,2086,93,1993,1,25,9,92,54,1908,32,0
7,0.002,17836,112,15.0,6.318800129868447e-05,5.248900614181752e-05,7.606778054299618e-05,0.000442148350019822,0.00036730734921402997,0.0005322315005087397,267540,130,2834,17836,55,11.323222695671674,3.0931035476705706e-05,2.375617925198402e-05,4.027279564808742e-05,0.00021647706986338555,0.00016626955368659324,0.00028184145896170687,201961,71,1670,17836,58,15.0,3.262364359305788e-05,2.5228550932163283e-05,4.218636406081655e-05,0.0002283208093231126,0.00017657312662233693,0.0002952298119848207,267540,60,1228,17836,17,15.0,9.540290124158876e-06,5.955476662796645e-06,1.528290190690799e-05,6.677820827111214e-05,4.168684702582359e-05,0.00010697050403013497,267540,17,822,201961,34037,330,33707,20,1255,99,85,30,33905,17,0
7,0.003,3774,100,15.0,0.0002721760443518492,0.00022320631017686622,0.0003318988680832165,0.0019021237801485347,0.0015603532430056855,0.002318670603654649,56610,120,1024,3774,49,9.886327503974563,0.00013153390806076694,9.932190764475179e-05,0.00017419431404383309,0.0009200110258413829,0.0006948391673212706,0.0012180865043660005,37311,55,564,3774,61,15.0,0.00016427542873929759,0.0001276401203810788,0.00021142854075236497,0.0011487951921275719,0.0008927968697111655,0.0014781236227173755,56610,67,530,3774,24,15.0,6.399677789772142e-05,4.295436473600671e-05,9.534730321203157e-05,0.0004478054672953924,0.0003006030709937768,0.0006670494172691943,56610,26,366,37311,10062,187,9875,6,348,41,81,26,9931,24,0
7,0.004,1274,88,15.0,0.0007428037658057377,0.000598128451623402,0.0009227650518439252,0.00517650984187501,0.004171903262380761,0.006423702358021588,19110,106,592,1274,59,8.381475667189953,0.0004857428354731166,0.0003742489677245765,0.0006305694464799115,0.003390306141718036,0.0026138674909517157,0.0043973212339894485,10678,63,244,1274,57,15.0,0.00046848814182396444,0.0003594158240754683,0.0006107692122354899,0.00327021316685161,0.002510491715098373,0.004259748705132349,19110,67,382,1274,14,15.0,0.00011110333814289407,6.60004182858084e-05,0.00018703175544418756,0.0007772051129878998,0.00046182001392652827,0.0013077540068649474,19110,20,236,10678,4434,138,4296,3,111,30,69,37,4308,20,0
7,0.005,616,87,15.0,0.001656933896897671,0.0013174451035682547,0.002087831699772277,0.01148386397401241,0.009149537225008497,0.014433010992911277,9240,119,426,616,71,7.384740259740259,0.0013084830882708297,0.0010204675975519623,0.0016800813037468718,0.00908778506339325,0.007099684780195681,0.01164267855082557,4549,77,116,616,57,15.0,0.0010221879247994583,0.0007780572982930199,0.001344250975363412,0.007111580233055026,0.0054210412549380305,0.00933420153659914,9240,65,290,616,20,15.0,0.0003355838472545132,0.00021568583630319327,0.0005222610372712712,0.0023443623243731837,0.001507848402287626,0.003644391406276426,9240,22,212,4549,2474,131,2343,1,41,9,66,44,2333,31,0
9,0.002,88496,95,12.0,1.0746373419006932e-05,8.790854331428171e-06,1.313689140333609e-05,9.670904630121324e-05,7.911212511441112e-05,0.00011821959778157698,1061952,195,14566,88496,25,8.635701048634967,2.8257768105857238e-06,1.9140173307356208e-06,4.171859430214761e-06,2.5431416381949123e-05,1.7225892209704607e-05,3.7545481778533674e-05,764225,79,8430,88496,30,12.0,3.391121946985428e-06,2.3753516280567974e-06,4.841263567628141e-06,3.0519269556883444e-05,2.1377758411766923e-05,4.356968462293498e-05,1061952,54,6258,88496,3,12.0,3.3900975038928624e-07,1.1529200938029364e-07,9.968389126272697e-07,3.051079478677554e-06,1.0376271273870863e-06,8.971478668517996e-06,1061952,11,3768,764225,156789,1891,154898,35,6028,550,79,10,156674,26,2
9,0.003,10321,95,12.0,9.289449210563705e-05,7.592862702395435e-05,0.00011365140163731695,0.0008354293823811254,0.0006829426990017651,0.0010219331096551487,123852,137,2936,10321,45,7.464199205503343,4.378972078335501e-05,3.270834522358779e-05,5.862530578405093e-05,0.0003939694524052184,0.0002942980905873971,0.0005273803610389982,77038,57,1380,10321,47,12.0,4.574477108787888e-05,3.4381336312875886e-05,6.086386798381917e-05,0.00041155230589606795,0.00030934693097750543,0.0005475081700460072,123852,55,1824,10321,14,12.0,1.3582825700374136e-05,8.088602781140914e-06,2.28089577052222e-05,0.0001222321486380462,7.279271457227843e-05,0.00020524316543818477,123852,16,1022,77038,24749,559,24190,6,753,117,74,22,24627,26,1
9,0.004,2516,89,12.0,0.0003667378165126614,0.00029690854603918806,0.0004530194578645213,0.003290973146516385,0.0026658385636482707,0.0040624299995380975,30192,113,1356,2516,53,6.372813990461049,0.00021517164455431436,0.00016404685804119167,0.0002822379899182577,0.0019332146298904895,0.0014744855862310335,0.002534414060650747,16034,55,580,2516,46,12.0,0.00018622166603380442,0.00013925381569996194,0.00024903700431138146,0.001673500310302778,0.0012518890512274172,0.0022368728255667825,30192,58,870,2516,15,12.0,5.9973131684210455e-05,3.62933115424706e-05,9.910278504842225e-05,0.0005394992897136408,0.0003265449812219767,0.0008912182543113212,30192,15,492,16034,7536,334,7202,2,217,50,61,28,7424,23,5
9,0.005,996,92,12.0,0.0010201923767143091,0.0008227525730440471,0.001265780267311183,0.009107150009458165,0.007356221458476531,0.011277342866434226,11952,126,598,996,68,5.695783132530121,0.0007335357401607216,0.000573479617951867,0.0009386382248578767,0.006563212611118363,0.0051377005452569735,0.008384586104197567,5673,68,294,996,58,12.0,0.0006187435907944282,0.000474797333089113,0.0008065914654021764,0.005541207020514638,0.0042569807697609985,0.0072126566170440665,11952,90,476,996,26,12.0,0.000268033589505297,0.00018199737491022834,0.000394785529842169,0.002407136146020006,0.0016355935393953525,0.0035418688137903165,11952,28,290,5673,3340,200,3140,1,94,18,66,36,3209,29,4
11,0.002,392157,98,10.0,2.499617585065507e-06,2.051249788776626e-06,3.0459905536681155e-06,2.7495106156516513e-05,2.2563284843735154e-05,3.3504875522616384e-05,3921570,622,65334,392157,25,6.883862840648006,6.375400144687939e-07,4.3185050642433987e-07,9.411989207684779e-07,7.012895448799128e-06,4.7503350561473034e-06,1.0353090684644961e-05,2699555,247,36444,392157,25,10.0,6.375400144687939e-07,4.3185050642433987e-07,9.411989207684779e-07,7.012895448799128e-06,4.7503350561473034e-06,1.0353090684644961e-05,3921570,145,30756,392157,3,10.0,7.650055260323392e-08,2.6016994810875297e-08,2.2494273526314346e-07,8.415054350008333e-07,2.861868687586977e-07,2.4743645221092514e-06,3921570,53,17662,2699555,653922,9859,644063,131,24582,2410,88,13,653753,68,5
11,0.003,34800,111,10.0,3.199770159263127e-05,2.6565356908743148e-05,3.85408809971412e-05,0.0003518621153185131,0.00029214130936783267,0.0004237863348008908,348000,299,10600,34800,46,5.948620689655172,1.3235719058576248e-05,9.921938185567442e-06,1.7656237799783898e-05,0.00014557364090628244,0.00010913049175143019,0.00019418432772916328,207012,94,4868,34800,36,10.0,1.0355436679131663e-05,7.479171608549708e-06,1.433781341376591e-05,0.00011389800834599173,8.226473478917251e-05,0.00015769333647824846,348000,104,7046,34800,12,10.0,3.4494535709038715e-06,1.9731234415379833e-06,6.030396880698198e-06,3.7942680446600985e-05,2.170392960804124e-05,6.633036560677041e-05,348000,42,3778,207012,76214,2109,74105,23,2448,430,91,27,76063,33,13
11,0.004,5240,106,10.0,0.00020645340328050165,0.00017038097220185809,0.0002501663557520925,0.0022663047082213117,0.0018710006920997224,0.0027449560834299502,52400,180,2834,5240,51,5.1438931297709924,9.827833832867785e-05,7.465556412838509e-05,0.00012937623758561484,0.0010799998983678782,0.0008205984000911326,0.001421298838756524,26954,79,1110,5240,37,10.0,7.110896133266214e-05,5.15348183307515e-05,9.811780710737019e-05,0.0007816425986203468,0.0005665909498275834,0.0010782375199184235,52400,95,2044,5240,15,10.0,2.8707388692665095e-05,1.7385735151071617e-05,4.740153679210821e-05,0.0003156906386735381,0.00019120984111353767,0.000521169815368483,52400,27,1086,26954,13976,669,13307,13,390,96,84,30,13832,30,23
11,0.005,1527,92,10.0,0.000641583561545038,0.0005196673398584129,0.0007922755196127266,0.0070123137916719425,0.0056867272136268965,0.008646310848723415,15270,142,1032,1527,83,4.600523903077931,0.0005750955241494442,0.00046103523214343966,0.0007175115124588409,0.006289795177253754,0.005048071227544304,0.00783623923221749,7025,89,376,1527,53,10.0,0.0003595915175182457,0.0002736101133456431,0.0004726420616127008,0.003941313670321356,0.0030014898765335363,0.00517455927442273,15270,95,1010,1527,22,10.0,0.0001461684460240818,9.624597987871648e-05,0.00022199148151886303,0.001605504792580481,0.0010576874051146379,0.002436492686595182,15270,38,546,7025,4636,308,4328,1,84,24,71,60,4479,26,105
