configuration,distance,physical_error_rate,median_us,p99_us,window_period_us
relay_bp5_alone,5,0.002,366.354,3363.589,5.0
relay_bp5_alone,5,0.003,484.278,5004.698,5.0
relay_bp5_alone,5,0.004,621.856,6508.229,5.0
relay_bp5_alone,5,0.005,847.877,8326.224,5.0
relay_bp5_alone,7,0.002,602.202,6223.246,7.0
relay_bp5_alone,7,0.003,926.493,11284.151,7.0
relay_bp5_alone,7,0.004,1398.189,18448.034,7.0
relay_bp5_alone,7,0.005,2105.733,27144.929,7.0
relay_bp5_alone,9,0.002,1741.191,17992.647,9.0
relay_bp5_alone,9,0.003,3049.902,40377.465,9.0
relay_bp5_alone,9,0.004,5237.598,86573.01,9.0
relay_bp5_alone,9,0.005,9691.122,181581.522,9.0
relay_bp5_alone,11,0.002,3342.897,33051.609,11.0
relay_bp5_alone,11,0.003,6442.261,92573.213,11.0
relay_bp5_alone,11,0.004,13615.445,303681.073,11.0
relay_bp5_alone,11,0.005,34264.721,950322.513,11.0
switching,5,0.002,1.05,2125.387,5.0
switching,5,0.003,1.08,4513.348,5.0
switching,5,0.004,1.22,6557.364,5.0
switching,5,0.005,1.66,9171.346,5.0
switching,7,0.002,1.26,7640.157,7.0
switching,7,0.003,1.43,18773.967,7.0
switching,7,0.004,1.91,41764.308,7.0
switching,7,0.005,1545.861,91143.732,7.0
switching,9,0.002,1.49,15514.229,9.0
switching,9,0.003,1.85,48400.113,9.0
switching,9,0.004,2.91,162010.689,9.0
switching,9,0.005,6626.865,559146.637,9.0
switching,11,0.002,1.74,32603.579,11.0
switching,11,0.003,2.37,133083.594,11.0
switching,11,0.004,366.354,817935.172,11.0
switching,11,0.005,41154.302,1302007.115,11.0
tesseract_alone,5,0.002,2599.881,10995.539,5.0
tesseract_alone,5,0.003,3778.398,24101.958,5.0
tesseract_alone,5,0.004,5636.011,50408.359,5.0
tesseract_alone,5,0.005,6938.852,82311.448,5.0
tesseract_alone,7,0.002,11339.994,46259.06,7.0
tesseract_alone,7,0.003,18386.371,124519.903,7.0
tesseract_alone,7,0.004,26225.576,249108.694,7.0
tesseract_alone,7,0.005,36324.658,493692.942,7.0
tesseract_alone,9,0.002,32579.037,129902.301,9.0
tesseract_alone,9,0.003,60291.736,424550.05,9.0
tesseract_alone,9,0.004,97105.423,1056435.556,9.0
tesseract_alone,9,0.005,163888.943,1734748.483,9.0
tesseract_alone,11,0.002,85922.176,391639.213,11.0
tesseract_alone,11,0.003,150864.27,1395895.733,11.0
tesseract_alone,11,0.004,307439.134,3078547.796,11.0
tesseract_alone,11,0.005,580075.872,4125123.568,11.0
union_find_alone,5,0.002,1.05,1.9,5.0
union_find_alone,5,0.003,1.03,2.26,5.0
union_find_alone,5,0.004,1.1,2.32,5.0
union_find_alone,5,0.005,1.13,2.33,5.0
union_find_alone,7,0.002,1.22,2.51,7.0
union_find_alone,7,0.003,1.29,2.72,7.0
union_find_alone,7,0.004,1.4,2.96,7.0
union_find_alone,7,0.005,1.53,3.14,7.0
union_find_alone,9,0.002,1.39,2.81,9.0
union_find_alone,9,0.003,1.57,3.24,9.0
union_find_alone,9,0.004,1.79,3.65,9.0
union_find_alone,9,0.005,2.05,4.01,9.0
union_find_alone,11,0.002,1.59,3.06,11.0
union_find_alone,11,0.003,1.87,3.73,11.0
union_find_alone,11,0.004,2.22,4.41,11.0
union_find_alone,11,0.005,2.6,4.97,11.0
