configuration,distance,physical_error_rate,low_us,high_us,windows
relay_bp5_alone,5,0.002,133.3521432163324,177.82794100389228,301
relay_bp5_alone,5,0.002,177.82794100389228,237.13737056616552,582
relay_bp5_alone,5,0.002,237.13737056616552,316.22776601683796,726
relay_bp5_alone,5,0.002,316.22776601683796,421.6965034285823,1132
relay_bp5_alone,5,0.002,421.6965034285823,562.341325190349,1352
relay_bp5_alone,5,0.002,562.341325190349,749.8942093324558,1552
relay_bp5_alone,5,0.002,749.8942093324558,1000.0,2027
relay_bp5_alone,5,0.002,1000.0,1333.521432163324,2555
relay_bp5_alone,5,0.002,1333.521432163324,1778.2794100389228,3430
relay_bp5_alone,5,0.002,1778.2794100389228,2371.373705661655,4492
relay_bp5_alone,5,0.002,2371.373705661655,3162.2776601683795,5849
relay_bp5_alone,5,0.002,3162.2776601683795,4216.965034285822,7681
relay_bp5_alone,5,0.002,4216.965034285822,5623.413251903491,10202
relay_bp5_alone,5,0.002,5623.413251903491,7498.942093324558,12866
relay_bp5_alone,5,0.002,7498.942093324558,10000.0,13112
relay_bp5_alone,5,0.002,10000.0,13335.21432163324,8500
relay_bp5_alone,5,0.002,13335.21432163324,17782.794100389227,3335
relay_bp5_alone,5,0.002,17782.794100389227,23713.737056616552,830
relay_bp5_alone,5,0.002,23713.737056616552,31622.776601683792,251
relay_bp5_alone,5,0.002,31622.776601683792,42169.65034285822,45
relay_bp5_alone,5,0.003,133.3521432163324,177.82794100389228,26
relay_bp5_alone,5,0.003,177.82794100389228,237.13737056616552,112
relay_bp5_alone,5,0.003,237.13737056616552,316.22776601683796,200
relay_bp5_alone,5,0.003,316.22776601683796,421.6965034285823,329
relay_bp5_alone,5,0.003,421.6965034285823,562.341325190349,350
relay_bp5_alone,5,0.003,562.341325190349,749.8942093324558,426
relay_bp5_alone,5,0.003,749.8942093324558,1000.0,533
relay_bp5_alone,5,0.003,1000.0,1333.521432163324,719
relay_bp5_alone,5,0.003,1333.521432163324,1778.2794100389228,927
relay_bp5_alone,5,0.003,1778.2794100389228,2371.373705661655,1160
relay_bp5_alone,5,0.003,2371.373705661655,3162.2776601683795,1557
relay_bp5_alone,5,0.003,3162.2776601683795,4216.965034285822,1965
relay_bp5_alone,5,0.003,4216.965034285822,5623.413251903491,2669
relay_bp5_alone,5,0.003,5623.413251903491,7498.942093324558,3499
relay_bp5_alone,5,0.003,7498.942093324558,10000.0,4532
relay_bp5_alone,5,0.003,10000.0,13335.21432163324,4845
relay_bp5_alone,5,0.003,13335.21432163324,17782.794100389227,3756
relay_bp5_alone,5,0.003,17782.794100389227,23713.737056616552,1826
relay_bp5_alone,5,0.003,23713.737056616552,31622.776601683792,519
relay_bp5_alone,5,0.003,31622.776601683792,42169.65034285822,83
relay_bp5_alone,5,0.003,42169.65034285822,56234.13251903491,43
relay_bp5_alone,5,0.003,56234.13251903491,74989.42093324558,4
relay_bp5_alone,5,0.004,133.3521432163324,177.82794100389228,6
relay_bp5_alone,5,0.004,177.82794100389228,237.13737056616552,19
relay_bp5_alone,5,0.004,237.13737056616552,316.22776601683796,43
relay_bp5_alone,5,0.004,316.22776601683796,421.6965034285823,128
relay_bp5_alone,5,0.004,421.6965034285823,562.341325190349,136
relay_bp5_alone,5,0.004,562.341325190349,749.8942093324558,152
relay_bp5_alone,5,0.004,749.8942093324558,1000.0,199
relay_bp5_alone,5,0.004,1000.0,1333.521432163324,255
relay_bp5_alone,5,0.004,1333.521432163324,1778.2794100389228,330
relay_bp5_alone,5,0.004,1778.2794100389228,2371.373705661655,423
relay_bp5_alone,5,0.004,2371.373705661655,3162.2776601683795,550
relay_bp5_alone,5,0.004,3162.2776601683795,4216.965034285822,686
relay_bp5_alone,5,0.004,4216.965034285822,5623.413251903491,924
relay_bp5_alone,5,0.004,5623.413251903491,7498.942093324558,1217
relay_bp5_alone,5,0.004,7498.942093324558,10000.0,1626
relay_bp5_alone,5,0.004,10000.0,13335.21432163324,2132
relay_bp5_alone,5,0.004,13335.21432163324,17782.794100389227,2340
relay_bp5_alone,5,0.004,17782.794100389227,23713.737056616552,1761
relay_bp5_alone,5,0.004,23713.737056616552,31622.776601683792,835
relay_bp5_alone,5,0.004,31622.776601683792,42169.65034285822,242
relay_bp5_alone,5,0.004,42169.65034285822,56234.13251903491,51
relay_bp5_alone,5,0.004,56234.13251903491,74989.42093324558,36
relay_bp5_alone,5,0.004,74989.42093324558,100000.0,2
relay_bp5_alone,5,0.004,100000.0,133352.1432163324,7
relay_bp5_alone,5,0.005,133.3521432163324,177.82794100389228,1
relay_bp5_alone,5,0.005,177.82794100389228,237.13737056616552,5
relay_bp5_alone,5,0.005,237.13737056616552,316.22776601683796,16
relay_bp5_alone,5,0.005,316.22776601683796,421.6965034285823,58
relay_bp5_alone,5,0.005,421.6965034285823,562.341325190349,63
relay_bp5_alone,5,0.005,562.341325190349,749.8942093324558,75
relay_bp5_alone,5,0.005,749.8942093324558,1000.0,88
relay_bp5_alone,5,0.005,1000.0,1333.521432163324,141
relay_bp5_alone,5,0.005,1333.521432163324,1778.2794100389228,148
relay_bp5_alone,5,0.005,1778.2794100389228,2371.373705661655,222
relay_bp5_alone,5,0.005,2371.373705661655,3162.2776601683795,270
relay_bp5_alone,5,0.005,3162.2776601683795,4216.965034285822,328
relay_bp5_alone,5,0.005,4216.965034285822,5623.413251903491,405
relay_bp5_alone,5,0.005,5623.413251903491,7498.942093324558,584
relay_bp5_alone,5,0.005,7498.942093324558,10000.0,770
relay_bp5_alone,5,0.005,10000.0,13335.21432163324,924
relay_bp5_alone,5,0.005,13335.21432163324,17782.794100389227,1196
relay_bp5_alone,5,0.005,17782.794100389227,23713.737056616552,1455
relay_bp5_alone,5,0.005,23713.737056616552,31622.776601683792,1093
relay_bp5_alone,5,0.005,31622.776601683792,42169.65034285822,399
relay_bp5_alone,5,0.005,42169.65034285822,56234.13251903491,123
relay_bp5_alone,5,0.005,56234.13251903491,74989.42093324558,26
relay_bp5_alone,5,0.005,74989.42093324558,100000.0,10
relay_bp5_alone,7,0.002,133.3521432163324,177.82794100389228,17
relay_bp5_alone,7,0.002,177.82794100389228,237.13737056616552,112
relay_bp5_alone,7,0.002,237.13737056616552,316.22776601683796,783
relay_bp5_alone,7,0.002,316.22776601683796,421.6965034285823,2625
relay_bp5_alone,7,0.002,421.6965034285823,562.341325190349,3921
relay_bp5_alone,7,0.002,562.341325190349,749.8942093324558,4043
relay_bp5_alone,7,0.002,749.8942093324558,1000.0,5025
relay_bp5_alone,7,0.002,1000.0,1333.521432163324,6947
relay_bp5_alone,7,0.002,1333.521432163324,1778.2794100389228,8859
relay_bp5_alone,7,0.002,1778.2794100389228,2371.373705661655,11325
relay_bp5_alone,7,0.002,2371.373705661655,3162.2776601683795,14791
relay_bp5_alone,7,0.002,3162.2776601683795,4216.965034285822,19185
relay_bp5_alone,7,0.002,4216.965034285822,5623.413251903491,25299
relay_bp5_alone,7,0.002,5623.413251903491,7498.942093324558,33250
relay_bp5_alone,7,0.002,7498.942093324558,10000.0,43179
relay_bp5_alone,7,0.002,10000.0,13335.21432163324,42659
relay_bp5_alone,7,0.002,13335.21432163324,17782.794100389227,26808
relay_bp5_alone,7,0.002,17782.794100389227,23713.737056616552,11990
relay_bp5_alone,7,0.002,23713.737056616552,31622.776601683792,4275
relay_bp5_alone,7,0.002,31622.776601683792,42169.65034285822,1537
relay_bp5_alone,7,0.002,42169.65034285822,56234.13251903491,539
relay_bp5_alone,7,0.002,56234.13251903491,74989.42093324558,154
relay_bp5_alone,7,0.002,74989.42093324558,100000.0,78
relay_bp5_alone,7,0.002,100000.0,133352.1432163324,60
relay_bp5_alone,7,0.002,133352.1432163324,177827.94100389228,14
relay_bp5_alone,7,0.002,177827.94100389228,237137.37056616554,27
relay_bp5_alone,7,0.002,237137.37056616554,316227.7660168379,21
relay_bp5_alone,7,0.002,316227.7660168379,421696.5034285823,17
relay_bp5_alone,7,0.003,177.82794100389228,237.13737056616552,1
relay_bp5_alone,7,0.003,237.13737056616552,316.22776601683796,28
relay_bp5_alone,7,0.003,316.22776601683796,421.6965034285823,221
relay_bp5_alone,7,0.003,421.6965034285823,562.341325190349,488
relay_bp5_alone,7,0.003,562.341325190349,749.8942093324558,633
relay_bp5_alone,7,0.003,749.8942093324558,1000.0,693
relay_bp5_alone,7,0.003,1000.0,1333.521432163324,970
relay_bp5_alone,7,0.003,1333.521432163324,1778.2794100389228,1209
relay_bp5_alone,7,0.003,1778.2794100389228,2371.373705661655,1566
relay_bp5_alone,7,0.003,2371.373705661655,3162.2776601683795,2071
relay_bp5_alone,7,0.003,3162.2776601683795,4216.965034285822,2753
relay_bp5_alone,7,0.003,4216.965034285822,5623.413251903491,3476
relay_bp5_alone,7,0.003,5623.413251903491,7498.942093324558,4417
relay_bp5_alone,7,0.003,7498.942093324558,10000.0,5836
relay_bp5_alone,7,0.003,10000.0,13335.21432163324,7386
relay_bp5_alone,7,0.003,13335.21432163324,17782.794100389227,9020
relay_bp5_alone,7,0.003,17782.794100389227,23713.737056616552,7656
relay_bp5_alone,7,0.003,23713.737056616552,31622.776601683792,4843
relay_bp5_alone,7,0.003,31622.776601683792,42169.65034285822,2040
relay_bp5_alone,7,0.003,42169.65034285822,56234.13251903491,773
relay_bp5_alone,7,0.003,56234.13251903491,74989.42093324558,249
relay_bp5_alone,7,0.003,74989.42093324558,100000.0,149
relay_bp5_alone,7,0.003,100000.0,133352.1432163324,65
relay_bp5_alone,7,0.003,133352.1432163324,177827.94100389228,30
relay_bp5_alone,7,0.003,177827.94100389228,237137.37056616554,23
relay_bp5_alone,7,0.003,237137.37056616554,316227.7660168379,14
relay_bp5_alone,7,0.004,237.13737056616552,316.22776601683796,1
relay_bp5_alone,7,0.004,316.22776601683796,421.6965034285823,30
relay_bp5_alone,7,0.004,421.6965034285823,562.341325190349,69
relay_bp5_alone,7,0.004,562.341325190349,749.8942093324558,165
relay_bp5_alone,7,0.004,749.8942093324558,1000.0,140
relay_bp5_alone,7,0.004,1000.0,1333.521432163324,209
relay_bp5_alone,7,0.004,1333.521432163324,1778.2794100389228,266
relay_bp5_alone,7,0.004,1778.2794100389228,2371.373705661655,363
relay_bp5_alone,7,0.004,2371.373705661655,3162.2776601683795,491
relay_bp5_alone,7,0.004,3162.2776601683795,4216.965034285822,629
relay_bp5_alone,7,0.004,4216.965034285822,5623.413251903491,744
relay_bp5_alone,7,0.004,5623.413251903491,7498.942093324558,1042
relay_bp5_alone,7,0.004,7498.942093324558,10000.0,1275
relay_bp5_alone,7,0.004,10000.0,13335.21432163324,1669
relay_bp5_alone,7,0.004,13335.21432163324,17782.794100389227,2262
relay_bp5_alone,7,0.004,17782.794100389227,23713.737056616552,2774
relay_bp5_alone,7,0.004,23713.737056616552,31622.776601683792,2818
relay_bp5_alone,7,0.004,31622.776601683792,42169.65034285822,2069
relay_bp5_alone,7,0.004,42169.65034285822,56234.13251903491,1153
relay_bp5_alone,7,0.004,56234.13251903491,74989.42093324558,540
relay_bp5_alone,7,0.004,74989.42093324558,100000.0,255
relay_bp5_alone,7,0.004,100000.0,133352.1432163324,95
relay_bp5_alone,7,0.004,133352.1432163324,177827.94100389228,39
relay_bp5_alone,7,0.004,177827.94100389228,237137.37056616554,12
relay_bp5_alone,7,0.005,316.22776601683796,421.6965034285823,4
relay_bp5_alone,7,0.005,421.6965034285823,562.341325190349,19
relay_bp5_alone,7,0.005,562.341325190349,749.8942093324558,34
relay_bp5_alone,7,0.005,749.8942093324558,1000.0,57
relay_bp5_alone,7,0.005,1000.0,1333.521432163324,69
relay_bp5_alone,7,0.005,1333.521432163324,1778.2794100389228,101
relay_bp5_alone,7,0.005,1778.2794100389228,2371.373705661655,136
relay_bp5_alone,7,0.005,2371.373705661655,3162.2776601683795,159
relay_bp5_alone,7,0.005,3162.2776601683795,4216.965034285822,207
relay_bp5_alone,7,0.005,4216.965034285822,5623.413251903491,266
relay_bp5_alone,7,0.005,5623.413251903491,7498.942093324558,335
relay_bp5_alone,7,0.005,7498.942093324558,10000.0,409
relay_bp5_alone,7,0.005,10000.0,13335.21432163324,568
relay_bp5_alone,7,0.005,13335.21432163324,17782.794100389227,732
relay_bp5_alone,7,0.005,17782.794100389227,23713.737056616552,919
relay_bp5_alone,7,0.005,23713.737056616552,31622.776601683792,1129
relay_bp5_alone,7,0.005,31622.776601683792,42169.65034285822,1349
relay_bp5_alone,7,0.005,42169.65034285822,56234.13251903491,1241
relay_bp5_alone,7,0.005,56234.13251903491,74989.42093324558,836
relay_bp5_alone,7,0.005,74989.42093324558,100000.0,436
relay_bp5_alone,7,0.005,100000.0,133352.1432163324,165
relay_bp5_alone,7,0.005,133352.1432163324,177827.94100389228,33
relay_bp5_alone,7,0.005,177827.94100389228,237137.37056616554,20
relay_bp5_alone,7,0.005,316227.7660168379,421696.5034285823,8
relay_bp5_alone,7,0.005,421696.5034285823,562341.3251903491,8
relay_bp5_alone,9,0.002,316.22776601683796,421.6965034285823,1
relay_bp5_alone,9,0.002,421.6965034285823,562.341325190349,53
relay_bp5_alone,9,0.002,562.341325190349,749.8942093324558,1451
relay_bp5_alone,9,0.002,749.8942093324558,1000.0,6948
relay_bp5_alone,9,0.002,1000.0,1333.521432163324,15633
relay_bp5_alone,9,0.002,1333.521432163324,1778.2794100389228,15866
relay_bp5_alone,9,0.002,1778.2794100389228,2371.373705661655,19530
relay_bp5_alone,9,0.002,2371.373705661655,3162.2776601683795,27818
relay_bp5_alone,9,0.002,3162.2776601683795,4216.965034285822,35443
relay_bp5_alone,9,0.002,4216.965034285822,5623.413251903491,45846
relay_bp5_alone,9,0.002,5623.413251903491,7498.942093324558,59957
relay_bp5_alone,9,0.002,7498.942093324558,10000.0,77387
relay_bp5_alone,9,0.002,10000.0,13335.21432163324,101583
relay_bp5_alone,9,0.002,13335.21432163324,17782.794100389227,135720
relay_bp5_alone,9,0.002,17782.794100389227,23713.737056616552,174073
relay_bp5_alone,9,0.002,23713.737056616552,31622.776601683792,164416
relay_bp5_alone,9,0.002,31622.776601683792,42169.65034285822,102053
relay_bp5_alone,9,0.002,42169.65034285822,56234.13251903491,47731
relay_bp5_alone,9,0.002,56234.13251903491,74989.42093324558,18500
relay_bp5_alone,9,0.002,74989.42093324558,100000.0,6896
relay_bp5_alone,9,0.002,100000.0,133352.1432163324,2539
relay_bp5_alone,9,0.002,133352.1432163324,177827.94100389228,1119
relay_bp5_alone,9,0.002,177827.94100389228,237137.37056616554,562
relay_bp5_alone,9,0.002,237137.37056616554,316227.7660168379,269
relay_bp5_alone,9,0.002,316227.7660168379,421696.5034285823,185
relay_bp5_alone,9,0.002,421696.5034285823,562341.3251903491,88
relay_bp5_alone,9,0.002,562341.3251903491,749894.2093324559,162
relay_bp5_alone,9,0.002,749894.2093324559,1000000.0,44
relay_bp5_alone,9,0.002,1000000.0,1333521.432163324,37
relay_bp5_alone,9,0.002,1333521.432163324,1778279.410038923,42
relay_bp5_alone,9,0.003,562.341325190349,749.8942093324558,13
relay_bp5_alone,9,0.003,749.8942093324558,1000.0,124
relay_bp5_alone,9,0.003,1000.0,1333.521432163324,665
relay_bp5_alone,9,0.003,1333.521432163324,1778.2794100389228,1161
relay_bp5_alone,9,0.003,1778.2794100389228,2371.373705661655,1337
relay_bp5_alone,9,0.003,2371.373705661655,3162.2776601683795,1848
relay_bp5_alone,9,0.003,3162.2776601683795,4216.965034285822,2424
relay_bp5_alone,9,0.003,4216.965034285822,5623.413251903491,3140
relay_bp5_alone,9,0.003,5623.413251903491,7498.942093324558,4018
relay_bp5_alone,9,0.003,7498.942093324558,10000.0,5270
relay_bp5_alone,9,0.003,10000.0,13335.21432163324,6608
relay_bp5_alone,9,0.003,13335.21432163324,17782.794100389227,8699
relay_bp5_alone,9,0.003,17782.794100389227,23713.737056616552,11269
relay_bp5_alone,9,0.003,23713.737056616552,31622.776601683792,14843
relay_bp5_alone,9,0.003,31622.776601683792,42169.65034285822,18697
relay_bp5_alone,9,0.003,42169.65034285822,56234.13251903491,17675
relay_bp5_alone,9,0.003,56234.13251903491,74989.42093324558,12619
relay_bp5_alone,9,0.003,74989.42093324558,100000.0,7257
relay_bp5_alone,9,0.003,100000.0,133352.1432163324,3446
relay_bp5_alone,9,0.003,133352.1432163324,177827.94100389228,1517
relay_bp5_alone,9,0.003,177827.94100389228,237137.37056616554,651
relay_bp5_alone,9,0.003,237137.37056616554,316227.7660168379,276
relay_bp5_alone,9,0.003,316227.7660168379,421696.5034285823,159
relay_bp5_alone,9,0.003,421696.5034285823,562341.3251903491,45
relay_bp5_alone,9,0.003,562341.3251903491,749894.2093324559,69
relay_bp5_alone,9,0.003,749894.2093324559,1000000.0,17
relay_bp5_alone,9,0.003,1333521.432163324,1778279.410038923,5
relay_bp5_alone,9,0.004,749.8942093324558,1000.0,3
relay_bp5_alone,9,0.004,1000.0,1333.521432163324,50
relay_bp5_alone,9,0.004,1333.521432163324,1778.2794100389228,133
relay_bp5_alone,9,0.004,1778.2794100389228,2371.373705661655,175
relay_bp5_alone,9,0.004,2371.373705661655,3162.2776601683795,238
relay_bp5_alone,9,0.004,3162.2776601683795,4216.965034285822,372
relay_bp5_alone,9,0.004,4216.965034285822,5623.413251903491,449
relay_bp5_alone,9,0.004,5623.413251903491,7498.942093324558,546
relay_bp5_alone,9,0.004,7498.942093324558,10000.0,705
relay_bp5_alone,9,0.004,10000.0,13335.21432163324,1005
relay_bp5_alone,9,0.004,13335.21432163324,17782.794100389227,1244
relay_bp5_alone,9,0.004,17782.794100389227,23713.737056616552,1569
relay_bp5_alone,9,0.004,23713.737056616552,31622.776601683792,2052
relay_bp5_alone,9,0.004,31622.776601683792,42169.65034285822,2603
relay_bp5_alone,9,0.004,42169.65034285822,56234.13251903491,3462
relay_bp5_alone,9,0.004,56234.13251903491,74989.42093324558,4036
relay_bp5_alone,9,0.004,74989.42093324558,100000.0,4068
relay_bp5_alone,9,0.004,100000.0,133352.1432163324,3257
relay_bp5_alone,9,0.004,133352.1432163324,177827.94100389228,2070
relay_bp5_alone,9,0.004,177827.94100389228,237137.37056616554,1236
relay_bp5_alone,9,0.004,237137.37056616554,316227.7660168379,502
relay_bp5_alone,9,0.004,316227.7660168379,421696.5034285823,195
relay_bp5_alone,9,0.004,421696.5034285823,562341.3251903491,82
relay_bp5_alone,9,0.004,562341.3251903491,749894.2093324559,81
relay_bp5_alone,9,0.004,749894.2093324559,1000000.0,23
relay_bp5_alone,9,0.004,1000000.0,1333521.432163324,24
relay_bp5_alone,9,0.004,1333521.432163324,1778279.410038923,12
relay_bp5_alone,9,0.005,749.8942093324558,1000.0,1
relay_bp5_alone,9,0.005,1000.0,1333.521432163324,2
relay_bp5_alone,9,0.005,1333.521432163324,1778.2794100389228,9
relay_bp5_alone,9,0.005,1778.2794100389228,2371.373705661655,37
relay_bp5_alone,9,0.005,2371.373705661655,3162.2776601683795,37
relay_bp5_alone,9,0.005,3162.2776601683795,4216.965034285822,65
relay_bp5_alone,9,0.005,4216.965034285822,5623.413251903491,104
relay_bp5_alone,9,0.005,5623.413251903491,7498.942093324558,143
relay_bp5_alone,9,0.005,7498.942093324558,10000.0,184
relay_bp5_alone,9,0.005,10000.0,13335.21432163324,208
relay_bp5_alone,9,0.005,13335.21432163324,17782.794100389227,275
relay_bp5_alone,9,0.005,17782.794100389227,23713.737056616552,343
relay_bp5_alone,9,0.005,23713.737056616552,31622.776601683792,432
relay_bp5_alone,9,0.005,31622.776601683792,42169.65034285822,565
relay_bp5_alone,9,0.005,42169.65034285822,56234.13251903491,748
relay_bp5_alone,9,0.005,56234.13251903491,74989.42093324558,930
relay_bp5_alone,9,0.005,74989.42093324558,100000.0,1139
relay_bp5_alone,9,0.005,100000.0,133352.1432163324,1486
relay_bp5_alone,9,0.005,133352.1432163324,177827.94100389228,1571
relay_bp5_alone,9,0.005,177827.94100389228,237137.37056616554,1403
relay_bp5_alone,9,0.005,237137.37056616554,316227.7660168379,1036
relay_bp5_alone,9,0.005,316227.7660168379,421696.5034285823,670
relay_bp5_alone,9,0.005,421696.5034285823,562341.3251903491,309
relay_bp5_alone,9,0.005,562341.3251903491,749894.2093324559,150
relay_bp5_alone,9,0.005,749894.2093324559,1000000.0,67
relay_bp5_alone,9,0.005,1000000.0,1333521.432163324,35
relay_bp5_alone,9,0.005,1333521.432163324,1778279.410038923,3
relay_bp5_alone,11,0.002,562.341325190349,749.8942093324558,1
relay_bp5_alone,11,0.002,749.8942093324558,1000.0,160
relay_bp5_alone,11,0.002,1000.0,1333.521432163324,4741
relay_bp5_alone,11,0.002,1333.521432163324,1778.2794100389228,26873
relay_bp5_alone,11,0.002,1778.2794100389228,2371.373705661655,52773
relay_bp5_alone,11,0.002,2371.373705661655,3162.2776601683795,60101
relay_bp5_alone,11,0.002,3162.2776601683795,4216.965034285822,82641
relay_bp5_alone,11,0.002,4216.965034285822,5623.413251903491,110814
relay_bp5_alone,11,0.002,5623.413251903491,7498.942093324558,145568
relay_bp5_alone,11,0.002,7498.942093324558,10000.0,187016
relay_bp5_alone,11,0.002,10000.0,13335.21432163324,244212
relay_bp5_alone,11,0.002,13335.21432163324,17782.794100389227,317731
relay_bp5_alone,11,0.002,17782.794100389227,23713.737056616552,422204
relay_bp5_alone,11,0.002,23713.737056616552,31622.776601683792,581963
relay_bp5_alone,11,0.002,31622.776601683792,42169.65034285822,662857
relay_bp5_alone,11,0.002,42169.65034285822,56234.13251903491,519630
relay_bp5_alone,11,0.002,56234.13251903491,74989.42093324558,287735
relay_bp5_alone,11,0.002,74989.42093324558,100000.0,126796
relay_bp5_alone,11,0.002,100000.0,133352.1432163324,49585
relay_bp5_alone,11,0.002,133352.1432163324,177827.94100389228,19961
relay_bp5_alone,11,0.002,177827.94100389228,237137.37056616554,8761
relay_bp5_alone,11,0.002,237137.37056616554,316227.7660168379,4026
relay_bp5_alone,11,0.002,316227.7660168379,421696.5034285823,2292
relay_bp5_alone,11,0.002,421696.5034285823,562341.3251903491,1104
relay_bp5_alone,11,0.002,562341.3251903491,749894.2093324559,622
relay_bp5_alone,11,0.002,749894.2093324559,1000000.0,855
relay_bp5_alone,11,0.002,1000000.0,1333521.432163324,306
relay_bp5_alone,11,0.002,1333521.432163324,1778279.410038923,87
relay_bp5_alone,11,0.002,1778279.410038923,2371373.7056616554,155
relay_bp5_alone,11,0.003,1000.0,1333.521432163324,15
relay_bp5_alone,11,0.003,1333.521432163324,1778.2794100389228,244
relay_bp5_alone,11,0.003,1778.2794100389228,2371.373705661655,1223
relay_bp5_alone,11,0.003,2371.373705661655,3162.2776601683795,2523
relay_bp5_alone,11,0.003,3162.2776601683795,4216.965034285822,3358
relay_bp5_alone,11,0.003,4216.965034285822,5623.413251903491,4811
relay_bp5_alone,11,0.003,5623.413251903491,7498.942093324558,6524
relay_bp5_alone,11,0.003,7498.942093324558,10000.0,8378
relay_bp5_alone,11,0.003,10000.0,13335.21432163324,11269
relay_bp5_alone,11,0.003,13335.21432163324,17782.794100389227,14315
relay_bp5_alone,11,0.003,17782.794100389227,23713.737056616552,18178
relay_bp5_alone,11,0.003,23713.737056616552,31622.776601683792,23705
relay_bp5_alone,11,0.003,31622.776601683792,42169.65034285822,30974
relay_bp5_alone,11,0.003,42169.65034285822,56234.13251903491,41598
relay_bp5_alone,11,0.003,56234.13251903491,74989.42093324558,50395
relay_bp5_alone,11,0.003,74989.42093324558,100000.0,49555
relay_bp5_alone,11,0.003,100000.0,133352.1432163324,36529
relay_bp5_alone,11,0.003,133352.1432163324,177827.94100389228,22216
relay_bp5_alone,11,0.003,177827.94100389228,237137.37056616554,11117
relay_bp5_alone,11,0.003,237137.37056616554,316227.7660168379,5354
relay_bp5_alone,11,0.003,316227.7660168379,421696.5034285823,2606
relay_bp5_alone,11,0.003,421696.5034285823,562341.3251903491,1463
relay_bp5_alone,11,0.003,562341.3251903491,749894.2093324559,715
relay_bp5_alone,11,0.003,749894.2093324559,1000000.0,497
relay_bp5_alone,11,0.003,1000000.0,1333521.432163324,297
relay_bp5_alone,11,0.003,1333521.432163324,1778279.410038923,109
relay_bp5_alone,11,0.003,1778279.410038923,2371373.7056616554,32
relay_bp5_alone,11,0.004,1333.521432163324,1778.2794100389228,5
relay_bp5_alone,11,0.004,1778.2794100389228,2371.373705661655,37
relay_bp5_alone,11,0.004,2371.373705661655,3162.2776601683795,103
relay_bp5_alone,11,0.004,3162.2776601683795,4216.965034285822,202
relay_bp5_alone,11,0.004,4216.965034285822,5623.413251903491,301
relay_bp5_alone,11,0.004,5623.413251903491,7498.942093324558,422
relay_bp5_alone,11,0.004,7498.942093324558,10000.0,564
relay_bp5_alone,11,0.004,10000.0,13335.21432163324,801
relay_bp5_alone,11,0.004,13335.21432163324,17782.794100389227,975
relay_bp5_alone,11,0.004,17782.794100389227,23713.737056616552,1310
relay_bp5_alone,11,0.004,23713.737056616552,31622.776601683792,1714
relay_bp5_alone,11,0.004,31622.776601683792,42169.65034285822,2168
relay_bp5_alone,11,0.004,42169.65034285822,56234.13251903491,2740
relay_bp5_alone,11,0.004,56234.13251903491,74989.42093324558,3417
relay_bp5_alone,11,0.004,74989.42093324558,100000.0,4498
relay_bp5_alone,11,0.004,100000.0,133352.1432163324,5708
relay_bp5_alone,11,0.004,133352.1432163324,177827.94100389228,6692
relay_bp5_alone,11,0.004,177827.94100389228,237137.37056616554,6681
relay_bp5_alone,11,0.004,237137.37056616554,316227.7660168379,5270
relay_bp5_alone,11,0.004,316227.7660168379,421696.5034285823,3868
relay_bp5_alone,11,0.004,421696.5034285823,562341.3251903491,2211
relay_bp5_alone,11,0.004,562341.3251903491,749894.2093324559,1156
relay_bp5_alone,11,0.004,749894.2093324559,1000000.0,673
relay_bp5_alone,11,0.004,1000000.0,1333521.432163324,536
relay_bp5_alone,11,0.004,1333521.432163324,1778279.410038923,223
relay_bp5_alone,11,0.004,1778279.410038923,2371373.7056616554,111
relay_bp5_alone,11,0.004,2371373.7056616554,3162277.6601683795,14
relay_bp5_alone,11,0.005,1778.2794100389228,2371.373705661655,1
relay_bp5_alone,11,0.005,2371.373705661655,3162.2776601683795,5
relay_bp5_alone,11,0.005,3162.2776601683795,4216.965034285822,9
relay_bp5_alone,11,0.005,4216.965034285822,5623.413251903491,22
relay_bp5_alone,11,0.005,5623.413251903491,7498.942093324558,44
relay_bp5_alone,11,0.005,7498.942093324558,10000.0,72
relay_bp5_alone,11,0.005,10000.0,13335.21432163324,86
relay_bp5_alone,11,0.005,13335.21432163324,17782.794100389227,88
relay_bp5_alone,11,0.005,17782.794100389227,23713.737056616552,175
relay_bp5_alone,11,0.005,23713.737056616552,31622.776601683792,197
relay_bp5_alone,11,0.005,31622.776601683792,42169.65034285822,288
relay_bp5_alone,11,0.005,42169.65034285822,56234.13251903491,338
relay_bp5_alone,11,0.005,56234.13251903491,74989.42093324558,399
relay_bp5_alone,11,0.005,74989.42093324558,100000.0,540
relay_bp5_alone,11,0.005,100000.0,133352.1432163324,627
relay_bp5_alone,11,0.005,133352.1432163324,177827.94100389228,866
relay_bp5_alone,11,0.005,177827.94100389228,237137.37056616554,1069
relay_bp5_alone,11,0.005,237137.37056616554,316227.7660168379,1286
relay_bp5_alone,11,0.005,316227.7660168379,421696.5034285823,1624
relay_bp5_alone,11,0.005,421696.5034285823,562341.3251903491,1627
relay_bp5_alone,11,0.005,562341.3251903491,749894.2093324559,1644
relay_bp5_alone,11,0.005,749894.2093324559,1000000.0,1363
relay_bp5_alone,11,0.005,1000000.0,1333521.432163324,1138
relay_bp5_alone,11,0.005,1333521.432163324,1778279.410038923,899
relay_bp5_alone,11,0.005,1778279.410038923,2371373.7056616554,569
relay_bp5_alone,11,0.005,2371373.7056616554,3162277.6601683795,251
relay_bp5_alone,11,0.005,3162277.6601683795,4216965.034285823,38
relay_bp5_alone,11,0.005,4216965.034285823,5623413.251903491,5
switching,5,0.002,1.333521432163324,1.7782794100389228,2195
switching,5,0.002,1.7782794100389228,2.371373705661655,23676
switching,5,0.002,2.371373705661655,3.1622776601683795,27956
switching,5,0.002,3.1622776601683795,4.216965034285822,1798
switching,5,0.002,4.216965034285822,5.623413251903491,1519
switching,5,0.002,5.623413251903491,7.498942093324558,26
switching,5,0.002,7.498942093324558,10.0,4
switching,5,0.002,177.82794100389228,237.13737056616552,88
switching,5,0.002,237.13737056616552,316.22776601683796,232
switching,5,0.002,316.22776601683796,421.6965034285823,548
switching,5,0.002,421.6965034285823,562.341325190349,755
switching,5,0.002,562.341325190349,749.8942093324558,801
switching,5,0.002,749.8942093324558,1000.0,801
switching,5,0.002,1000.0,1333.521432163324,970
switching,5,0.002,1333.521432163324,1778.2794100389228,960
switching,5,0.002,1778.2794100389228,2371.373705661655,968
switching,5,0.002,2371.373705661655,3162.2776601683795,746
switching,5,0.002,3162.2776601683795,4216.965034285822,539
switching,5,0.002,4216.965034285822,5623.413251903491,336
switching,5,0.002,5623.413251903491,7498.942093324558,163
switching,5,0.002,7498.942093324558,10000.0,79
switching,5,0.002,10000.0,13335.21432163324,34
switching,5,0.002,13335.21432163324,17782.794100389227,15
switching,5,0.002,17782.794100389227,23713.737056616552,4
switching,5,0.002,23713.737056616552,31622.776601683792,2
switching,5,0.003,1.333521432163324,1.7782794100389228,145
switching,5,0.003,1.7782794100389228,2.371373705661655,7809
switching,5,0.003,2.371373705661655,3.1622776601683795,7655
switching,5,0.003,3.1622776601683795,4.216965034285822,641
switching,5,0.003,4.216965034285822,5.623413251903491,548
switching,5,0.003,5.623413251903491,7.498942093324558,18
switching,5,0.003,177.82794100389228,237.13737056616552,9
switching,5,0.003,237.13737056616552,316.22776601683796,47
switching,5,0.003,316.22776601683796,421.6965034285823,140
switching,5,0.003,421.6965034285823,562.341325190349,215
switching,5,0.003,562.341325190349,749.8942093324558,244
switching,5,0.003,749.8942093324558,1000.0,266
switching,5,0.003,1000.0,1333.521432163324,373
switching,5,0.003,1333.521432163324,1778.2794100389228,425
switching,5,0.003,1778.2794100389228,2371.373705661655,530
switching,5,0.003,2371.373705661655,3162.2776601683795,546
switching,5,0.003,3162.2776601683795,4216.965034285822,555
switching,5,0.003,4216.965034285822,5623.413251903491,476
switching,5,0.003,5623.413251903491,7498.942093324558,330
switching,5,0.003,7498.942093324558,10000.0,187
switching,5,0.003,10000.0,13335.21432163324,118
switching,5,0.003,13335.21432163324,17782.794100389227,28
switching,5,0.003,17782.794100389227,23713.737056616552,10
switching,5,0.003,23713.737056616552,31622.776601683792,14
switching,5,0.003,31622.776601683792,42169.65034285822,2
switching,5,0.004,1.333521432163324,1.7782794100389228,11
switching,5,0.004,1.7782794100389228,2.371373705661655,2061
switching,5,0.004,2.371373705661655,3.1622776601683795,2887
switching,5,0.004,3.1622776601683795,4.216965034285822,245
switching,5,0.004,4.216965034285822,5.623413251903491,201
switching,5,0.004,5.623413251903491,7.498942093324558,5
switching,5,0.004,237.13737056616552,316.22776601683796,5
switching,5,0.004,316.22776601683796,421.6965034285823,38
switching,5,0.004,421.6965034285823,562.341325190349,76
switching,5,0.004,562.341325190349,749.8942093324558,106
switching,5,0.004,749.8942093324558,1000.0,98
switching,5,0.004,1000.0,1333.521432163324,135
switching,5,0.004,1333.521432163324,1778.2794100389228,206
switching,5,0.004,1778.2794100389228,2371.373705661655,241
switching,5,0.004,2371.373705661655,3162.2776601683795,315
switching,5,0.004,3162.2776601683795,4216.965034285822,420
switching,5,0.004,4216.965034285822,5623.413251903491,390
switching,5,0.004,5623.413251903491,7498.942093324558,347
switching,5,0.004,7498.942093324558,10000.0,289
switching,5,0.004,10000.0,13335.21432163324,151
switching,5,0.004,13335.21432163324,17782.794100389227,103
switching,5,0.004,17782.794100389227,23713.737056616552,42
switching,5,0.004,23713.737056616552,31622.776601683792,8
switching,5,0.004,31622.776601683792,42169.65034285822,4
switching,5,0.005,1.333521432163324,1.7782794100389228,2
switching,5,0.005,1.7782794100389228,2.371373705661655,882
switching,5,0.005,2.371373705661655,3.1622776601683795,1245
switching,5,0.005,3.1622776601683795,4.216965034285822,127
switching,5,0.005,4.216965034285822,5.623413251903491,90
switching,5,0.005,5.623413251903491,7.498942093324558,1
switching,5,0.005,237.13737056616552,316.22776601683796,1
switching,5,0.005,316.22776601683796,421.6965034285823,11
switching,5,0.005,421.6965034285823,562.341325190349,24
switching,5,0.005,562.341325190349,749.8942093324558,62
switching,5,0.005,749.8942093324558,1000.0,37
switching,5,0.005,1000.0,1333.521432163324,63
switching,5,0.005,1333.521432163324,1778.2794100389228,78
switching,5,0.005,1778.2794100389228,2371.373705661655,128
switching,5,0.005,2371.373705661655,3162.2776601683795,168
switching,5,0.005,3162.2776601683795,4216.965034285822,193
switching,5,0.005,4216.965034285822,5623.413251903491,233
switching,5,0.005,5623.413251903491,7498.942093324558,267
switching,5,0.005,7498.942093324558,10000.0,274
switching,5,0.005,10000.0,13335.21432163324,258
switching,5,0.005,13335.21432163324,17782.794100389227,175
switching,5,0.005,17782.794100389227,23713.737056616552,78
switching,5,0.005,23713.737056616552,31622.776601683792,28
switching,5,0.005,31622.776601683792,42169.65034285822,8
switching,7,0.002,1.333521432163324,1.7782794100389228,29
switching,7,0.002,1.7782794100389228,2.371373705661655,15547
switching,7,0.002,2.371373705661655,3.1622776601683795,129863
switching,7,0.002,3.1622776601683795,4.216965034285822,12493
switching,7,0.002,4.216965034285822,5.623413251903491,9075
switching,7,0.002,5.623413251903491,7.498942093324558,865
switching,7,0.002,7.498942093324558,10.0,51
switching,7,0.002,10.0,13.33521432163324,1
switching,7,0.002,237.13737056616552,316.22776601683796,1
switching,7,0.002,316.22776601683796,421.6965034285823,1
switching,7,0.002,421.6965034285823,562.341325190349,53
switching,7,0.002,562.341325190349,749.8942093324558,423
switching,7,0.002,749.8942093324558,1000.0,1802
switching,7,0.002,1000.0,1333.521432163324,2789
switching,7,0.002,1333.521432163324,1778.2794100389228,2825
switching,7,0.002,1778.2794100389228,2371.373705661655,3201
switching,7,0.002,2371.373705661655,3162.2776601683795,3972
switching,7,0.002,3162.2776601683795,4216.965034285822,4307
switching,7,0.002,4216.965034285822,5623.413251903491,4104
switching,7,0.002,5623.413251903491,7498.942093324558,3696
switching,7,0.002,7498.942093324558,10000.0,2760
switching,7,0.002,10000.0,13335.21432163324,1895
switching,7,0.002,13335.21432163324,17782.794100389227,1053
switching,7,0.002,17782.794100389227,23713.737056616552,553
switching,7,0.002,23713.737056616552,31622.776601683792,300
switching,7,0.002,31622.776601683792,42169.65034285822,167
switching,7,0.002,42169.65034285822,56234.13251903491,74
switching,7,0.002,56234.13251903491,74989.42093324558,32
switching,7,0.002,74989.42093324558,100000.0,16
switching,7,0.002,100000.0,133352.1432163324,4
switching,7,0.002,133352.1432163324,177827.94100389228,2
switching,7,0.002,177827.94100389228,237137.37056616554,3
switching,7,0.002,237137.37056616554,316227.7660168379,1
switching,7,0.002,316227.7660168379,421696.5034285823,3
switching,7,0.003,1.333521432163324,1.7782794100389228,1
switching,7,0.003,1.7782794100389228,2.371373705661655,1666
switching,7,0.003,2.371373705661655,3.1622776601683795,20008
switching,7,0.003,3.1622776601683795,4.216965034285822,3576
switching,7,0.003,4.216965034285822,5.623413251903491,1677
switching,7,0.003,5.623413251903491,7.498942093324558,305
switching,7,0.003,7.498942093324558,10.0,16
switching,7,0.003,562.341325190349,749.8942093324558,12
switching,7,0.003,749.8942093324558,1000.0,110
switching,7,0.003,1000.0,1333.521432163324,353
switching,7,0.003,1333.521432163324,1778.2794100389228,493
switching,7,0.003,1778.2794100389228,2371.373705661655,493
switching,7,0.003,2371.373705661655,3162.2776601683795,709
switching,7,0.003,3162.2776601683795,4216.965034285822,856
switching,7,0.003,4216.965034285822,5623.413251903491,993
switching,7,0.003,5623.413251903491,7498.942093324558,1124
switching,7,0.003,7498.942093324558,10000.0,1223
switching,7,0.003,10000.0,13335.21432163324,1107
switching,7,0.003,13335.21432163324,17782.794100389227,907
switching,7,0.003,17782.794100389227,23713.737056616552,727
switching,7,0.003,23713.737056616552,31622.776601683792,503
switching,7,0.003,31622.776601683792,42169.65034285822,231
switching,7,0.003,42169.65034285822,56234.13251903491,120
switching,7,0.003,56234.13251903491,74989.42093324558,45
switching,7,0.003,74989.42093324558,100000.0,26
switching,7,0.003,100000.0,133352.1432163324,10
switching,7,0.003,133352.1432163324,177827.94100389228,13
switching,7,0.003,177827.94100389228,237137.37056616554,5
switching,7,0.003,421696.5034285823,562341.3251903491,2
switching,7,0.004,1.7782794100389228,2.371373705661655,175
switching,7,0.004,2.371373705661655,3.1622776601683795,4186
switching,7,0.004,3.1622776601683795,4.216965034285822,1283
switching,7,0.004,4.216965034285822,5.623413251903491,491
switching,7,0.004,5.623413251903491,7.498942093324558,100
switching,7,0.004,7.498942093324558,10.0,9
switching,7,0.004,562.341325190349,749.8942093324558,2
switching,7,0.004,749.8942093324558,1000.0,8
switching,7,0.004,1000.0,1333.521432163324,45
switching,7,0.004,1333.521432163324,1778.2794100389228,95
switching,7,0.004,1778.2794100389228,2371.373705661655,100
switching,7,0.004,2371.373705661655,3162.2776601683795,156
switching,7,0.004,3162.2776601683795,4216.965034285822,186
switching,7,0.004,4216.965034285822,5623.413251903491,253
switching,7,0.004,5623.413251903491,7498.942093324558,311
switching,7,0.004,7498.942093324558,10000.0,385
switching,7,0.004,10000.0,13335.21432163324,506
switching,7,0.004,13335.21432163324,17782.794100389227,537
switching,7,0.004,17782.794100389227,23713.737056616552,545
switching,7,0.004,23713.737056616552,31622.776601683792,442
switching,7,0.004,31622.776601683792,42169.65034285822,345
switching,7,0.004,42169.65034285822,56234.13251903491,241
switching,7,0.004,56234.13251903491,74989.42093324558,127
switching,7,0.004,74989.42093324558,100000.0,75
switching,7,0.004,100000.0,133352.1432163324,42
switching,7,0.004,133352.1432163324,177827.94100389228,18
switching,7,0.004,177827.94100389228,237137.37056616554,8
switching,7,0.004,562341.3251903491,749894.2093324559,7
switching,7,0.005,1.7782794100389228,2.371373705661655,36
switching,7,0.005,2.371373705661655,3.1622776601683795,1271
switching,7,0.005,3.1622776601683795,4.216965034285822,550
switching,7,0.005,4.216965034285822,5.623413251903491,174
switching,7,0.005,5.623413251903491,7.498942093324558,42
switching,7,0.005,7.498942093324558,10.0,2
switching,7,0.005,562.341325190349,749.8942093324558,1
switching,7,0.005,1000.0,1333.521432163324,5
switching,7,0.005,1333.521432163324,1778.2794100389228,24
switching,7,0.005,1778.2794100389228,2371.373705661655,35
switching,7,0.005,2371.373705661655,3162.2776601683795,48
switching,7,0.005,3162.2776601683795,4216.965034285822,60
switching,7,0.005,4216.965034285822,5623.413251903491,76
switching,7,0.005,5623.413251903491,7498.942093324558,108
switching,7,0.005,7498.942093324558,10000.0,125
switching,7,0.005,10000.0,13335.21432163324,160
switching,7,0.005,13335.21432163324,17782.794100389227,210
switching,7,0.005,17782.794100389227,23713.737056616552,224
switching,7,0.005,23713.737056616552,31622.776601683792,258
switching,7,0.005,31622.776601683792,42169.65034285822,291
switching,7,0.005,42169.65034285822,56234.13251903491,269
switching,7,0.005,56234.13251903491,74989.42093324558,218
switching,7,0.005,74989.42093324558,100000.0,163
switching,7,0.005,100000.0,133352.1432163324,96
switching,7,0.005,133352.1432163324,177827.94100389228,62
switching,7,0.005,177827.94100389228,237137.37056616554,26
switching,7,0.005,237137.37056616554,316227.7660168379,6
switching,7,0.005,316227.7660168379,421696.5034285823,6
switching,7,0.005,421696.5034285823,562341.3251903491,3
switching,9,0.002,1.7782794100389228,2.371373705661655,4505
switching,9,0.002,2.371373705661655,3.1622776601683795,406363
switching,9,0.002,3.1622776601683795,4.216965034285822,113730
switching,9,0.002,4.216965034285822,5.623413251903491,44878
switching,9,0.002,5.623413251903491,7.498942093324558,35755
switching,9,0.002,7.498942093324558,10.0,2159
switching,9,0.002,10.0,13.33521432163324,46
switching,9,0.002,562.341325190349,749.8942093324558,22
switching,9,0.002,749.8942093324558,1000.0,263
switching,9,0.002,1000.0,1333.521432163324,2096
switching,9,0.002,1333.521432163324,1778.2794100389228,7006
switching,9,0.002,1778.2794100389228,2371.373705661655,12137
switching,9,0.002,2371.373705661655,3162.2776601683795,12723
switching,9,0.002,3162.2776601683795,4216.965034285822,16365
switching,9,0.002,4216.965034285822,5623.413251903491,18697
switching,9,0.002,5623.413251903491,7498.942093324558,20018
switching,9,0.002,7498.942093324558,10000.0,19531
switching,9,0.002,10000.0,13335.21432163324,17046
switching,9,0.002,13335.21432163324,17782.794100389227,12703
switching,9,0.002,17782.794100389227,23713.737056616552,8426
switching,9,0.002,23713.737056616552,31622.776601683792,4794
switching,9,0.002,31622.776601683792,42169.65034285822,2503
switching,9,0.002,42169.65034285822,56234.13251903491,1294
switching,9,0.002,56234.13251903491,74989.42093324558,599
switching,9,0.002,74989.42093324558,100000.0,265
switching,9,0.002,100000.0,133352.1432163324,140
switching,9,0.002,133352.1432163324,177827.94100389228,69
switching,9,0.002,177827.94100389228,237137.37056616554,29
switching,9,0.002,237137.37056616554,316227.7660168379,26
switching,9,0.002,316227.7660168379,421696.5034285823,16
switching,9,0.002,421696.5034285823,562341.3251903491,8
switching,9,0.002,749894.2093324559,1000000.0,13
switching,9,0.003,1.7782794100389228,2.371373705661655,97
switching,9,0.003,2.371373705661655,3.1622776601683795,26006
switching,9,0.003,3.1622776601683795,4.216965034285822,16901
switching,9,0.003,4.216965034285822,5.623413251903491,5297
switching,9,0.003,5.623413251903491,7.498942093324558,3462
switching,9,0.003,7.498942093324558,10.0,511
switching,9,0.003,10.0,13.33521432163324,15
switching,9,0.003,749.8942093324558,1000.0,1
switching,9,0.003,1000.0,1333.521432163324,16
switching,9,0.003,1333.521432163324,1778.2794100389228,146
switching,9,0.003,1778.2794100389228,2371.373705661655,624
switching,9,0.003,2371.373705661655,3162.2776601683795,895
switching,9,0.003,3162.2776601683795,4216.965034285822,1129
switching,9,0.003,4216.965034285822,5623.413251903491,1477
switching,9,0.003,5623.413251903491,7498.942093324558,1867
switching,9,0.003,7498.942093324558,10000.0,2299
switching,9,0.003,10000.0,13335.21432163324,2754
switching,9,0.003,13335.21432163324,17782.794100389227,2868
switching,9,0.003,17782.794100389227,23713.737056616552,2953
switching,9,0.003,23713.737056616552,31622.776601683792,2544
switching,9,0.003,31622.776601683792,42169.65034285822,1987
switching,9,0.003,42169.65034285822,56234.13251903491,1371
switching,9,0.003,56234.13251903491,74989.42093324558,787
switching,9,0.003,74989.42093324558,100000.0,408
switching,9,0.003,100000.0,133352.1432163324,261
switching,9,0.003,133352.1432163324,177827.94100389228,144
switching,9,0.003,177827.94100389228,237137.37056616554,87
switching,9,0.003,237137.37056616554,316227.7660168379,48
switching,9,0.003,316227.7660168379,421696.5034285823,33
switching,9,0.003,421696.5034285823,562341.3251903491,16
switching,9,0.003,562341.3251903491,749894.2093324559,15
switching,9,0.003,749894.2093324559,1000000.0,16
switching,9,0.003,1000000.0,1333521.432163324,3
switching,9,0.004,1.7782794100389228,2.371373705661655,5
switching,9,0.004,2.371373705661655,3.1622776601683795,2700
switching,9,0.004,3.1622776601683795,4.216965034285822,3795
switching,9,0.004,4.216965034285822,5.623413251903491,1219
switching,9,0.004,5.623413251903491,7.498942093324558,604
switching,9,0.004,7.498942093324558,10.0,170
switching,9,0.004,10.0,13.33521432163324,5
switching,9,0.004,1333.521432163324,1778.2794100389228,7
switching,9,0.004,1778.2794100389228,2371.373705661655,34
switching,9,0.004,2371.373705661655,3162.2776601683795,86
switching,9,0.004,3162.2776601683795,4216.965034285822,120
switching,9,0.004,4216.965034285822,5623.413251903491,189
switching,9,0.004,5623.413251903491,7498.942093324558,225
switching,9,0.004,7498.942093324558,10000.0,303
switching,9,0.004,10000.0,13335.21432163324,393
switching,9,0.004,13335.21432163324,17782.794100389227,532
switching,9,0.004,17782.794100389227,23713.737056616552,648
switching,9,0.004,23713.737056616552,31622.776601683792,767
switching,9,0.004,31622.776601683792,42169.65034285822,854
switching,9,0.004,42169.65034285822,56234.13251903491,804
switching,9,0.004,56234.13251903491,74989.42093324558,793
switching,9,0.004,74989.42093324558,100000.0,604
switching,9,0.004,100000.0,133352.1432163324,425
switching,9,0.004,133352.1432163324,177827.94100389228,287
switching,9,0.004,177827.94100389228,237137.37056616554,190
switching,9,0.004,237137.37056616554,316227.7660168379,116
switching,9,0.004,316227.7660168379,421696.5034285823,63
switching,9,0.004,421696.5034285823,562341.3251903491,40
switching,9,0.004,562341.3251903491,749894.2093324559,16
switching,9,0.004,749894.2093324559,1000000.0,37
switching,9,0.004,1000000.0,1333521.432163324,3
switching,9,0.005,1.7782794100389228,2.371373705661655,1
switching,9,0.005,2.371373705661655,3.1622776601683795,431
switching,9,0.005,3.1622776601683795,4.216965034285822,1206
switching,9,0.005,4.216965034285822,5.623413251903491,430
switching,9,0.005,5.623413251903491,7.498942093324558,189
switching,9,0.005,7.498942093324558,10.0,74
switching,9,0.005,10.0,13.33521432163324,2
switching,9,0.005,1778.2794100389228,2371.373705661655,2
switching,9,0.005,2371.373705661655,3162.2776601683795,9
switching,9,0.005,3162.2776601683795,4216.965034285822,16
switching,9,0.005,4216.965034285822,5623.413251903491,27
switching,9,0.005,5623.413251903491,7498.942093324558,38
switching,9,0.005,7498.942093324558,10000.0,43
switching,9,0.005,10000.0,13335.21432163324,60
switching,9,0.005,13335.21432163324,17782.794100389227,87
switching,9,0.005,17782.794100389227,23713.737056616552,101
switching,9,0.005,23713.737056616552,31622.776601683792,148
switching,9,0.005,31622.776601683792,42169.65034285822,179
switching,9,0.005,42169.65034285822,56234.13251903491,250
switching,9,0.005,56234.13251903491,74989.42093324558,283
switching,9,0.005,74989.42093324558,100000.0,353
switching,9,0.005,100000.0,133352.1432163324,370
switching,9,0.005,133352.1432163324,177827.94100389228,355
switching,9,0.005,177827.94100389228,237137.37056616554,331
switching,9,0.005,237137.37056616554,316227.7660168379,203
switching,9,0.005,316227.7660168379,421696.5034285823,143
switching,9,0.005,421696.5034285823,562341.3251903491,131
switching,9,0.005,562341.3251903491,749894.2093324559,82
switching,9,0.005,749894.2093324559,1000000.0,65
switching,9,0.005,1000000.0,1333521.432163324,53
switching,9,0.005,1333521.432163324,1778279.410038923,9
switching,9,0.005,1778279.410038923,2371373.7056616554,2
switching,11,0.002,1.7782794100389228,2.371373705661655,401
switching,11,0.002,2.371373705661655,3.1622776601683795,897490
switching,11,0.002,3.1622776601683795,4.216965034285822,727953
switching,11,0.002,4.216965034285822,5.623413251903491,228606
switching,11,0.002,5.623413251903491,7.498942093324558,164202
switching,11,0.002,7.498942093324558,10.0,26395
switching,11,0.002,10.0,13.33521432163324,578
switching,11,0.002,13.33521432163324,17.78279410038923,8
switching,11,0.002,749.8942093324558,1000.0,6
switching,11,0.002,1000.0,1333.521432163324,148
switching,11,0.002,1333.521432163324,1778.2794100389228,1140
switching,11,0.002,1778.2794100389228,2371.373705661655,6868
switching,11,0.002,2371.373705661655,3162.2776601683795,24672
switching,11,0.002,3162.2776601683795,4216.965034285822,43721
switching,11,0.002,4216.965034285822,5623.413251903491,52931
switching,11,0.002,5623.413251903491,7498.942093324558,65941
switching,11,0.002,7498.942093324558,10000.0,77548
switching,11,0.002,10000.0,13335.21432163324,85036
switching,11,0.002,13335.21432163324,17782.794100389227,84520
switching,11,0.002,17782.794100389227,23713.737056616552,74189
switching,11,0.002,23713.737056616552,31622.776601683792,56245
switching,11,0.002,31622.776601683792,42169.65034285822,37142
switching,11,0.002,42169.65034285822,56234.13251903491,21700
switching,11,0.002,56234.13251903491,74989.42093324558,11123
switching,11,0.002,74989.42093324558,100000.0,5481
switching,11,0.002,100000.0,133352.1432163324,2698
switching,11,0.002,133352.1432163324,177827.94100389228,1296
switching,11,0.002,177827.94100389228,237137.37056616554,616
switching,11,0.002,237137.37056616554,316227.7660168379,355
switching,11,0.002,316227.7660168379,421696.5034285823,210
switching,11,0.002,421696.5034285823,562341.3251903491,122
switching,11,0.002,562341.3251903491,749894.2093324559,62
switching,11,0.002,749894.2093324559,1000000.0,46
switching,11,0.002,1000000.0,1333521.432163324,103
switching,11,0.002,1333521.432163324,1778279.410038923,3
switching,11,0.003,1.7782794100389228,2.371373705661655,10
switching,11,0.003,2.371373705661655,3.1622776601683795,26728
switching,11,0.003,3.1622776601683795,4.216965034285822,67150
switching,11,0.003,4.216965034285822,5.623413251903491,21496
switching,11,0.003,5.623413251903491,7.498942093324558,10913
switching,11,0.003,7.498942093324558,10.0,4302
switching,11,0.003,10.0,13.33521432163324,194
switching,11,0.003,13.33521432163324,17.78279410038923,5
switching,11,0.003,1000.0,1333.521432163324,1
switching,11,0.003,1333.521432163324,1778.2794100389228,4
switching,11,0.003,1778.2794100389228,2371.373705661655,27
switching,11,0.003,2371.373705661655,3162.2776601683795,250
switching,11,0.003,3162.2776601683795,4216.965034285822,1008
switching,11,0.003,4216.965034285822,5623.413251903491,1800
switching,11,0.003,5623.413251903491,7498.942093324558,2661
switching,11,0.003,7498.942093324558,10000.0,3709
switching,11,0.003,10000.0,13335.21432163324,4803
switching,11,0.003,13335.21432163324,17782.794100389227,6157
switching,11,0.003,17782.794100389227,23713.737056616552,7288
switching,11,0.003,23713.737056616552,31622.776601683792,8450
switching,11,0.003,31622.776601683792,42169.65034285822,8937
switching,11,0.003,42169.65034285822,56234.13251903491,8334
switching,11,0.003,56234.13251903491,74989.42093324558,7396
switching,11,0.003,74989.42093324558,100000.0,5750
switching,11,0.003,100000.0,133352.1432163324,3810
switching,11,0.003,133352.1432163324,177827.94100389228,2470
switching,11,0.003,177827.94100389228,237137.37056616554,1431
switching,11,0.003,237137.37056616554,316227.7660168379,822
switching,11,0.003,316227.7660168379,421696.5034285823,473
switching,11,0.003,421696.5034285823,562341.3251903491,232
switching,11,0.003,562341.3251903491,749894.2093324559,148
switching,11,0.003,749894.2093324559,1000000.0,96
switching,11,0.003,1000000.0,1333521.432163324,125
switching,11,0.003,1333521.432163324,1778279.410038923,32
switching,11,0.004,2.371373705661655,3.1622776601683795,1062
switching,11,0.004,3.1622776601683795,4.216965034285822,6617
switching,11,0.004,4.216965034285822,5.623413251903491,3328
switching,11,0.004,5.623413251903491,7.498942093324558,1216
switching,11,0.004,7.498942093324558,10.0,689
switching,11,0.004,10.0,13.33521432163324,64
switching,11,0.004,13.33521432163324,17.78279410038923,2
switching,11,0.004,2371.373705661655,3162.2776601683795,2
switching,11,0.004,3162.2776601683795,4216.965034285822,10
switching,11,0.004,4216.965034285822,5623.413251903491,65
switching,11,0.004,5623.413251903491,7498.942093324558,101
switching,11,0.004,7498.942093324558,10000.0,179
switching,11,0.004,10000.0,13335.21432163324,255
switching,11,0.004,13335.21432163324,17782.794100389227,330
switching,11,0.004,17782.794100389227,23713.737056616552,396
switching,11,0.004,23713.737056616552,31622.776601683792,564
switching,11,0.004,31622.776601683792,42169.65034285822,750
switching,11,0.004,42169.65034285822,56234.13251903491,949
switching,11,0.004,56234.13251903491,74989.42093324558,1175
switching,11,0.004,74989.42093324558,100000.0,1338
switching,11,0.004,100000.0,133352.1432163324,1401
switching,11,0.004,133352.1432163324,177827.94100389228,1353
switching,11,0.004,177827.94100389228,237137.37056616554,1278
switching,11,0.004,237137.37056616554,316227.7660168379,1146
switching,11,0.004,316227.7660168379,421696.5034285823,864
switching,11,0.004,421696.5034285823,562341.3251903491,615
switching,11,0.004,562341.3251903491,749894.2093324559,427
switching,11,0.004,749894.2093324559,1000000.0,253
switching,11,0.004,1000000.0,1333521.432163324,294
switching,11,0.004,1333521.432163324,1778279.410038923,224
switching,11,0.004,1778279.410038923,2371373.7056616554,6
switching,11,0.004,2371373.7056616554,3162277.6601683795,1
switching,11,0.005,2.371373705661655,3.1622776601683795,88
switching,11,0.005,3.1622776601683795,4.216965034285822,1019
switching,11,0.005,4.216965034285822,5.623413251903491,890
switching,11,0.005,5.623413251903491,7.498942093324558,236
switching,11,0.005,7.498942093324558,10.0,128
switching,11,0.005,10.0,13.33521432163324,28
switching,11,0.005,4216.965034285822,5623.413251903491,1
switching,11,0.005,5623.413251903491,7498.942093324558,4
switching,11,0.005,7498.942093324558,10000.0,5
switching,11,0.005,10000.0,13335.21432163324,12
switching,11,0.005,13335.21432163324,17782.794100389227,18
switching,11,0.005,17782.794100389227,23713.737056616552,25
switching,11,0.005,23713.737056616552,31622.776601683792,48
switching,11,0.005,31622.776601683792,42169.65034285822,53
switching,11,0.005,42169.65034285822,56234.13251903491,71
switching,11,0.005,56234.13251903491,74989.42093324558,92
switching,11,0.005,74989.42093324558,100000.0,144
switching,11,0.005,100000.0,133352.1432163324,165
switching,11,0.005,133352.1432163324,177827.94100389228,204
switching,11,0.005,177827.94100389228,237137.37056616554,270
switching,11,0.005,237137.37056616554,316227.7660168379,340
switching,11,0.005,316227.7660168379,421696.5034285823,327
switching,11,0.005,421696.5034285823,562341.3251903491,318
switching,11,0.005,562341.3251903491,749894.2093324559,412
switching,11,0.005,749894.2093324559,1000000.0,405
switching,11,0.005,1000000.0,1333521.432163324,625
switching,11,0.005,1333521.432163324,1778279.410038923,675
switching,11,0.005,1778279.410038923,2371373.7056616554,270
switching,11,0.005,2371373.7056616554,3162277.6601683795,137
switching,11,0.005,3162277.6601683795,4216965.034285823,15
tesseract_alone,5,0.002,421.6965034285823,562.341325190349,9
tesseract_alone,5,0.002,562.341325190349,749.8942093324558,150
tesseract_alone,5,0.002,749.8942093324558,1000.0,143
tesseract_alone,5,0.002,1000.0,1333.521432163324,335
tesseract_alone,5,0.002,1333.521432163324,1778.2794100389228,566
tesseract_alone,5,0.002,1778.2794100389228,2371.373705661655,828
tesseract_alone,5,0.002,2371.373705661655,3162.2776601683795,1233
tesseract_alone,5,0.002,3162.2776601683795,4216.965034285822,1565
tesseract_alone,5,0.002,4216.965034285822,5623.413251903491,2022
tesseract_alone,5,0.002,5623.413251903491,7498.942093324558,2512
tesseract_alone,5,0.002,7498.942093324558,10000.0,3336
tesseract_alone,5,0.002,10000.0,13335.21432163324,4467
tesseract_alone,5,0.002,13335.21432163324,17782.794100389227,5869
tesseract_alone,5,0.002,17782.794100389227,23713.737056616552,7821
tesseract_alone,5,0.002,23713.737056616552,31622.776601683792,10356
tesseract_alone,5,0.002,31622.776601683792,42169.65034285822,13605
tesseract_alone,5,0.002,42169.65034285822,56234.13251903491,15193
tesseract_alone,5,0.002,56234.13251903491,74989.42093324558,8506
tesseract_alone,5,0.002,74989.42093324558,100000.0,1817
tesseract_alone,5,0.002,100000.0,133352.1432163324,372
tesseract_alone,5,0.002,133352.1432163324,177827.94100389228,71
tesseract_alone,5,0.002,177827.94100389228,237137.37056616554,41
tesseract_alone,5,0.002,237137.37056616554,316227.7660168379,3
tesseract_alone,5,0.003,562.341325190349,749.8942093324558,9
tesseract_alone,5,0.003,749.8942093324558,1000.0,20
tesseract_alone,5,0.003,1000.0,1333.521432163324,48
tesseract_alone,5,0.003,1333.521432163324,1778.2794100389228,104
tesseract_alone,5,0.003,1778.2794100389228,2371.373705661655,172
tesseract_alone,5,0.003,2371.373705661655,3162.2776601683795,287
tesseract_alone,5,0.003,3162.2776601683795,4216.965034285822,448
tesseract_alone,5,0.003,4216.965034285822,5623.413251903491,543
tesseract_alone,5,0.003,5623.413251903491,7498.942093324558,651
tesseract_alone,5,0.003,7498.942093324558,10000.0,852
tesseract_alone,5,0.003,10000.0,13335.21432163324,1123
tesseract_alone,5,0.003,13335.21432163324,17782.794100389227,1501
tesseract_alone,5,0.003,17782.794100389227,23713.737056616552,1958
tesseract_alone,5,0.003,23713.737056616552,31622.776601683792,2550
tesseract_alone,5,0.003,31622.776601683792,42169.65034285822,3383
tesseract_alone,5,0.003,42169.65034285822,56234.13251903491,4466
tesseract_alone,5,0.003,56234.13251903491,74989.42093324558,5359
tesseract_alone,5,0.003,74989.42093324558,100000.0,4221
tesseract_alone,5,0.003,100000.0,133352.1432163324,1638
tesseract_alone,5,0.003,133352.1432163324,177827.94100389228,523
tesseract_alone,5,0.003,177827.94100389228,237137.37056616554,164
tesseract_alone,5,0.003,237137.37056616554,316227.7660168379,31
tesseract_alone,5,0.003,316227.7660168379,421696.5034285823,24
tesseract_alone,5,0.003,421696.5034285823,562341.3251903491,5
tesseract_alone,5,0.004,562.341325190349,749.8942093324558,2
tesseract_alone,5,0.004,1000.0,1333.521432163324,3
tesseract_alone,5,0.004,1333.521432163324,1778.2794100389228,13
tesseract_alone,5,0.004,1778.2794100389228,2371.373705661655,28
tesseract_alone,5,0.004,2371.373705661655,3162.2776601683795,56
tesseract_alone,5,0.004,3162.2776601683795,4216.965034285822,123
tesseract_alone,5,0.004,4216.965034285822,5623.413251903491,159
tesseract_alone,5,0.004,5623.413251903491,7498.942093324558,234
tesseract_alone,5,0.004,7498.942093324558,10000.0,272
tesseract_alone,5,0.004,10000.0,13335.21432163324,340
tesseract_alone,5,0.004,13335.21432163324,17782.794100389227,444
tesseract_alone,5,0.004,17782.794100389227,23713.737056616552,601
tesseract_alone,5,0.004,23713.737056616552,31622.776601683792,775
tesseract_alone,5,0.004,31622.776601683792,42169.65034285822,975
tesseract_alone,5,0.004,42169.65034285822,56234.13251903491,1334
tesseract_alone,5,0.004,56234.13251903491,74989.42093324558,1726
tesseract_alone,5,0.004,74989.42093324558,100000.0,2187
tesseract_alone,5,0.004,100000.0,133352.1432163324,2244
tesseract_alone,5,0.004,133352.1432163324,177827.94100389228,1453
tesseract_alone,5,0.004,177827.94100389228,237137.37056616554,678
tesseract_alone,5,0.004,237137.37056616554,316227.7660168379,293
tesseract_alone,5,0.004,316227.7660168379,421696.5034285823,101
tesseract_alone,5,0.004,421696.5034285823,562341.3251903491,42
tesseract_alone,5,0.004,562341.3251903491,749894.2093324559,11
tesseract_alone,5,0.004,749894.2093324559,1000000.0,6
tesseract_alone,5,0.005,562.341325190349,749.8942093324558,1
tesseract_alone,5,0.005,1778.2794100389228,2371.373705661655,9
tesseract_alone,5,0.005,2371.373705661655,3162.2776601683795,23
tesseract_alone,5,0.005,3162.2776601683795,4216.965034285822,48
tesseract_alone,5,0.005,4216.965034285822,5623.413251903491,87
tesseract_alone,5,0.005,5623.413251903491,7498.942093324558,96
tesseract_alone,5,0.005,7498.942093324558,10000.0,130
tesseract_alone,5,0.005,10000.0,13335.21432163324,140
tesseract_alone,5,0.005,13335.21432163324,17782.794100389227,222
tesseract_alone,5,0.005,17782.794100389227,23713.737056616552,260
tesseract_alone,5,0.005,23713.737056616552,31622.776601683792,356
tesseract_alone,5,0.005,31622.776601683792,42169.65034285822,427
tesseract_alone,5,0.005,42169.65034285822,56234.13251903491,583
tesseract_alone,5,0.005,56234.13251903491,74989.42093324558,666
tesseract_alone,5,0.005,74989.42093324558,100000.0,972
tesseract_alone,5,0.005,100000.0,133352.1432163324,1236
tesseract_alone,5,0.005,133352.1432163324,177827.94100389228,1313
tesseract_alone,5,0.005,177827.94100389228,237137.37056616554,928
tesseract_alone,5,0.005,237137.37056616554,316227.7660168379,539
tesseract_alone,5,0.005,316227.7660168379,421696.5034285823,203
tesseract_alone,5,0.005,421696.5034285823,562341.3251903491,97
tesseract_alone,5,0.005,562341.3251903491,749894.2093324559,22
tesseract_alone,5,0.005,749894.2093324559,1000000.0,10
tesseract_alone,5,0.005,1000000.0,1333521.432163324,16
tesseract_alone,5,0.005,1333521.432163324,1778279.410038923,16
tesseract_alone,7,0.002,1333.521432163324,1778.2794100389228,5
tesseract_alone,7,0.002,1778.2794100389228,2371.373705661655,15
tesseract_alone,7,0.002,2371.373705661655,3162.2776601683795,61
tesseract_alone,7,0.002,3162.2776601683795,4216.965034285822,181
tesseract_alone,7,0.002,4216.965034285822,5623.413251903491,560
tesseract_alone,7,0.002,5623.413251903491,7498.942093324558,1676
tesseract_alone,7,0.002,7498.942093324558,10000.0,3725
tesseract_alone,7,0.002,10000.0,13335.21432163324,5766
tesseract_alone,7,0.002,13335.21432163324,17782.794100389227,6477
tesseract_alone,7,0.002,17782.794100389227,23713.737056616552,8030
tesseract_alone,7,0.002,23713.737056616552,31622.776601683792,10842
tesseract_alone,7,0.002,31622.776601683792,42169.65034285822,14139
tesseract_alone,7,0.002,42169.65034285822,56234.13251903491,18932
tesseract_alone,7,0.002,56234.13251903491,74989.42093324558,24799
tesseract_alone,7,0.002,74989.42093324558,100000.0,33092
tesseract_alone,7,0.002,100000.0,133352.1432163324,44917
tesseract_alone,7,0.002,133352.1432163324,177827.94100389228,55272
tesseract_alone,7,0.002,177827.94100389228,237137.37056616554,29322
tesseract_alone,7,0.002,237137.37056616554,316227.7660168379,7317
tesseract_alone,7,0.002,316227.7660168379,421696.5034285823,1654
tesseract_alone,7,0.002,421696.5034285823,562341.3251903491,465
tesseract_alone,7,0.002,562341.3251903491,749894.2093324559,198
tesseract_alone,7,0.002,749894.2093324559,1000000.0,62
tesseract_alone,7,0.002,1000000.0,1333521.432163324,27
tesseract_alone,7,0.002,1333521.432163324,1778279.410038923,2
tesseract_alone,7,0.002,1778279.410038923,2371373.7056616554,4
tesseract_alone,7,0.003,3162.2776601683795,4216.965034285822,1
tesseract_alone,7,0.003,4216.965034285822,5623.413251903491,10
tesseract_alone,7,0.003,5623.413251903491,7498.942093324558,34
tesseract_alone,7,0.003,7498.942093324558,10000.0,176
tesseract_alone,7,0.003,10000.0,13335.21432163324,485
tesseract_alone,7,0.003,13335.21432163324,17782.794100389227,948
tesseract_alone,7,0.003,17782.794100389227,23713.737056616552,1155
tesseract_alone,7,0.003,23713.737056616552,31622.776601683792,1358
tesseract_alone,7,0.003,31622.776601683792,42169.65034285822,1779
tesseract_alone,7,0.003,42169.65034285822,56234.13251903491,2363
tesseract_alone,7,0.003,56234.13251903491,74989.42093324558,3086
tesseract_alone,7,0.003,74989.42093324558,100000.0,4080
tesseract_alone,7,0.003,100000.0,133352.1432163324,5214
tesseract_alone,7,0.003,133352.1432163324,177827.94100389228,6875
tesseract_alone,7,0.003,177827.94100389228,237137.37056616554,9261
tesseract_alone,7,0.003,237137.37056616554,316227.7660168379,9792
tesseract_alone,7,0.003,316227.7660168379,421696.5034285823,6102
tesseract_alone,7,0.003,421696.5034285823,562341.3251903491,2464
tesseract_alone,7,0.003,562341.3251903491,749894.2093324559,881
tesseract_alone,7,0.003,749894.2093324559,1000000.0,329
tesseract_alone,7,0.003,1000000.0,1333521.432163324,150
tesseract_alone,7,0.003,1333521.432163324,1778279.410038923,47
tesseract_alone,7,0.003,1778279.410038923,2371373.7056616554,13
tesseract_alone,7,0.003,2371373.7056616554,3162277.6601683795,7
tesseract_alone,7,0.004,5623.413251903491,7498.942093324558,1
tesseract_alone,7,0.004,7498.942093324558,10000.0,5
tesseract_alone,7,0.004,10000.0,13335.21432163324,35
tesseract_alone,7,0.004,13335.21432163324,17782.794100389227,135
tesseract_alone,7,0.004,17782.794100389227,23713.737056616552,294
tesseract_alone,7,0.004,23713.737056616552,31622.776601683792,332
tesseract_alone,7,0.004,31622.776601683792,42169.65034285822,368
tesseract_alone,7,0.004,42169.65034285822,56234.13251903491,533
tesseract_alone,7,0.004,56234.13251903491,74989.42093324558,662
tesseract_alone,7,0.004,74989.42093324558,100000.0,884
tesseract_alone,7,0.004,100000.0,133352.1432163324,1106
tesseract_alone,7,0.004,133352.1432163324,177827.94100389228,1488
tesseract_alone,7,0.004,177827.94100389228,237137.37056616554,1904
tesseract_alone,7,0.004,237137.37056616554,316227.7660168379,2579
tesseract_alone,7,0.004,316227.7660168379,421696.5034285823,3184
tesseract_alone,7,0.004,421696.5034285823,562341.3251903491,2787
tesseract_alone,7,0.004,562341.3251903491,749894.2093324559,1661
tesseract_alone,7,0.004,749894.2093324559,1000000.0,712
tesseract_alone,7,0.004,1000000.0,1333521.432163324,253
tesseract_alone,7,0.004,1333521.432163324,1778279.410038923,99
tesseract_alone,7,0.004,1778279.410038923,2371373.7056616554,59
tesseract_alone,7,0.004,2371373.7056616554,3162277.6601683795,27
tesseract_alone,7,0.004,3162277.6601683795,4216965.034285823,2
tesseract_alone,7,0.005,10000.0,13335.21432163324,3
tesseract_alone,7,0.005,13335.21432163324,17782.794100389227,19
tesseract_alone,7,0.005,17782.794100389227,23713.737056616552,83
tesseract_alone,7,0.005,23713.737056616552,31622.776601683792,126
tesseract_alone,7,0.005,31622.776601683792,42169.65034285822,139
tesseract_alone,7,0.005,42169.65034285822,56234.13251903491,189
tesseract_alone,7,0.005,56234.13251903491,74989.42093324558,232
tesseract_alone,7,0.005,74989.42093324558,100000.0,284
tesseract_alone,7,0.005,100000.0,133352.1432163324,373
tesseract_alone,7,0.005,133352.1432163324,177827.94100389228,457
tesseract_alone,7,0.005,177827.94100389228,237137.37056616554,621
tesseract_alone,7,0.005,237137.37056616554,316227.7660168379,768
tesseract_alone,7,0.005,316227.7660168379,421696.5034285823,1048
tesseract_alone,7,0.005,421696.5034285823,562341.3251903491,1325
tesseract_alone,7,0.005,562341.3251903491,749894.2093324559,1401
tesseract_alone,7,0.005,749894.2093324559,1000000.0,1028
tesseract_alone,7,0.005,1000000.0,1333521.432163324,626
tesseract_alone,7,0.005,1333521.432163324,1778279.410038923,304
tesseract_alone,7,0.005,1778279.410038923,2371373.7056616554,143
tesseract_alone,7,0.005,2371373.7056616554,3162277.6601683795,54
tesseract_alone,7,0.005,3162277.6601683795,4216965.034285823,17
tesseract_alone,9,0.002,5623.413251903491,7498.942093324558,1
tesseract_alone,9,0.002,7498.942093324558,10000.0,8
tesseract_alone,9,0.002,10000.0,13335.21432163324,123
tesseract_alone,9,0.002,13335.21432163324,17782.794100389227,1337
tesseract_alone,9,0.002,17782.794100389227,23713.737056616552,8295
tesseract_alone,9,0.002,23713.737056616552,31622.776601683792,25061
tesseract_alone,9,0.002,31622.776601683792,42169.65034285822,31068
tesseract_alone,9,0.002,42169.65034285822,56234.13251903491,30863
tesseract_alone,9,0.002,56234.13251903491,74989.42093324558,43861
tesseract_alone,9,0.002,74989.42093324558,100000.0,57556
tesseract_alone,9,0.002,100000.0,133352.1432163324,76210
tesseract_alone,9,0.002,133352.1432163324,177827.94100389228,100938
tesseract_alone,9,0.002,177827.94100389228,237137.37056616554,133860
tesseract_alone,9,0.002,237137.37056616554,316227.7660168379,189641
tesseract_alone,9,0.002,316227.7660168379,421696.5034285823,228705
tesseract_alone,9,0.002,421696.5034285823,562341.3251903491,97919
tesseract_alone,9,0.002,562341.3251903491,749894.2093324559,26432
tesseract_alone,9,0.002,749894.2093324559,1000000.0,6455
tesseract_alone,9,0.002,1000000.0,1333521.432163324,2241
tesseract_alone,9,0.002,1333521.432163324,1778279.410038923,773
tesseract_alone,9,0.002,1778279.410038923,2371373.7056616554,422
tesseract_alone,9,0.002,2371373.7056616554,3162277.6601683795,121
tesseract_alone,9,0.002,3162277.6601683795,4216965.034285823,47
tesseract_alone,9,0.002,4216965.034285823,5623413.251903491,15
tesseract_alone,9,0.003,17782.794100389227,23713.737056616552,13
tesseract_alone,9,0.003,23713.737056616552,31622.776601683792,181
tesseract_alone,9,0.003,31622.776601683792,42169.65034285822,1071
tesseract_alone,9,0.003,42169.65034285822,56234.13251903491,2449
tesseract_alone,9,0.003,56234.13251903491,74989.42093324558,2996
tesseract_alone,9,0.003,74989.42093324558,100000.0,3514
tesseract_alone,9,0.003,100000.0,133352.1432163324,4511
tesseract_alone,9,0.003,133352.1432163324,177827.94100389228,6022
tesseract_alone,9,0.003,177827.94100389228,237137.37056616554,7760
tesseract_alone,9,0.003,237137.37056616554,316227.7660168379,10160
tesseract_alone,9,0.003,316227.7660168379,421696.5034285823,13443
tesseract_alone,9,0.003,421696.5034285823,562341.3251903491,18720
tesseract_alone,9,0.003,562341.3251903491,749894.2093324559,22084
tesseract_alone,9,0.003,749894.2093324559,1000000.0,17151
tesseract_alone,9,0.003,1000000.0,1333521.432163324,8336
tesseract_alone,9,0.003,1333521.432163324,1778279.410038923,3216
tesseract_alone,9,0.003,1778279.410038923,2371373.7056616554,1291
tesseract_alone,9,0.003,2371373.7056616554,3162277.6601683795,543
tesseract_alone,9,0.003,3162277.6601683795,4216965.034285823,248
tesseract_alone,9,0.003,4216965.034285823,5623413.251903491,102
tesseract_alone,9,0.003,5623413.251903491,7498942.093324558,38
tesseract_alone,9,0.003,7498942.093324558,10000000.0,3
tesseract_alone,9,0.004,23713.737056616552,31622.776601683792,2
tesseract_alone,9,0.004,31622.776601683792,42169.65034285822,17
tesseract_alone,9,0.004,42169.65034285822,56234.13251903491,165
tesseract_alone,9,0.004,56234.13251903491,74989.42093324558,402
tesseract_alone,9,0.004,74989.42093324558,100000.0,556
tesseract_alone,9,0.004,100000.0,133352.1432163324,672
tesseract_alone,9,0.004,133352.1432163324,177827.94100389228,856
tesseract_alone,9,0.004,177827.94100389228,237137.37056616554,1131
tesseract_alone,9,0.004,237137.37056616554,316227.7660168379,1406
tesseract_alone,9,0.004,316227.7660168379,421696.5034285823,1815
tesseract_alone,9,0.004,421696.5034285823,562341.3251903491,2353
tesseract_alone,9,0.004,562341.3251903491,749894.2093324559,3076
tesseract_alone,9,0.004,749894.2093324559,1000000.0,4336
tesseract_alone,9,0.004,1000000.0,1333521.432163324,4837
tesseract_alone,9,0.004,1333521.432163324,1778279.410038923,3950
tesseract_alone,9,0.004,1778279.410038923,2371373.7056616554,2380
tesseract_alone,9,0.004,2371373.7056616554,3162277.6601683795,1352
tesseract_alone,9,0.004,3162277.6601683795,4216965.034285823,521
tesseract_alone,9,0.004,4216965.034285823,5623413.251903491,251
tesseract_alone,9,0.004,5623413.251903491,7498942.093324558,79
tesseract_alone,9,0.004,7498942.093324558,10000000.0,35
tesseract_alone,9,0.005,42169.65034285822,56234.13251903491,5
tesseract_alone,9,0.005,56234.13251903491,74989.42093324558,35
tesseract_alone,9,0.005,74989.42093324558,100000.0,118
tesseract_alone,9,0.005,100000.0,133352.1432163324,170
tesseract_alone,9,0.005,133352.1432163324,177827.94100389228,210
tesseract_alone,9,0.005,177827.94100389228,237137.37056616554,253
tesseract_alone,9,0.005,237137.37056616554,316227.7660168379,341
tesseract_alone,9,0.005,316227.7660168379,421696.5034285823,436
tesseract_alone,9,0.005,421696.5034285823,562341.3251903491,546
tesseract_alone,9,0.005,562341.3251903491,749894.2093324559,704
tesseract_alone,9,0.005,749894.2093324559,1000000.0,949
tesseract_alone,9,0.005,1000000.0,1333521.432163324,1225
tesseract_alone,9,0.005,1333521.432163324,1778279.410038923,1540
tesseract_alone,9,0.005,1778279.410038923,2371373.7056616554,1798
tesseract_alone,9,0.005,2371373.7056616554,3162277.6601683795,1578
tesseract_alone,9,0.005,3162277.6601683795,4216965.034285823,1081
tesseract_alone,9,0.005,4216965.034285823,5623413.251903491,627
tesseract_alone,9,0.005,5623413.251903491,7498942.093324558,254
tesseract_alone,9,0.005,7498942.093324558,10000000.0,73
tesseract_alone,9,0.005,10000000.0,13335214.32163324,9
tesseract_alone,11,0.002,23713.737056616552,31622.776601683792,6
tesseract_alone,11,0.002,31622.776601683792,42169.65034285822,401
tesseract_alone,11,0.002,42169.65034285822,56234.13251903491,9878
tesseract_alone,11,0.002,56234.13251903491,74989.42093324558,72689
tesseract_alone,11,0.002,74989.42093324558,100000.0,139039
tesseract_alone,11,0.002,100000.0,133352.1432163324,127760
tesseract_alone,11,0.002,133352.1432163324,177827.94100389228,169967
tesseract_alone,11,0.002,177827.94100389228,237137.37056616554,223957
tesseract_alone,11,0.002,237137.37056616554,316227.7660168379,298501
tesseract_alone,11,0.002,316227.7660168379,421696.5034285823,393689
tesseract_alone,11,0.002,421696.5034285823,562341.3251903491,525906
tesseract_alone,11,0.002,562341.3251903491,749894.2093324559,824582
tesseract_alone,11,0.002,749894.2093324559,1000000.0,696110
tesseract_alone,11,0.002,1000000.0,1333521.432163324,300813
tesseract_alone,11,0.002,1333521.432163324,1778279.410038923,86169
tesseract_alone,11,0.002,1778279.410038923,2371373.7056616554,30039
tesseract_alone,11,0.002,2371373.7056616554,3162277.6601683795,13472
tesseract_alone,11,0.002,3162277.6601683795,4216965.034285823,5692
tesseract_alone,11,0.002,4216965.034285823,5623413.251903491,2087
tesseract_alone,11,0.002,5623413.251903491,7498942.093324558,596
tesseract_alone,11,0.002,7498942.093324558,10000000.0,200
tesseract_alone,11,0.002,10000000.0,13335214.32163324,17
tesseract_alone,11,0.003,42169.65034285822,56234.13251903491,1
tesseract_alone,11,0.003,56234.13251903491,74989.42093324558,70
tesseract_alone,11,0.003,74989.42093324558,100000.0,1562
tesseract_alone,11,0.003,100000.0,133352.1432163324,7291
tesseract_alone,11,0.003,133352.1432163324,177827.94100389228,9947
tesseract_alone,11,0.003,177827.94100389228,237137.37056616554,10129
tesseract_alone,11,0.003,237137.37056616554,316227.7660168379,14232
tesseract_alone,11,0.003,316227.7660168379,421696.5034285823,17808
tesseract_alone,11,0.003,421696.5034285823,562341.3251903491,23346
tesseract_alone,11,0.003,562341.3251903491,749894.2093324559,30271
tesseract_alone,11,0.003,749894.2093324559,1000000.0,39744
tesseract_alone,11,0.003,1000000.0,1333521.432163324,58707
tesseract_alone,11,0.003,1333521.432163324,1778279.410038923,60032
tesseract_alone,11,0.003,1778279.410038923,2371373.7056616554,38164
tesseract_alone,11,0.003,2371373.7056616554,3162277.6601683795,20064
tesseract_alone,11,0.003,3162277.6601683795,4216965.034285823,9952
tesseract_alone,11,0.003,4216965.034285823,5623413.251903491,4442
tesseract_alone,11,0.003,5623413.251903491,7498942.093324558,1639
tesseract_alone,11,0.003,7498942.093324558,10000000.0,486
tesseract_alone,11,0.003,10000000.0,13335214.32163324,104
tesseract_alone,11,0.003,13335214.32163324,17782794.100389227,9
tesseract_alone,11,0.004,74989.42093324558,100000.0,3
tesseract_alone,11,0.004,100000.0,133352.1432163324,23
tesseract_alone,11,0.004,133352.1432163324,177827.94100389228,308
tesseract_alone,11,0.004,177827.94100389228,237137.37056616554,807
tesseract_alone,11,0.004,237137.37056616554,316227.7660168379,1081
tesseract_alone,11,0.004,316227.7660168379,421696.5034285823,1340
tesseract_alone,11,0.004,421696.5034285823,562341.3251903491,1715
tesseract_alone,11,0.004,562341.3251903491,749894.2093324559,2165
tesseract_alone,11,0.004,749894.2093324559,1000000.0,2754
tesseract_alone,11,0.004,1000000.0,1333521.432163324,3484
tesseract_alone,11,0.004,1333521.432163324,1778279.410038923,4572
tesseract_alone,11,0.004,1778279.410038923,2371373.7056616554,6189
tesseract_alone,11,0.004,2371373.7056616554,3162277.6601683795,7677
tesseract_alone,11,0.004,3162277.6601683795,4216965.034285823,7879
tesseract_alone,11,0.004,4216965.034285823,5623413.251903491,6071
tesseract_alone,11,0.004,5623413.251903491,7498942.093324558,3780
tesseract_alone,11,0.004,7498942.093324558,10000000.0,1804
tesseract_alone,11,0.004,10000000.0,13335214.32163324,598
tesseract_alone,11,0.004,13335214.32163324,17782794.100389227,138
tesseract_alone,11,0.004,17782794.100389227,23713737.056616552,12
tesseract_alone,11,0.005,133352.1432163324,177827.94100389228,2
tesseract_alone,11,0.005,177827.94100389228,237137.37056616554,45
tesseract_alone,11,0.005,237137.37056616554,316227.7660168379,137
tesseract_alone,11,0.005,316227.7660168379,421696.5034285823,216
tesseract_alone,11,0.005,421696.5034285823,562341.3251903491,272
tesseract_alone,11,0.005,562341.3251903491,749894.2093324559,341
tesseract_alone,11,0.005,749894.2093324559,1000000.0,480
tesseract_alone,11,0.005,1000000.0,1333521.432163324,555
tesseract_alone,11,0.005,1333521.432163324,1778279.410038923,718
tesseract_alone,11,0.005,1778279.410038923,2371373.7056616554,939
tesseract_alone,11,0.005,2371373.7056616554,3162277.6601683795,1223
tesseract_alone,11,0.005,3162277.6601683795,4216965.034285823,1621
tesseract_alone,11,0.005,4216965.034285823,5623413.251903491,2102
tesseract_alone,11,0.005,5623413.251903491,7498942.093324558,2477
tesseract_alone,11,0.005,7498942.093324558,10000000.0,2153
tesseract_alone,11,0.005,10000000.0,13335214.32163324,1395
tesseract_alone,11,0.005,13335214.32163324,17782794.100389227,503
tesseract_alone,11,0.005,17782794.100389227,23713737.056616552,91
union_find_alone,5,0.002,0.4216965034285822,0.5623413251903491,2695
union_find_alone,5,0.002,0.5623413251903491,0.7498942093324559,134
union_find_alone,5,0.002,0.7498942093324559,1.0,7767
union_find_alone,5,0.002,1.0,1.333521432163324,19121
union_find_alone,5,0.002,1.333521432163324,1.7782794100389228,44467
union_find_alone,5,0.002,1.7782794100389228,2.371373705661655,4269
union_find_alone,5,0.002,2.371373705661655,3.1622776601683795,2200
union_find_alone,5,0.002,3.1622776601683795,4.216965034285822,149
union_find_alone,5,0.002,4.216965034285822,5.623413251903491,12
union_find_alone,5,0.002,5.623413251903491,7.498942093324558,6
union_find_alone,5,0.003,0.4216965034285822,0.5623413251903491,208
union_find_alone,5,0.003,0.5623413251903491,0.7498942093324559,7
union_find_alone,5,0.003,0.7498942093324559,1.0,2114
union_find_alone,5,0.003,1.0,1.333521432163324,10089
union_find_alone,5,0.003,1.333521432163324,1.7782794100389228,13878
union_find_alone,5,0.003,1.7782794100389228,2.371373705661655,2571
union_find_alone,5,0.003,2.371373705661655,3.1622776601683795,1106
union_find_alone,5,0.003,3.1622776601683795,4.216965034285822,94
union_find_alone,5,0.003,4.216965034285822,5.623413251903491,13
union_find_alone,5,0.004,0.4216965034285822,0.5623413251903491,20
union_find_alone,5,0.004,0.5623413251903491,0.7498942093324559,2
union_find_alone,5,0.004,0.7498942093324559,1.0,351
union_find_alone,5,0.004,1.0,1.333521432163324,3799
union_find_alone,5,0.004,1.333521432163324,1.7782794100389228,7549
union_find_alone,5,0.004,1.7782794100389228,2.371373705661655,1598
union_find_alone,5,0.004,2.371373705661655,3.1622776601683795,700
union_find_alone,5,0.004,3.1622776601683795,4.216965034285822,64
union_find_alone,5,0.004,4.216965034285822,5.623413251903491,17
union_find_alone,5,0.005,0.4216965034285822,0.5623413251903491,2
union_find_alone,5,0.005,0.7498942093324559,1.0,131
union_find_alone,5,0.005,1.0,1.333521432163324,2265
union_find_alone,5,0.005,1.333521432163324,1.7782794100389228,4162
union_find_alone,5,0.005,1.7782794100389228,2.371373705661655,1258
union_find_alone,5,0.005,2.371373705661655,3.1622776601683795,521
union_find_alone,5,0.005,3.1622776601683795,4.216965034285822,54
union_find_alone,5,0.005,4.216965034285822,5.623413251903491,7
union_find_alone,7,0.002,0.4216965034285822,0.5623413251903491,47
union_find_alone,7,0.002,0.5623413251903491,0.7498942093324559,32
union_find_alone,7,0.002,0.7498942093324559,1.0,686
union_find_alone,7,0.002,1.0,1.333521432163324,24537
union_find_alone,7,0.002,1.333521432163324,1.7782794100389228,168734
union_find_alone,7,0.002,1.7782794100389228,2.371373705661655,57282
union_find_alone,7,0.002,2.371373705661655,3.1622776601683795,14333
union_find_alone,7,0.002,3.1622776601683795,4.216965034285822,1636
union_find_alone,7,0.002,4.216965034285822,5.623413251903491,241
union_find_alone,7,0.002,5.623413251903491,7.498942093324558,10
union_find_alone,7,0.002,7.498942093324558,10.0,2
union_find_alone,7,0.003,0.4216965034285822,0.5623413251903491,1
union_find_alone,7,0.003,0.5623413251903491,0.7498942093324559,1
union_find_alone,7,0.003,0.7498942093324559,1.0,47
union_find_alone,7,0.003,1.0,1.333521432163324,2518
union_find_alone,7,0.003,1.333521432163324,1.7782794100389228,29891
union_find_alone,7,0.003,1.7782794100389228,2.371373705661655,18006
union_find_alone,7,0.003,2.371373705661655,3.1622776601683795,5235
union_find_alone,7,0.003,3.1622776601683795,4.216965034285822,792
union_find_alone,7,0.003,4.216965034285822,5.623413251903491,114
union_find_alone,7,0.003,5.623413251903491,7.498942093324558,5
union_find_alone,7,0.004,0.7498942093324559,1.0,2
union_find_alone,7,0.004,1.0,1.333521432163324,568
union_find_alone,7,0.004,1.333521432163324,1.7782794100389228,7692
union_find_alone,7,0.004,1.7782794100389228,2.371373705661655,7327
union_find_alone,7,0.004,2.371373705661655,3.1622776601683795,2937
union_find_alone,7,0.004,3.1622776601683795,4.216965034285822,505
union_find_alone,7,0.004,4.216965034285822,5.623413251903491,74
union_find_alone,7,0.004,5.623413251903491,7.498942093324558,3
union_find_alone,7,0.004,7.498942093324558,10.0,2
union_find_alone,7,0.005,0.7498942093324559,1.0,3
union_find_alone,7,0.005,1.0,1.333521432163324,154
union_find_alone,7,0.005,1.333521432163324,1.7782794100389228,2663
union_find_alone,7,0.005,1.7782794100389228,2.371373705661655,3981
union_find_alone,7,0.005,2.371373705661655,3.1622776601683795,1980
union_find_alone,7,0.005,3.1622776601683795,4.216965034285822,377
union_find_alone,7,0.005,4.216965034285822,5.623413251903491,79
union_find_alone,7,0.005,5.623413251903491,7.498942093324558,3
union_find_alone,9,0.002,0.7498942093324559,1.0,6
union_find_alone,9,0.002,1.0,1.333521432163324,3745
union_find_alone,9,0.002,1.333521432163324,1.7782794100389228,342707
union_find_alone,9,0.002,1.7782794100389228,2.371373705661655,519807
union_find_alone,9,0.002,2.371373705661655,3.1622776601683795,135374
union_find_alone,9,0.002,3.1622776601683795,4.216965034285822,51371
union_find_alone,9,0.002,4.216965034285822,5.623413251903491,7808
union_find_alone,9,0.002,5.623413251903491,7.498942093324558,1074
union_find_alone,9,0.002,7.498942093324558,10.0,59
union_find_alone,9,0.002,10.0,13.33521432163324,1
union_find_alone,9,0.003,1.0,1.333521432163324,52
union_find_alone,9,0.003,1.333521432163324,1.7782794100389228,20965
union_find_alone,9,0.003,1.7782794100389228,2.371373705661655,61622
union_find_alone,9,0.003,2.371373705661655,3.1622776601683795,27530
union_find_alone,9,0.003,3.1622776601683795,4.216965034285822,10817
union_find_alone,9,0.003,4.216965034285822,5.623413251903491,2450
union_find_alone,9,0.003,5.623413251903491,7.498942093324558,393
union_find_alone,9,0.003,7.498942093324558,10.0,23
union_find_alone,9,0.004,1.333521432163324,1.7782794100389228,1948
union_find_alone,9,0.004,1.7782794100389228,2.371373705661655,12617
union_find_alone,9,0.004,2.371373705661655,3.1622776601683795,9878
union_find_alone,9,0.004,3.1622776601683795,4.216965034285822,4262
union_find_alone,9,0.004,4.216965034285822,5.623413251903491,1227
union_find_alone,9,0.004,5.623413251903491,7.498942093324558,237
union_find_alone,9,0.004,7.498942093324558,10.0,23
union_find_alone,9,0.005,1.333521432163324,1.7782794100389228,227
union_find_alone,9,0.005,1.7782794100389228,2.371373705661655,3492
union_find_alone,9,0.005,2.371373705661655,3.1622776601683795,4631
union_find_alone,9,0.005,3.1622776601683795,4.216965034285822,2580
union_find_alone,9,0.005,4.216965034285822,5.623413251903491,803
union_find_alone,9,0.005,5.623413251903491,7.498942093324558,207
union_find_alone,9,0.005,7.498942093324558,10.0,12
union_find_alone,11,0.002,1.0,1.333521432163324,74
union_find_alone,11,0.002,1.333521432163324,1.7782794100389228,302668
union_find_alone,11,0.002,1.7782794100389228,2.371373705661655,2199043
union_find_alone,11,0.002,2.371373705661655,3.1622776601683795,887522
union_find_alone,11,0.002,3.1622776601683795,4.216965034285822,426726
union_find_alone,11,0.002,4.216965034285822,5.623413251903491,91671
union_find_alone,11,0.002,5.623413251903491,7.498942093324558,13065
union_find_alone,11,0.002,7.498942093324558,10.0,756
union_find_alone,11,0.002,10.0,13.33521432163324,44
union_find_alone,11,0.002,13.33521432163324,17.78279410038923,1
union_find_alone,11,0.003,1.333521432163324,1.7782794100389228,5844
union_find_alone,11,0.003,1.7782794100389228,2.371373705661655,125040
union_find_alone,11,0.003,2.371373705661655,3.1622776601683795,128410
union_find_alone,11,0.003,3.1622776601683795,4.216965034285822,63178
union_find_alone,11,0.003,4.216965034285822,5.623413251903491,20615
union_find_alone,11,0.003,5.623413251903491,7.498942093324558,4491
union_find_alone,11,0.003,7.498942093324558,10.0,393
union_find_alone,11,0.003,10.0,13.33521432163324,29
union_find_alone,11,0.004,1.333521432163324,1.7782794100389228,92
union_find_alone,11,0.004,1.7782794100389228,2.371373705661655,8185
union_find_alone,11,0.004,2.371373705661655,3.1622776601683795,21844
union_find_alone,11,0.004,3.1622776601683795,4.216965034285822,14678
union_find_alone,11,0.004,4.216965034285822,5.623413251903491,5681
union_find_alone,11,0.004,5.623413251903491,7.498942093324558,1715
union_find_alone,11,0.004,7.498942093324558,10.0,184
union_find_alone,11,0.004,10.0,13.33521432163324,19
union_find_alone,11,0.004,13.33521432163324,17.78279410038923,2
union_find_alone,11,0.005,1.333521432163324,1.7782794100389228,2
union_find_alone,11,0.005,1.7782794100389228,2.371373705661655,764
union_find_alone,11,0.005,2.371373705661655,3.1622776601683795,4988
union_find_alone,11,0.005,3.1622776601683795,4.216965034285822,5777
union_find_alone,11,0.005,4.216965034285822,5.623413251903491,2571
union_find_alone,11,0.005,5.623413251903491,7.498942093324558,968
union_find_alone,11,0.005,7.498942093324558,10.0,191
union_find_alone,11,0.005,10.0,13.33521432163324,9
