configuration,distance,physical_error_rate,shots,failed_shots,failure_rate,failure_rate_low,failure_rate_high,is_shown,decoded_windows,shots_with_a_wrong_window
relay_bp5_alone,5,0.002,4041,63,0.015590200445434299,0.012204852050544302,0.01989565427153796,True,80820,166
relay_bp5_alone,5,0.003,1504,79,0.052526595744680854,0.04234891193772636,0.06498429466296814,True,30080,164
relay_bp5_alone,5,0.004,705,78,0.11063829787234042,0.08955996917534918,0.13593679999871094,True,14100,150
relay_bp5_alone,5,0.005,420,62,0.14761904761904762,0.11689187828015736,0.18473377952217995,True,8400,125
relay_bp5_alone,7,0.002,17836,58,0.0032518501906257007,0.002516564316644176,0.004201065943541794,True,267540,666
relay_bp5_alone,7,0.003,3774,61,0.016163222045574986,0.012604057977948552,0.020706354910573585,True,56610,320
relay_bp5_alone,7,0.004,1274,57,0.044740973312401885,0.0346922171308625,0.05752693729338722,True,19110,232
relay_bp5_alone,7,0.005,616,57,0.09253246753246754,0.07210602694695982,0.11800945684932969,True,9240,184
relay_bp5_alone,9,0.002,88496,30,0.0003389983728078105,0.00023747931274934296,0.000483894395591138,True,1061952,3145
relay_bp5_alone,9,0.003,10321,47,0.004553822304040306,0.0034264573191074873,0.006049858536290604,True,123852,938
relay_bp5_alone,9,0.004,2516,46,0.018282988871224166,0.013735139338724112,0.0242995784746532,True,30192,456
relay_bp5_alone,9,0.005,996,58,0.05823293172690763,0.04531561599003664,0.07454484564959798,True,11952,274
relay_bp5_alone,11,0.002,392157,25,6.37499776875078e-05,4.3183204395411806e-05,9.411112264755942e-05,True,3921570,15238
relay_bp5_alone,11,0.003,34800,36,0.0010344827586206897,0.0007473636450798253,0.0014317480748269682,True,348000,3468
relay_bp5_alone,11,0.004,5240,37,0.007061068702290076,0.005127277347281562,0.009717080444992377,True,52400,1012
relay_bp5_alone,11,0.005,1527,53,0.03470857891290111,0.026632947157350612,0.045119394136902094,True,15270,514
switching,5,0.002,4041,68,0.016827517941103688,0.01329602734593766,0.021276763762039665,True,65215,229
switching,5,0.003,1504,83,0.05518617021276596,0.04473835789878741,0.06790044628526104,True,21331,173
switching,5,0.004,705,76,0.10780141843971631,0.08699759683825138,0.13285616154654872,True,8384,127
switching,5,0.005,420,85,0.20238095238095238,0.16673362531382963,0.24342318026246879,True,4433,121
switching,7,0.002,17836,55,0.0030836510428347164,0.002370039461906127,0.004011264939451464,True,201961,884
switching,7,0.003,3774,49,0.012983571807101218,0.00983515952539424,0.01712241927477207,True,37311,320
switching,7,0.004,1274,59,0.04631083202511774,0.03607157751853175,0.059277855683565375,True,10678,179
switching,7,0.005,616,71,0.11525974025974026,0.0923919608556558,0.1428963644818765,True,4549,124
switching,9,0.002,88496,25,0.00028249864400650877,0.00019136546933126838,0.0004170136863053749,True,764225,4191
switching,9,0.003,10321,45,0.004360042631527953,0.0032602657447995884,0.005828634960840179,True,77038,721
switching,9,0.004,2516,53,0.02106518282988871,0.016141096093379912,0.02744952681513466,True,16034,334
switching,9,0.005,996,68,0.06827309236947791,0.054210731272062995,0.08565290169394357,True,5673,204
switching,11,0.002,392157,25,6.37499776875078e-05,4.3183204395411806e-05,9.411112264755942e-05,True,2699555,18111
switching,11,0.003,34800,46,0.0013218390804597701,0.0009912198459358155,0.0017625410839917643,True,207012,2453
switching,11,0.004,5240,51,0.009732824427480916,0.007410647380502901,0.012773307388506681,True,26954,596
switching,11,0.005,1527,83,0.05435494433529797,0.0440612341199845,0.06688523773186486,True,7025,266
tesseract_alone,5,0.002,4041,33,0.008166295471417966,0.005820832656734065,0.011445964949977808,True,80820,98
tesseract_alone,5,0.003,1504,46,0.030585106382978722,0.023007913932960623,0.04055411260506359,True,30080,108
tesseract_alone,5,0.004,705,40,0.05673758865248227,0.04194078280666197,0.07633878137145751,True,14100,97
tesseract_alone,5,0.005,420,41,0.09761904761904762,0.07277575300403553,0.1297562481351199,True,8400,92
tesseract_alone,7,0.002,17836,17,0.0009531285041489123,0.0005951966726092995,0.0015259801835888183,False,267540,424
tesseract_alone,7,0.003,3774,24,0.006359300476947536,0.004277221361801401,0.009445286420956947,True,56610,205
tesseract_alone,7,0.004,1274,14,0.01098901098901099,0.006557102244168246,0.018361058456362052,False,19110,128
tesseract_alone,7,0.005,616,20,0.032467532467532464,0.021114454391611127,0.049615662474250935,True,9240,123
tesseract_alone,9,0.002,88496,3,3.389983728078105e-05,1.1529069345771046e-05,9.967405439398607e-05,False,1061952,1876
tesseract_alone,9,0.003,10321,14,0.0013564577075864742,0.0008082129078669427,0.0022757529765187593,False,123852,509
tesseract_alone,9,0.004,2516,15,0.005961844197138315,0.0036163216964489177,0.0098136735527491,False,30192,255
tesseract_alone,9,0.005,996,26,0.02610441767068273,0.017875684281999323,0.03797462911324508,True,11952,159
tesseract_alone,11,0.002,392157,3,7.649997322500937e-06,2.601692779947132e-06,2.2493772601258038e-05,False,3921570,8781
tesseract_alone,11,0.003,34800,12,0.0003448275862068965,0.00019727380628236464,0.0006026798095745418,False,348000,1885
tesseract_alone,11,0.004,5240,15,0.0028625954198473282,0.0017355844997388075,0.004717978043379124,False,52400,548
tesseract_alone,11,0.005,1527,22,0.014407334643091027,0.009533465405746283,0.021718274312323205,True,15270,281
union_find_alone,5,0.002,4041,91,0.022519178421182874,0.018377991511205977,0.027567309611888642,True,80820,347
union_find_alone,5,0.003,1504,120,0.0797872340425532,0.0671392629371622,0.09457631889291047,True,30080,277
union_find_alone,5,0.004,705,126,0.17872340425531916,0.15220693575950894,0.20872209235679207,True,14100,218
union_find_alone,5,0.005,420,112,0.26666666666666666,0.22662844735641416,0.31093448821540376,True,8400,196
union_find_alone,7,0.002,17836,112,0.006279434850863423,0.005221718463661699,0.007549777255435102,True,267540,1486
union_find_alone,7,0.003,3774,100,0.026497085320614733,0.021834518010964372,0.03212260566471419,True,56610,576
union_find_alone,7,0.004,1274,88,0.06907378335949764,0.056405525456745924,0.08433295002413871,True,19110,356
union_find_alone,7,0.005,616,87,0.14123376623376624,0.11595054459566943,0.17096388536042606,True,9240,258
union_find_alone,9,0.002,88496,95,0.0010734948472247332,0.0008783208090720091,0.0013119820844183629,True,1061952,7181
union_find_alone,9,0.003,10321,95,0.00920453444433679,0.0075360697449092275,0.01123820970468871,True,123852,1486
union_find_alone,9,0.004,2516,89,0.035373608903020666,0.028834811461386754,0.04332903765069088,True,30192,699
union_find_alone,9,0.005,996,92,0.09236947791164658,0.07592002795793783,0.1119512161913614,True,11952,344
union_find_alone,11,0.002,392157,98,0.0002498999125350306,0.00020508332896517783,0.0003045072208645626,True,3921570,32111
union_find_alone,11,0.003,34800,111,0.0031896551724137933,0.0026495611911923596,0.0038394196038703315,True,348000,5217
union_find_alone,11,0.004,5240,106,0.020229007633587787,0.016753876307183755,0.024407066584715854,True,52400,1381
union_find_alone,11,0.005,1527,92,0.06024885396201703,0.04938172592009748,0.07332298509903087,True,15270,556
