distance,physical_error_rate,escalated_right,escalated_wrong_alone,escalated_wrong_paired,escalated_wrong_partner_unseen,kept_right,kept_wrong_alone,kept_wrong_paired,kept_wrong_partner_unseen,fixed,broke,both_right,both_wrong,not_converged,label_fixed,label_broke,label_both_right,label_both_wrong
5,0.002,7977,0,5,59,56870,4,291,9,58,35,7919,29,0,57,36,7888,60
5,0.003,4438,0,10,67,16665,3,138,10,76,39,4355,45,0,75,40,4312,88
5,0.004,2892,0,8,74,5332,3,54,21,81,26,2822,45,0,85,29,2767,93
5,0.005,1993,0,5,88,2312,1,25,9,92,54,1908,32,0,102,55,1846,83
7,0.002,33707,0,81,249,166550,20,1255,99,85,30,33905,17,0,85,32,33585,335
7,0.003,9875,0,38,149,26854,6,348,41,81,26,9931,24,0,78,29,9760,195
7,0.004,4296,0,19,119,6100,3,111,30,69,37,4308,20,0,74,39,4197,124
7,0.005,2343,0,9,122,2024,1,41,9,66,44,2333,31,0,70,42,2262,100
9,0.002,154898,0,436,1455,600823,35,6028,550,79,10,156674,26,2,80,10,154813,1886
9,0.003,24190,0,111,448,51413,6,753,117,74,22,24627,26,1,76,24,24112,537
9,0.004,7202,0,49,285,8229,2,217,50,61,28,7424,23,5,62,30,7108,336
9,0.005,3140,0,20,180,2220,1,94,18,66,36,3209,29,4,69,41,3022,208
11,0.002,644063,0,2278,7581,2018510,131,24582,2410,88,13,653753,68,5,88,15,644266,9553
11,0.003,74105,0,352,1757,127897,23,2448,430,91,27,76063,33,13,91,28,74062,2033
11,0.004,13307,0,92,577,12479,13,390,96,84,30,13832,30,23,81,36,13205,654
11,0.005,4328,0,28,280,2280,1,84,24,71,60,4479,26,105,76,61,4204,295
