distance,physical_error_rate,gap_low_db,gap_high_db,union_find_answer,windows
5,0.002,0.0,1.0,right,859
5,0.002,0.0,1.0,wrong_partner_unseen,4
5,0.002,2.0,3.0,right,168
5,0.002,2.0,3.0,wrong_paired,1
5,0.002,2.0,3.0,wrong_partner_unseen,2
5,0.002,4.0,5.0,right,2749
5,0.002,4.0,5.0,wrong_paired,2
5,0.002,4.0,5.0,wrong_partner_unseen,26
5,0.002,6.0,7.0,right,105
5,0.002,6.0,7.0,wrong_partner_unseen,2
5,0.002,8.0,9.0,right,83
5,0.002,8.0,9.0,wrong_partner_unseen,4
5,0.002,10.0,11.0,right,258
5,0.002,10.0,11.0,wrong_partner_unseen,1
5,0.002,13.0,14.0,right,197
5,0.002,13.0,14.0,wrong_partner_unseen,4
5,0.002,15.0,16.0,right,504
5,0.002,15.0,16.0,wrong_paired,1
5,0.002,15.0,16.0,wrong_partner_unseen,3
5,0.002,17.0,18.0,right,400
5,0.002,17.0,18.0,wrong_partner_unseen,1
5,0.002,19.0,20.0,right,2654
5,0.002,19.0,20.0,wrong_paired,1
5,0.002,19.0,20.0,wrong_partner_unseen,12
5,0.002,21.0,22.0,right,702
5,0.002,21.0,22.0,wrong_alone,2
5,0.002,21.0,22.0,wrong_paired,3
5,0.002,23.0,24.0,right,1205
5,0.002,23.0,24.0,wrong_alone,1
5,0.002,23.0,24.0,wrong_paired,11
5,0.002,26.0,27.0,right,494
5,0.002,26.0,27.0,wrong_paired,8
5,0.002,26.0,27.0,wrong_partner_unseen,1
5,0.002,28.0,29.0,right,1076
5,0.002,28.0,29.0,wrong_paired,11
5,0.002,30.0,31.0,right,566
5,0.002,30.0,31.0,wrong_paired,6
5,0.002,32.0,33.0,right,387
5,0.002,32.0,33.0,wrong_paired,4
5,0.002,34.0,35.0,right,689
5,0.002,34.0,35.0,wrong_paired,5
5,0.002,36.0,37.0,right,968
5,0.002,36.0,37.0,wrong_paired,4
5,0.002,39.0,40.0,right,971
5,0.002,39.0,40.0,wrong_paired,5
5,0.002,41.0,42.0,right,1933
5,0.002,41.0,42.0,wrong_paired,15
5,0.002,43.0,44.0,right,42707
5,0.002,43.0,44.0,wrong_alone,1
5,0.002,43.0,44.0,wrong_paired,202
5,0.002,43.0,44.0,wrong_partner_unseen,8
5,0.002,45.0,46.0,right,79
5,0.002,47.0,48.0,right,67
5,0.002,47.0,48.0,wrong_paired,1
5,0.002,49.0,50.0,right,48
5,0.002,52.0,53.0,right,73
5,0.002,52.0,53.0,wrong_paired,2
5,0.002,54.0,55.0,right,48
5,0.002,56.0,57.0,right,484
5,0.002,56.0,57.0,wrong_paired,1
5,0.002,58.0,59.0,right,41
5,0.002,58.0,59.0,wrong_paired,2
5,0.002,60.0,61.0,right,294
5,0.002,60.0,61.0,wrong_paired,2
5,0.002,62.0,63.0,right,470
5,0.002,62.0,63.0,wrong_paired,1
5,0.002,65.0,66.0,right,462
5,0.002,67.0,68.0,right,225
5,0.002,69.0,70.0,right,308
5,0.002,69.0,70.0,wrong_paired,8
5,0.002,71.0,72.0,right,24
5,0.002,73.0,74.0,right,264
5,0.002,76.0,77.0,right,77
5,0.002,78.0,79.0,right,21
5,0.002,84.0,85.0,right,153
5,0.002,86.0,87.0,right,391
5,0.002,89.0,90.0,right,113
5,0.002,91.0,92.0,right,99
5,0.002,108.0,109.0,right,1431
5,0.003,0.0,1.0,right,509
5,0.003,0.0,1.0,wrong_paired,1
5,0.003,0.0,1.0,wrong_partner_unseen,4
5,0.003,2.0,3.0,right,126
5,0.003,2.0,3.0,wrong_partner_unseen,1
5,0.003,4.0,5.0,right,1300
5,0.003,4.0,5.0,wrong_paired,1
5,0.003,4.0,5.0,wrong_partner_unseen,21
5,0.003,6.0,7.0,right,82
5,0.003,6.0,7.0,wrong_partner_unseen,3
5,0.003,8.0,9.0,right,172
5,0.003,8.0,9.0,wrong_paired,1
5,0.003,8.0,9.0,wrong_partner_unseen,10
5,0.003,10.0,11.0,right,164
5,0.003,10.0,11.0,wrong_partner_unseen,5
5,0.003,13.0,14.0,right,322
5,0.003,13.0,14.0,wrong_partner_unseen,3
5,0.003,15.0,16.0,right,365
5,0.003,15.0,16.0,wrong_paired,2
5,0.003,15.0,16.0,wrong_partner_unseen,2
5,0.003,17.0,18.0,right,788
5,0.003,17.0,18.0,wrong_paired,3
5,0.003,17.0,18.0,wrong_partner_unseen,4
5,0.003,19.0,20.0,right,610
5,0.003,19.0,20.0,wrong_paired,2
5,0.003,19.0,20.0,wrong_partner_unseen,14
5,0.003,21.0,22.0,right,650
5,0.003,21.0,22.0,wrong_paired,13
5,0.003,21.0,22.0,wrong_partner_unseen,1
5,0.003,23.0,24.0,right,290
5,0.003,23.0,24.0,wrong_paired,3
5,0.003,26.0,27.0,right,678
5,0.003,26.0,27.0,wrong_alone,2
5,0.003,26.0,27.0,wrong_paired,5
5,0.003,26.0,27.0,wrong_partner_unseen,2
5,0.003,28.0,29.0,right,272
5,0.003,28.0,29.0,wrong_paired,1
5,0.003,30.0,31.0,right,311
5,0.003,30.0,31.0,wrong_paired,3
5,0.003,30.0,31.0,wrong_partner_unseen,1
5,0.003,32.0,33.0,right,526
5,0.003,32.0,33.0,wrong_paired,4
5,0.003,32.0,33.0,wrong_partner_unseen,1
5,0.003,34.0,35.0,right,740
5,0.003,34.0,35.0,wrong_paired,6
5,0.003,34.0,35.0,wrong_partner_unseen,1
5,0.003,36.0,37.0,right,582
5,0.003,36.0,37.0,wrong_paired,4
5,0.003,39.0,40.0,right,11215
5,0.003,39.0,40.0,wrong_alone,1
5,0.003,39.0,40.0,wrong_paired,90
5,0.003,39.0,40.0,wrong_partner_unseen,4
5,0.003,41.0,42.0,right,36
5,0.003,41.0,42.0,wrong_paired,2
5,0.003,43.0,44.0,right,19
5,0.003,45.0,46.0,right,24
5,0.003,47.0,48.0,right,48
5,0.003,47.0,48.0,wrong_paired,1
5,0.003,49.0,50.0,right,26
5,0.003,52.0,53.0,right,57
5,0.003,52.0,53.0,wrong_paired,2
5,0.003,54.0,55.0,right,148
5,0.003,54.0,55.0,wrong_paired,2
5,0.003,56.0,57.0,right,93
5,0.003,58.0,59.0,right,169
5,0.003,60.0,61.0,right,139
5,0.003,62.0,63.0,right,49
5,0.003,67.0,68.0,right,80
5,0.003,67.0,68.0,wrong_paired,1
5,0.003,69.0,70.0,right,59
5,0.003,69.0,70.0,wrong_paired,1
5,0.003,71.0,72.0,right,9
5,0.003,73.0,74.0,right,15
5,0.003,80.0,81.0,right,36
5,0.003,82.0,83.0,right,132
5,0.003,102.0,103.0,right,262
5,0.004,0.0,1.0,right,281
5,0.004,0.0,1.0,wrong_partner_unseen,14
5,0.004,2.0,3.0,right,406
5,0.004,2.0,3.0,wrong_partner_unseen,12
5,0.004,4.0,5.0,right,452
5,0.004,4.0,5.0,wrong_paired,1
5,0.004,4.0,5.0,wrong_partner_unseen,14
5,0.004,6.0,7.0,right,114
5,0.004,6.0,7.0,wrong_partner_unseen,5
5,0.004,8.0,9.0,right,107
5,0.004,8.0,9.0,wrong_paired,1
5,0.004,8.0,9.0,wrong_partner_unseen,2
5,0.004,10.0,11.0,right,182
5,0.004,10.0,11.0,wrong_paired,1
5,0.004,10.0,11.0,wrong_partner_unseen,2
5,0.004,13.0,14.0,right,170
5,0.004,13.0,14.0,wrong_paired,1
5,0.004,13.0,14.0,wrong_partner_unseen,5
5,0.004,15.0,16.0,right,510
5,0.004,15.0,16.0,wrong_paired,4
5,0.004,15.0,16.0,wrong_partner_unseen,7
5,0.004,17.0,18.0,right,241
5,0.004,17.0,18.0,wrong_partner_unseen,6
5,0.004,19.0,20.0,right,429
5,0.004,19.0,20.0,wrong_partner_unseen,7
5,0.004,21.0,22.0,right,207
5,0.004,21.0,22.0,wrong_alone,1
5,0.004,21.0,22.0,wrong_paired,6
5,0.004,21.0,22.0,wrong_partner_unseen,1
5,0.004,23.0,24.0,right,339
5,0.004,23.0,24.0,wrong_paired,9
5,0.004,23.0,24.0,wrong_partner_unseen,5
5,0.004,26.0,27.0,right,189
5,0.004,26.0,27.0,wrong_paired,2
5,0.004,26.0,27.0,wrong_partner_unseen,4
5,0.004,28.0,29.0,right,178
5,0.004,28.0,29.0,wrong_paired,2
5,0.004,30.0,31.0,right,170
5,0.004,30.0,31.0,wrong_alone,1
5,0.004,30.0,31.0,wrong_paired,1
5,0.004,30.0,31.0,wrong_partner_unseen,1
5,0.004,32.0,33.0,right,250
5,0.004,32.0,33.0,wrong_paired,3
5,0.004,32.0,33.0,wrong_partner_unseen,2
5,0.004,34.0,35.0,right,3554
5,0.004,34.0,35.0,wrong_alone,1
5,0.004,34.0,35.0,wrong_paired,30
5,0.004,34.0,35.0,wrong_partner_unseen,8
5,0.004,36.0,37.0,right,17
5,0.004,39.0,40.0,right,12
5,0.004,41.0,42.0,right,15
5,0.004,43.0,44.0,right,21
5,0.004,45.0,46.0,right,57
5,0.004,47.0,48.0,right,29
5,0.004,49.0,50.0,right,13
5,0.004,52.0,53.0,right,32
5,0.004,52.0,53.0,wrong_paired,1
5,0.004,54.0,55.0,right,80
5,0.004,56.0,57.0,right,18
5,0.004,58.0,59.0,right,28
5,0.004,60.0,61.0,right,8
5,0.004,62.0,63.0,right,26
5,0.004,65.0,66.0,right,12
5,0.004,67.0,68.0,right,3
5,0.004,69.0,70.0,right,1
5,0.004,73.0,74.0,right,30
5,0.004,76.0,77.0,right,3
5,0.004,80.0,81.0,right,5
5,0.004,82.0,83.0,right,2
5,0.004,93.0,94.0,right,33
5,0.005,0.0,1.0,right,199
5,0.005,0.0,1.0,wrong_paired,2
5,0.005,0.0,1.0,wrong_partner_unseen,15
5,0.005,2.0,3.0,right,106
5,0.005,2.0,3.0,wrong_partner_unseen,4
5,0.005,4.0,5.0,right,481
5,0.005,4.0,5.0,wrong_partner_unseen,24
5,0.005,6.0,7.0,right,118
5,0.005,6.0,7.0,wrong_partner_unseen,8
5,0.005,8.0,9.0,right,95
5,0.005,8.0,9.0,wrong_partner_unseen,5
5,0.005,10.0,11.0,right,161
5,0.005,10.0,11.0,wrong_paired,1
5,0.005,10.0,11.0,wrong_partner_unseen,5
5,0.005,13.0,14.0,right,156
5,0.005,13.0,14.0,wrong_partner_unseen,2
5,0.005,15.0,16.0,right,267
5,0.005,15.0,16.0,wrong_paired,1
5,0.005,15.0,16.0,wrong_partner_unseen,11
5,0.005,17.0,18.0,right,203
5,0.005,17.0,18.0,wrong_paired,1
5,0.005,17.0,18.0,wrong_partner_unseen,10
5,0.005,19.0,20.0,right,207
5,0.005,19.0,20.0,wrong_partner_unseen,4
5,0.005,21.0,22.0,right,108
5,0.005,21.0,22.0,wrong_partner_unseen,1
5,0.005,23.0,24.0,right,214
5,0.005,23.0,24.0,wrong_alone,1
5,0.005,23.0,24.0,wrong_paired,4
5,0.005,23.0,24.0,wrong_partner_unseen,4
5,0.005,26.0,27.0,right,109
5,0.005,26.0,27.0,wrong_paired,1
5,0.005,28.0,29.0,right,142
5,0.005,28.0,29.0,wrong_paired,2
5,0.005,28.0,29.0,wrong_partner_unseen,2
5,0.005,30.0,31.0,right,161
5,0.005,30.0,31.0,wrong_paired,3
5,0.005,32.0,33.0,right,127
5,0.005,32.0,33.0,wrong_paired,2
5,0.005,34.0,35.0,right,1289
5,0.005,34.0,35.0,wrong_paired,11
5,0.005,34.0,35.0,wrong_partner_unseen,2
5,0.005,36.0,37.0,right,8
5,0.005,39.0,40.0,right,3
5,0.005,41.0,42.0,right,3
5,0.005,41.0,42.0,wrong_paired,1
5,0.005,43.0,44.0,right,10
5,0.005,45.0,46.0,right,15
5,0.005,47.0,48.0,right,25
5,0.005,49.0,50.0,right,14
5,0.005,52.0,53.0,right,16
5,0.005,54.0,55.0,right,20
5,0.005,54.0,55.0,wrong_paired,1
5,0.005,56.0,57.0,right,5
5,0.005,58.0,59.0,right,1
5,0.005,60.0,61.0,right,9
5,0.005,62.0,63.0,right,9
5,0.005,65.0,66.0,right,1
5,0.005,71.0,72.0,right,2
5,0.005,73.0,74.0,right,12
5,0.005,91.0,92.0,right,9
7,0.002,0.0,1.0,right,2733
7,0.002,0.0,1.0,wrong_paired,4
7,0.002,0.0,1.0,wrong_partner_unseen,26
7,0.002,2.0,3.0,right,828
7,0.002,2.0,3.0,wrong_paired,3
7,0.002,2.0,3.0,wrong_partner_unseen,7
7,0.002,4.0,5.0,right,12257
7,0.002,4.0,5.0,wrong_paired,35
7,0.002,4.0,5.0,wrong_partner_unseen,100
7,0.002,6.0,7.0,right,333
7,0.002,6.0,7.0,wrong_paired,1
7,0.002,6.0,7.0,wrong_partner_unseen,2
7,0.002,8.0,9.0,right,208
7,0.002,8.0,9.0,wrong_paired,1
7,0.002,8.0,9.0,wrong_partner_unseen,3
7,0.002,10.0,11.0,right,1258
7,0.002,10.0,11.0,wrong_paired,2
7,0.002,10.0,11.0,wrong_partner_unseen,14
7,0.002,13.0,14.0,right,525
7,0.002,13.0,14.0,wrong_paired,1
7,0.002,13.0,14.0,wrong_partner_unseen,7
7,0.002,15.0,16.0,right,2133
7,0.002,15.0,16.0,wrong_paired,5
7,0.002,15.0,16.0,wrong_partner_unseen,12
7,0.002,17.0,18.0,right,1211
7,0.002,17.0,18.0,wrong_paired,4
7,0.002,17.0,18.0,wrong_partner_unseen,5
7,0.002,19.0,20.0,right,12221
7,0.002,19.0,20.0,wrong_paired,25
7,0.002,19.0,20.0,wrong_partner_unseen,73
7,0.002,21.0,22.0,right,1112
7,0.002,21.0,22.0,wrong_alone,6
7,0.002,21.0,22.0,wrong_paired,8
7,0.002,23.0,24.0,right,3630
7,0.002,23.0,24.0,wrong_alone,1
7,0.002,23.0,24.0,wrong_paired,25
7,0.002,23.0,24.0,wrong_partner_unseen,4
7,0.002,26.0,27.0,right,550
7,0.002,26.0,27.0,wrong_alone,2
7,0.002,26.0,27.0,wrong_paired,12
7,0.002,26.0,27.0,wrong_partner_unseen,2
7,0.002,28.0,29.0,right,4151
7,0.002,28.0,29.0,wrong_paired,36
7,0.002,28.0,29.0,wrong_partner_unseen,4
7,0.002,30.0,31.0,right,618
7,0.002,30.0,31.0,wrong_paired,3
7,0.002,32.0,33.0,right,1401
7,0.002,32.0,33.0,wrong_alone,1
7,0.002,32.0,33.0,wrong_paired,19
7,0.002,32.0,33.0,wrong_partner_unseen,3
7,0.002,34.0,35.0,right,1448
7,0.002,34.0,35.0,wrong_paired,18
7,0.002,34.0,35.0,wrong_partner_unseen,1
7,0.002,36.0,37.0,right,3420
7,0.002,36.0,37.0,wrong_paired,21
7,0.002,36.0,37.0,wrong_partner_unseen,2
7,0.002,39.0,40.0,right,1743
7,0.002,39.0,40.0,wrong_paired,21
7,0.002,39.0,40.0,wrong_partner_unseen,3
7,0.002,41.0,42.0,right,8394
7,0.002,41.0,42.0,wrong_paired,79
7,0.002,41.0,42.0,wrong_partner_unseen,11
7,0.002,43.0,44.0,right,118283
7,0.002,43.0,44.0,wrong_alone,10
7,0.002,43.0,44.0,wrong_paired,889
7,0.002,43.0,44.0,wrong_partner_unseen,69
7,0.002,45.0,46.0,right,48
7,0.002,47.0,48.0,right,94
7,0.002,49.0,50.0,right,49
7,0.002,49.0,50.0,wrong_paired,1
7,0.002,52.0,53.0,right,122
7,0.002,52.0,53.0,wrong_paired,2
7,0.002,54.0,55.0,right,56
7,0.002,54.0,55.0,wrong_paired,1
7,0.002,56.0,57.0,right,193
7,0.002,58.0,59.0,right,126
7,0.002,60.0,61.0,right,260
7,0.002,60.0,61.0,wrong_paired,3
7,0.002,62.0,63.0,right,128
7,0.002,62.0,63.0,wrong_paired,2
7,0.002,65.0,66.0,right,348
7,0.002,65.0,66.0,wrong_paired,6
7,0.002,67.0,68.0,right,201
7,0.002,69.0,70.0,right,471
7,0.002,69.0,70.0,wrong_paired,2
7,0.002,71.0,72.0,right,207
7,0.002,71.0,72.0,wrong_paired,2
7,0.002,73.0,74.0,right,368
7,0.002,73.0,74.0,wrong_paired,7
7,0.002,76.0,77.0,right,201
7,0.002,76.0,77.0,wrong_paired,1
7,0.002,78.0,79.0,right,443
7,0.002,78.0,79.0,wrong_paired,10
7,0.002,80.0,81.0,right,193
7,0.002,80.0,81.0,wrong_paired,1
7,0.002,82.0,83.0,right,517
7,0.002,82.0,83.0,wrong_paired,3
7,0.002,84.0,85.0,right,331
7,0.002,84.0,85.0,wrong_paired,1
7,0.002,86.0,87.0,right,536
7,0.002,86.0,87.0,wrong_paired,4
7,0.002,89.0,90.0,right,317
7,0.002,89.0,90.0,wrong_paired,5
7,0.002,91.0,92.0,right,540
7,0.002,91.0,92.0,wrong_paired,5
7,0.002,93.0,94.0,right,296
7,0.002,93.0,94.0,wrong_paired,1
7,0.002,95.0,96.0,right,356
7,0.002,95.0,96.0,wrong_paired,6
7,0.002,97.0,98.0,right,197
7,0.002,97.0,98.0,wrong_paired,4
7,0.002,99.0,100.0,right,1378
7,0.002,99.0,100.0,wrong_paired,6
7,0.002,102.0,103.0,right,171
7,0.002,102.0,103.0,wrong_paired,2
7,0.002,104.0,105.0,right,1185
7,0.002,104.0,105.0,wrong_paired,6
7,0.002,106.0,107.0,right,719
7,0.002,106.0,107.0,wrong_paired,3
7,0.002,108.0,109.0,right,1688
7,0.002,108.0,109.0,wrong_paired,5
7,0.002,110.0,111.0,right,584
7,0.002,112.0,113.0,right,1106
7,0.002,112.0,113.0,wrong_paired,10
7,0.002,115.0,116.0,right,442
7,0.002,117.0,118.0,right,489
7,0.002,117.0,118.0,wrong_paired,13
7,0.002,119.0,120.0,right,131
7,0.002,121.0,122.0,right,433
7,0.002,121.0,122.0,wrong_paired,9
7,0.002,123.0,124.0,right,42
7,0.002,125.0,126.0,right,133
7,0.002,128.0,129.0,right,212
7,0.002,128.0,129.0,wrong_paired,1
7,0.002,130.0,131.0,right,821
7,0.002,132.0,133.0,right,160
7,0.002,134.0,135.0,right,446
7,0.002,136.0,137.0,right,133
7,0.002,138.0,139.0,right,104
7,0.002,152.0,153.0,right,4825
7,0.002,152.0,153.0,wrong_paired,2
7,0.003,0.0,1.0,right,837
7,0.003,0.0,1.0,wrong_paired,4
7,0.003,0.0,1.0,wrong_partner_unseen,13
7,0.003,2.0,3.0,right,264
7,0.003,2.0,3.0,wrong_partner_unseen,8
7,0.003,4.0,5.0,right,3410
7,0.003,4.0,5.0,wrong_paired,15
7,0.003,4.0,5.0,wrong_partner_unseen,50
7,0.003,6.0,7.0,right,164
7,0.003,6.0,7.0,wrong_partner_unseen,2
7,0.003,8.0,9.0,right,391
7,0.003,8.0,9.0,wrong_paired,1
7,0.003,8.0,9.0,wrong_partner_unseen,7
7,0.003,10.0,11.0,right,265
7,0.003,10.0,11.0,wrong_paired,1
7,0.003,10.0,11.0,wrong_partner_unseen,2
7,0.003,13.0,14.0,right,649
7,0.003,13.0,14.0,wrong_paired,4
7,0.003,13.0,14.0,wrong_partner_unseen,7
7,0.003,15.0,16.0,right,922
7,0.003,15.0,16.0,wrong_paired,2
7,0.003,15.0,16.0,wrong_partner_unseen,14
7,0.003,17.0,18.0,right,1507
7,0.003,17.0,18.0,wrong_paired,8
7,0.003,17.0,18.0,wrong_partner_unseen,23
7,0.003,19.0,20.0,right,1466
7,0.003,19.0,20.0,wrong_paired,3
7,0.003,19.0,20.0,wrong_partner_unseen,23
7,0.003,21.0,22.0,right,970
7,0.003,21.0,22.0,wrong_paired,10
7,0.003,21.0,22.0,wrong_partner_unseen,5
7,0.003,23.0,24.0,right,304
7,0.003,23.0,24.0,wrong_alone,1
7,0.003,23.0,24.0,wrong_paired,6
7,0.003,26.0,27.0,right,1161
7,0.003,26.0,27.0,wrong_paired,18
7,0.003,26.0,27.0,wrong_partner_unseen,4
7,0.003,28.0,29.0,right,328
7,0.003,28.0,29.0,wrong_alone,1
7,0.003,28.0,29.0,wrong_paired,5
7,0.003,30.0,31.0,right,479
7,0.003,30.0,31.0,wrong_paired,7
7,0.003,30.0,31.0,wrong_partner_unseen,4
7,0.003,32.0,33.0,right,758
7,0.003,32.0,33.0,wrong_paired,1
7,0.003,32.0,33.0,wrong_partner_unseen,2
7,0.003,34.0,35.0,right,1033
7,0.003,34.0,35.0,wrong_paired,12
7,0.003,34.0,35.0,wrong_partner_unseen,1
7,0.003,36.0,37.0,right,909
7,0.003,36.0,37.0,wrong_paired,14
7,0.003,36.0,37.0,wrong_partner_unseen,2
7,0.003,39.0,40.0,right,17559
7,0.003,39.0,40.0,wrong_alone,3
7,0.003,39.0,40.0,wrong_paired,233
7,0.003,39.0,40.0,wrong_partner_unseen,23
7,0.003,41.0,42.0,right,22
7,0.003,41.0,42.0,wrong_paired,2
7,0.003,43.0,44.0,right,17
7,0.003,43.0,44.0,wrong_alone,1
7,0.003,43.0,44.0,wrong_paired,1
7,0.003,45.0,46.0,right,22
7,0.003,45.0,46.0,wrong_paired,1
7,0.003,47.0,48.0,right,27
7,0.003,49.0,50.0,right,35
7,0.003,52.0,53.0,right,63
7,0.003,54.0,55.0,right,54
7,0.003,54.0,55.0,wrong_paired,3
7,0.003,56.0,57.0,right,68
7,0.003,58.0,59.0,right,85
7,0.003,58.0,59.0,wrong_paired,2
7,0.003,60.0,61.0,right,79
7,0.003,60.0,61.0,wrong_paired,1
7,0.003,62.0,63.0,right,75
7,0.003,62.0,63.0,wrong_paired,3
7,0.003,65.0,66.0,right,54
7,0.003,65.0,66.0,wrong_paired,2
7,0.003,67.0,68.0,right,74
7,0.003,67.0,68.0,wrong_paired,1
7,0.003,69.0,70.0,right,74
7,0.003,69.0,70.0,wrong_paired,1
7,0.003,71.0,72.0,right,86
7,0.003,71.0,72.0,wrong_paired,1
7,0.003,73.0,74.0,right,74
7,0.003,76.0,77.0,right,70
7,0.003,78.0,79.0,right,87
7,0.003,78.0,79.0,wrong_paired,4
7,0.003,80.0,81.0,right,115
7,0.003,80.0,81.0,wrong_paired,1
7,0.003,82.0,83.0,right,116
7,0.003,82.0,83.0,wrong_paired,1
7,0.003,84.0,85.0,right,99
7,0.003,84.0,85.0,wrong_paired,1
7,0.003,86.0,87.0,right,61
7,0.003,86.0,87.0,wrong_paired,2
7,0.003,89.0,90.0,right,32
7,0.003,91.0,92.0,right,49
7,0.003,91.0,92.0,wrong_paired,1
7,0.003,93.0,94.0,right,55
7,0.003,95.0,96.0,right,68
7,0.003,95.0,96.0,wrong_paired,1
7,0.003,97.0,98.0,right,138
7,0.003,97.0,98.0,wrong_paired,1
7,0.003,99.0,100.0,right,124
7,0.003,99.0,100.0,wrong_paired,1
7,0.003,102.0,103.0,right,227
7,0.003,104.0,105.0,right,164
7,0.003,104.0,105.0,wrong_paired,1
7,0.003,106.0,107.0,right,85
7,0.003,106.0,107.0,wrong_paired,3
7,0.003,108.0,109.0,right,36
7,0.003,110.0,111.0,right,55
7,0.003,110.0,111.0,wrong_paired,1
7,0.003,112.0,113.0,right,54
7,0.003,112.0,113.0,wrong_paired,3
7,0.003,115.0,116.0,right,48
7,0.003,115.0,116.0,wrong_paired,2
7,0.003,117.0,118.0,right,16
7,0.003,119.0,120.0,right,12
7,0.003,123.0,124.0,right,13
7,0.003,125.0,126.0,right,144
7,0.003,128.0,129.0,right,77
7,0.003,145.0,146.0,right,499
7,0.003,145.0,146.0,wrong_paired,1
7,0.004,0.0,1.0,right,388
7,0.004,0.0,1.0,wrong_partner_unseen,22
7,0.004,2.0,3.0,right,533
7,0.004,2.0,3.0,wrong_paired,3
7,0.004,2.0,3.0,wrong_partner_unseen,17
7,0.004,4.0,5.0,right,1024
7,0.004,4.0,5.0,wrong_paired,6
7,0.004,4.0,5.0,wrong_partner_unseen,25
7,0.004,6.0,7.0,right,86
7,0.004,6.0,7.0,wrong_partner_unseen,1
7,0.004,8.0,9.0,right,151
7,0.004,8.0,9.0,wrong_partner_unseen,8
7,0.004,10.0,11.0,right,290
7,0.004,10.0,11.0,wrong_paired,2
7,0.004,10.0,11.0,wrong_partner_unseen,7
7,0.004,13.0,14.0,right,169
7,0.004,13.0,14.0,wrong_paired,1
7,0.004,13.0,14.0,wrong_partner_unseen,4
7,0.004,15.0,16.0,right,907
7,0.004,15.0,16.0,wrong_paired,6
7,0.004,15.0,16.0,wrong_partner_unseen,21
7,0.004,17.0,18.0,right,228
7,0.004,17.0,18.0,wrong_partner_unseen,5
7,0.004,19.0,20.0,right,520
7,0.004,19.0,20.0,wrong_paired,1
7,0.004,19.0,20.0,wrong_partner_unseen,9
7,0.004,21.0,22.0,right,220
7,0.004,21.0,22.0,wrong_alone,1
7,0.004,21.0,22.0,wrong_paired,7
7,0.004,21.0,22.0,wrong_partner_unseen,6
7,0.004,23.0,24.0,right,355
7,0.004,23.0,24.0,wrong_paired,5
7,0.004,23.0,24.0,wrong_partner_unseen,2
7,0.004,26.0,27.0,right,146
7,0.004,26.0,27.0,wrong_alone,1
7,0.004,26.0,27.0,wrong_paired,3
7,0.004,26.0,27.0,wrong_partner_unseen,3
7,0.004,28.0,29.0,right,234
7,0.004,28.0,29.0,wrong_paired,4
7,0.004,30.0,31.0,right,345
7,0.004,30.0,31.0,wrong_paired,6
7,0.004,30.0,31.0,wrong_partner_unseen,3
7,0.004,32.0,33.0,right,205
7,0.004,32.0,33.0,wrong_paired,2
7,0.004,32.0,33.0,wrong_partner_unseen,5
7,0.004,34.0,35.0,right,3817
7,0.004,34.0,35.0,wrong_alone,1
7,0.004,34.0,35.0,wrong_paired,71
7,0.004,34.0,35.0,wrong_partner_unseen,11
7,0.004,36.0,37.0,right,7
7,0.004,39.0,40.0,right,13
7,0.004,39.0,40.0,wrong_paired,1
7,0.004,41.0,42.0,right,12
7,0.004,43.0,44.0,right,11
7,0.004,45.0,46.0,right,15
7,0.004,47.0,48.0,right,9
7,0.004,49.0,50.0,right,29
7,0.004,49.0,50.0,wrong_paired,2
7,0.004,52.0,53.0,right,19
7,0.004,54.0,55.0,right,28
7,0.004,56.0,57.0,right,15
7,0.004,58.0,59.0,right,25
7,0.004,60.0,61.0,right,23
7,0.004,60.0,61.0,wrong_paired,1
7,0.004,62.0,63.0,right,21
7,0.004,62.0,63.0,wrong_paired,2
7,0.004,65.0,66.0,right,26
7,0.004,67.0,68.0,right,19
7,0.004,69.0,70.0,right,29
7,0.004,71.0,72.0,right,16
7,0.004,73.0,74.0,right,23
7,0.004,73.0,74.0,wrong_paired,1
7,0.004,76.0,77.0,right,23
7,0.004,76.0,77.0,wrong_paired,1
7,0.004,78.0,79.0,right,25
7,0.004,80.0,81.0,right,11
7,0.004,82.0,83.0,right,17
7,0.004,84.0,85.0,right,20
7,0.004,86.0,87.0,right,23
7,0.004,86.0,87.0,wrong_paired,2
7,0.004,89.0,90.0,right,22
7,0.004,91.0,92.0,right,24
7,0.004,93.0,94.0,right,35
7,0.004,95.0,96.0,right,28
7,0.004,95.0,96.0,wrong_paired,1
7,0.004,97.0,98.0,right,29
7,0.004,99.0,100.0,right,8
7,0.004,102.0,103.0,right,20
7,0.004,104.0,105.0,right,4
7,0.004,104.0,105.0,wrong_paired,1
7,0.004,106.0,107.0,right,21
7,0.004,108.0,109.0,right,11
7,0.004,110.0,111.0,right,3
7,0.004,112.0,113.0,right,27
7,0.004,115.0,116.0,right,5
7,0.004,117.0,118.0,right,15
7,0.004,119.0,120.0,right,3
7,0.004,123.0,124.0,right,1
7,0.004,125.0,126.0,right,3
7,0.004,132.0,133.0,right,60
7,0.004,132.0,133.0,wrong_paired,1
7,0.005,0.0,1.0,right,209
7,0.005,0.0,1.0,wrong_partner_unseen,11
7,0.005,2.0,3.0,right,107
7,0.005,2.0,3.0,wrong_partner_unseen,16
7,0.005,4.0,5.0,right,680
7,0.005,4.0,5.0,wrong_paired,3
7,0.005,4.0,5.0,wrong_partner_unseen,35
7,0.005,6.0,7.0,right,138
7,0.005,6.0,7.0,wrong_paired,1
7,0.005,6.0,7.0,wrong_partner_unseen,12
7,0.005,8.0,9.0,right,107
7,0.005,8.0,9.0,wrong_partner_unseen,4
7,0.005,10.0,11.0,right,180
7,0.005,10.0,11.0,wrong_paired,1
7,0.005,10.0,11.0,wrong_partner_unseen,14
7,0.005,13.0,14.0,right,205
7,0.005,13.0,14.0,wrong_partner_unseen,7
7,0.005,15.0,16.0,right,296
7,0.005,15.0,16.0,wrong_paired,1
7,0.005,15.0,16.0,wrong_partner_unseen,9
7,0.005,17.0,18.0,right,224
7,0.005,17.0,18.0,wrong_partner_unseen,10
7,0.005,19.0,20.0,right,197
7,0.005,19.0,20.0,wrong_paired,3
7,0.005,19.0,20.0,wrong_partner_unseen,4
7,0.005,21.0,22.0,right,90
7,0.005,21.0,22.0,wrong_paired,3
7,0.005,21.0,22.0,wrong_partner_unseen,2
7,0.005,23.0,24.0,right,188
7,0.005,23.0,24.0,wrong_paired,1
7,0.005,23.0,24.0,wrong_partner_unseen,2
7,0.005,26.0,27.0,right,123
7,0.005,26.0,27.0,wrong_paired,4
7,0.005,28.0,29.0,right,117
7,0.005,28.0,29.0,wrong_paired,2
7,0.005,28.0,29.0,wrong_partner_unseen,1
7,0.005,30.0,31.0,right,170
7,0.005,30.0,31.0,wrong_paired,6
7,0.005,30.0,31.0,wrong_partner_unseen,1
7,0.005,32.0,33.0,right,132
7,0.005,32.0,33.0,wrong_paired,2
7,0.005,32.0,33.0,wrong_partner_unseen,1
7,0.005,34.0,35.0,right,967
7,0.005,34.0,35.0,wrong_paired,20
7,0.005,34.0,35.0,wrong_partner_unseen,2
7,0.005,36.0,37.0,right,2
7,0.005,39.0,40.0,right,5
7,0.005,41.0,42.0,right,4
7,0.005,43.0,44.0,right,6
7,0.005,45.0,46.0,right,6
7,0.005,47.0,48.0,right,3
7,0.005,49.0,50.0,right,8
7,0.005,52.0,53.0,right,8
7,0.005,52.0,53.0,wrong_alone,1
7,0.005,52.0,53.0,wrong_paired,2
7,0.005,54.0,55.0,right,8
7,0.005,56.0,57.0,right,6
7,0.005,58.0,59.0,right,10
7,0.005,60.0,61.0,right,10
7,0.005,60.0,61.0,wrong_paired,1
7,0.005,62.0,63.0,right,9
7,0.005,65.0,66.0,right,12
7,0.005,67.0,68.0,right,2
7,0.005,69.0,70.0,right,11
7,0.005,71.0,72.0,right,8
7,0.005,73.0,74.0,right,8
7,0.005,76.0,77.0,right,2
7,0.005,78.0,79.0,right,2
7,0.005,80.0,81.0,right,3
7,0.005,82.0,83.0,right,3
7,0.005,84.0,85.0,right,11
7,0.005,86.0,87.0,right,9
7,0.005,89.0,90.0,right,13
7,0.005,91.0,92.0,right,14
7,0.005,93.0,94.0,right,8
7,0.005,95.0,96.0,right,4
7,0.005,97.0,98.0,right,5
7,0.005,99.0,100.0,right,2
7,0.005,102.0,103.0,right,10
7,0.005,104.0,105.0,right,3
7,0.005,110.0,111.0,right,2
7,0.005,112.0,113.0,right,5
7,0.005,115.0,116.0,right,5
7,0.005,130.0,131.0,right,10
9,0.002,0.0,1.0,right,9731
9,0.002,0.0,1.0,wrong_paired,21
9,0.002,0.0,1.0,wrong_partner_unseen,84
9,0.002,2.0,3.0,right,4463
9,0.002,2.0,3.0,wrong_paired,6
9,0.002,2.0,3.0,wrong_partner_unseen,38
9,0.002,4.0,5.0,right,58418
9,0.002,4.0,5.0,wrong_paired,142
9,0.002,4.0,5.0,wrong_partner_unseen,576
9,0.002,6.0,7.0,right,1696
9,0.002,6.0,7.0,wrong_paired,4
9,0.002,6.0,7.0,wrong_partner_unseen,22
9,0.002,8.0,9.0,right,677
9,0.002,8.0,9.0,wrong_paired,5
9,0.002,8.0,9.0,wrong_partner_unseen,7
9,0.002,10.0,11.0,right,6306
9,0.002,10.0,11.0,wrong_paired,27
9,0.002,10.0,11.0,wrong_partner_unseen,58
9,0.002,13.0,14.0,right,1970
9,0.002,13.0,14.0,wrong_paired,11
9,0.002,13.0,14.0,wrong_partner_unseen,16
9,0.002,15.0,16.0,right,9954
9,0.002,15.0,16.0,wrong_paired,38
9,0.002,15.0,16.0,wrong_partner_unseen,79
9,0.002,17.0,18.0,right,5141
9,0.002,17.0,18.0,wrong_paired,11
9,0.002,17.0,18.0,wrong_partner_unseen,37
9,0.002,19.0,20.0,right,56542
9,0.002,19.0,20.0,wrong_paired,171
9,0.002,19.0,20.0,wrong_partner_unseen,538
9,0.002,21.0,22.0,right,3061
9,0.002,21.0,22.0,wrong_paired,31
9,0.002,21.0,22.0,wrong_partner_unseen,14
9,0.002,23.0,24.0,right,12649
9,0.002,23.0,24.0,wrong_paired,125
9,0.002,23.0,24.0,wrong_partner_unseen,27
9,0.002,26.0,27.0,right,1141
9,0.002,26.0,27.0,wrong_paired,16
9,0.002,26.0,27.0,wrong_partner_unseen,2
9,0.002,28.0,29.0,right,19822
9,0.002,28.0,29.0,wrong_paired,203
9,0.002,28.0,29.0,wrong_partner_unseen,39
9,0.002,30.0,31.0,right,1109
9,0.002,30.0,31.0,wrong_alone,1
9,0.002,30.0,31.0,wrong_paired,13
9,0.002,30.0,31.0,wrong_partner_unseen,3
9,0.002,32.0,33.0,right,6355
9,0.002,32.0,33.0,wrong_alone,1
9,0.002,32.0,33.0,wrong_paired,64
9,0.002,32.0,33.0,wrong_partner_unseen,12
9,0.002,34.0,35.0,right,3725
9,0.002,34.0,35.0,wrong_paired,43
9,0.002,34.0,35.0,wrong_partner_unseen,10
9,0.002,36.0,37.0,right,15709
9,0.002,36.0,37.0,wrong_paired,161
9,0.002,36.0,37.0,wrong_partner_unseen,27
9,0.002,39.0,40.0,right,4262
9,0.002,39.0,40.0,wrong_paired,52
9,0.002,39.0,40.0,wrong_partner_unseen,1
9,0.002,41.0,42.0,right,40300
9,0.002,41.0,42.0,wrong_alone,4
9,0.002,41.0,42.0,wrong_paired,408
9,0.002,41.0,42.0,wrong_partner_unseen,74
9,0.002,43.0,44.0,right,396181
9,0.002,43.0,44.0,wrong_alone,26
9,0.002,43.0,44.0,wrong_paired,4035
9,0.002,43.0,44.0,wrong_partner_unseen,341
9,0.002,45.0,46.0,right,32
9,0.002,47.0,48.0,right,94
9,0.002,47.0,48.0,wrong_paired,2
9,0.002,49.0,50.0,right,48
9,0.002,49.0,50.0,wrong_paired,2
9,0.002,52.0,53.0,right,153
9,0.002,52.0,53.0,wrong_paired,4
9,0.002,54.0,55.0,right,70
9,0.002,56.0,57.0,right,201
9,0.002,56.0,57.0,wrong_paired,4
9,0.002,58.0,59.0,right,95
9,0.002,58.0,59.0,wrong_paired,2
9,0.002,60.0,61.0,right,271
9,0.002,60.0,61.0,wrong_paired,5
9,0.002,62.0,63.0,right,132
9,0.002,62.0,63.0,wrong_paired,1
9,0.002,65.0,66.0,right,346
9,0.002,65.0,66.0,wrong_paired,4
9,0.002,67.0,68.0,right,205
9,0.002,67.0,68.0,wrong_paired,7
9,0.002,69.0,70.0,right,447
9,0.002,69.0,70.0,wrong_paired,7
9,0.002,71.0,72.0,right,210
9,0.002,71.0,72.0,wrong_paired,2
9,0.002,73.0,74.0,right,573
9,0.002,73.0,74.0,wrong_paired,20
9,0.002,76.0,77.0,right,271
9,0.002,76.0,77.0,wrong_paired,8
9,0.002,78.0,79.0,right,727
9,0.002,78.0,79.0,wrong_paired,10
9,0.002,80.0,81.0,right,356
9,0.002,80.0,81.0,wrong_paired,7
9,0.002,82.0,83.0,right,884
9,0.002,82.0,83.0,wrong_paired,15
9,0.002,84.0,85.0,right,451
9,0.002,84.0,85.0,wrong_paired,5
9,0.002,86.0,87.0,right,1093
9,0.002,86.0,87.0,wrong_paired,14
9,0.002,89.0,90.0,right,556
9,0.002,89.0,90.0,wrong_paired,15
9,0.002,91.0,92.0,right,1153
9,0.002,91.0,92.0,wrong_paired,17
9,0.002,93.0,94.0,right,609
9,0.002,93.0,94.0,wrong_paired,12
9,0.002,95.0,96.0,right,1477
9,0.002,95.0,96.0,wrong_paired,21
9,0.002,97.0,98.0,right,659
9,0.002,97.0,98.0,wrong_paired,14
9,0.002,99.0,100.0,right,1851
9,0.002,99.0,100.0,wrong_paired,17
9,0.002,102.0,103.0,right,797
9,0.002,102.0,103.0,wrong_paired,9
9,0.002,104.0,105.0,right,2425
9,0.002,104.0,105.0,wrong_paired,26
9,0.002,106.0,107.0,right,1004
9,0.002,106.0,107.0,wrong_paired,15
9,0.002,108.0,109.0,right,2811
9,0.002,108.0,109.0,wrong_paired,33
9,0.002,110.0,111.0,right,1302
9,0.002,110.0,111.0,wrong_paired,17
9,0.002,112.0,113.0,right,2899
9,0.002,112.0,113.0,wrong_paired,38
9,0.002,115.0,116.0,right,1215
9,0.002,115.0,116.0,wrong_paired,14
9,0.002,117.0,118.0,right,2734
9,0.002,117.0,118.0,wrong_paired,33
9,0.002,119.0,120.0,right,1161
9,0.002,119.0,120.0,wrong_paired,12
9,0.002,121.0,122.0,right,2202
9,0.002,121.0,122.0,wrong_paired,38
9,0.002,123.0,124.0,right,1004
9,0.002,123.0,124.0,wrong_paired,13
9,0.002,125.0,126.0,right,2436
9,0.002,125.0,126.0,wrong_paired,38
9,0.002,128.0,129.0,right,1159
9,0.002,128.0,129.0,wrong_paired,14
9,0.002,130.0,131.0,right,2303
9,0.002,130.0,131.0,wrong_paired,33
9,0.002,132.0,133.0,right,1066
9,0.002,132.0,133.0,wrong_paired,9
9,0.002,134.0,135.0,right,1959
9,0.002,134.0,135.0,wrong_paired,17
9,0.002,136.0,137.0,right,1020
9,0.002,136.0,137.0,wrong_paired,7
9,0.002,138.0,139.0,right,1587
9,0.002,138.0,139.0,wrong_paired,22
9,0.002,141.0,142.0,right,762
9,0.002,141.0,142.0,wrong_paired,2
9,0.002,143.0,144.0,right,2505
9,0.002,143.0,144.0,wrong_paired,24
9,0.002,145.0,146.0,right,493
9,0.002,145.0,146.0,wrong_paired,9
9,0.002,147.0,148.0,right,2411
9,0.002,147.0,148.0,wrong_alone,1
9,0.002,147.0,148.0,wrong_paired,17
9,0.002,149.0,150.0,right,1375
9,0.002,149.0,150.0,wrong_paired,8
9,0.002,152.0,153.0,right,4421
9,0.002,152.0,153.0,wrong_paired,12
9,0.002,154.0,155.0,right,1497
9,0.002,154.0,155.0,wrong_paired,3
9,0.002,156.0,157.0,right,3760
9,0.002,156.0,157.0,wrong_paired,49
9,0.002,158.0,159.0,right,2051
9,0.002,158.0,159.0,wrong_paired,5
9,0.002,160.0,161.0,right,2167
9,0.002,160.0,161.0,wrong_alone,1
9,0.002,160.0,161.0,wrong_paired,52
9,0.002,162.0,163.0,right,1313
9,0.002,162.0,163.0,wrong_paired,8
9,0.002,165.0,166.0,right,1529
9,0.002,165.0,166.0,wrong_paired,43
9,0.002,167.0,168.0,right,481
9,0.002,169.0,170.0,right,896
9,0.002,169.0,170.0,wrong_alone,1
9,0.002,169.0,170.0,wrong_paired,30
9,0.002,171.0,172.0,right,374
9,0.002,171.0,172.0,wrong_paired,3
9,0.002,173.0,174.0,right,2274
9,0.002,173.0,174.0,wrong_paired,2
9,0.002,175.0,176.0,right,488
9,0.002,175.0,176.0,wrong_paired,1
9,0.002,178.0,179.0,right,1367
9,0.002,180.0,181.0,right,296
9,0.002,180.0,181.0,wrong_paired,1
9,0.002,182.0,183.0,right,819
9,0.002,184.0,185.0,right,273
9,0.002,184.0,185.0,wrong_paired,1
9,0.002,186.0,187.0,right,194
9,0.002,195.0,196.0,right,20715
9,0.002,195.0,196.0,wrong_paired,4
9,0.003,0.0,1.0,right,1698
9,0.003,0.0,1.0,wrong_paired,13
9,0.003,0.0,1.0,wrong_partner_unseen,37
9,0.003,2.0,3.0,right,697
9,0.003,2.0,3.0,wrong_paired,2
9,0.003,2.0,3.0,wrong_partner_unseen,18
9,0.003,4.0,5.0,right,9098
9,0.003,4.0,5.0,wrong_paired,30
9,0.003,4.0,5.0,wrong_partner_unseen,177
9,0.003,6.0,7.0,right,375
9,0.003,6.0,7.0,wrong_partner_unseen,7
9,0.003,8.0,9.0,right,1002
9,0.003,8.0,9.0,wrong_paired,7
9,0.003,8.0,9.0,wrong_partner_unseen,12
9,0.003,10.0,11.0,right,556
9,0.003,10.0,11.0,wrong_paired,4
9,0.003,10.0,11.0,wrong_partner_unseen,14
9,0.003,13.0,14.0,right,1668
9,0.003,13.0,14.0,wrong_paired,10
9,0.003,13.0,14.0,wrong_partner_unseen,30
9,0.003,15.0,16.0,right,2346
9,0.003,15.0,16.0,wrong_paired,11
9,0.003,15.0,16.0,wrong_partner_unseen,35
9,0.003,17.0,18.0,right,3271
9,0.003,17.0,18.0,wrong_paired,15
9,0.003,17.0,18.0,wrong_partner_unseen,63
9,0.003,19.0,20.0,right,3479
9,0.003,19.0,20.0,wrong_paired,19
9,0.003,19.0,20.0,wrong_partner_unseen,55
9,0.003,21.0,22.0,right,1793
9,0.003,21.0,22.0,wrong_alone,1
9,0.003,21.0,22.0,wrong_paired,28
9,0.003,21.0,22.0,wrong_partner_unseen,4
9,0.003,23.0,24.0,right,519
9,0.003,23.0,24.0,wrong_paired,8
9,0.003,23.0,24.0,wrong_partner_unseen,1
9,0.003,26.0,27.0,right,2560
9,0.003,26.0,27.0,wrong_alone,1
9,0.003,26.0,27.0,wrong_paired,37
9,0.003,26.0,27.0,wrong_partner_unseen,15
9,0.003,28.0,29.0,right,615
9,0.003,28.0,29.0,wrong_paired,11
9,0.003,28.0,29.0,wrong_partner_unseen,2
9,0.003,30.0,31.0,right,1066
9,0.003,30.0,31.0,wrong_paired,18
9,0.003,30.0,31.0,wrong_partner_unseen,2
9,0.003,32.0,33.0,right,1383
9,0.003,32.0,33.0,wrong_paired,19
9,0.003,32.0,33.0,wrong_partner_unseen,3
9,0.003,34.0,35.0,right,2351
9,0.003,34.0,35.0,wrong_paired,35
9,0.003,34.0,35.0,wrong_partner_unseen,1
9,0.003,36.0,37.0,right,1775
9,0.003,36.0,37.0,wrong_paired,30
9,0.003,36.0,37.0,wrong_partner_unseen,10
9,0.003,39.0,40.0,right,31073
9,0.003,39.0,40.0,wrong_alone,4
9,0.003,39.0,40.0,wrong_paired,473
9,0.003,39.0,40.0,wrong_partner_unseen,79
9,0.003,41.0,42.0,right,14
9,0.003,41.0,42.0,wrong_paired,1
9,0.003,43.0,44.0,right,14
9,0.003,45.0,46.0,right,22
9,0.003,45.0,46.0,wrong_paired,1
9,0.003,47.0,48.0,right,24
9,0.003,49.0,50.0,right,37
9,0.003,49.0,50.0,wrong_paired,1
9,0.003,52.0,53.0,right,29
9,0.003,52.0,53.0,wrong_paired,1
9,0.003,54.0,55.0,right,39
9,0.003,54.0,55.0,wrong_paired,1
9,0.003,56.0,57.0,right,63
9,0.003,56.0,57.0,wrong_paired,1
9,0.003,58.0,59.0,right,54
9,0.003,60.0,61.0,right,57
9,0.003,62.0,63.0,right,67
9,0.003,62.0,63.0,wrong_paired,2
9,0.003,65.0,66.0,right,78
9,0.003,67.0,68.0,right,89
9,0.003,69.0,70.0,right,87
9,0.003,69.0,70.0,wrong_paired,1
9,0.003,71.0,72.0,right,102
9,0.003,71.0,72.0,wrong_paired,2
9,0.003,73.0,74.0,right,91
9,0.003,73.0,74.0,wrong_paired,1
9,0.003,76.0,77.0,right,117
9,0.003,76.0,77.0,wrong_paired,3
9,0.003,78.0,79.0,right,109
9,0.003,78.0,79.0,wrong_paired,3
9,0.003,80.0,81.0,right,131
9,0.003,80.0,81.0,wrong_paired,1
9,0.003,82.0,83.0,right,145
9,0.003,82.0,83.0,wrong_paired,4
9,0.003,84.0,85.0,right,124
9,0.003,84.0,85.0,wrong_paired,2
9,0.003,86.0,87.0,right,138
9,0.003,86.0,87.0,wrong_paired,4
9,0.003,89.0,90.0,right,116
9,0.003,91.0,92.0,right,127
9,0.003,91.0,92.0,wrong_paired,3
9,0.003,93.0,94.0,right,121
9,0.003,93.0,94.0,wrong_paired,5
9,0.003,95.0,96.0,right,154
9,0.003,95.0,96.0,wrong_paired,1
9,0.003,97.0,98.0,right,189
9,0.003,97.0,98.0,wrong_paired,1
9,0.003,99.0,100.0,right,205
9,0.003,99.0,100.0,wrong_paired,3
9,0.003,102.0,103.0,right,202
9,0.003,102.0,103.0,wrong_paired,3
9,0.003,104.0,105.0,right,192
9,0.003,104.0,105.0,wrong_paired,4
9,0.003,106.0,107.0,right,184
9,0.003,106.0,107.0,wrong_paired,2
9,0.003,108.0,109.0,right,160
9,0.003,108.0,109.0,wrong_paired,1
9,0.003,110.0,111.0,right,164
9,0.003,110.0,111.0,wrong_paired,4
9,0.003,112.0,113.0,right,130
9,0.003,115.0,116.0,right,121
9,0.003,117.0,118.0,right,111
9,0.003,117.0,118.0,wrong_paired,1
9,0.003,119.0,120.0,right,109
9,0.003,119.0,120.0,wrong_paired,4
9,0.003,121.0,122.0,right,107
9,0.003,121.0,122.0,wrong_paired,1
9,0.003,123.0,124.0,right,124
9,0.003,123.0,124.0,wrong_paired,3
9,0.003,125.0,126.0,right,131
9,0.003,125.0,126.0,wrong_paired,3
9,0.003,128.0,129.0,right,138
9,0.003,128.0,129.0,wrong_paired,4
9,0.003,130.0,131.0,right,104
9,0.003,130.0,131.0,wrong_paired,1
9,0.003,132.0,133.0,right,54
9,0.003,132.0,133.0,wrong_paired,1
9,0.003,134.0,135.0,right,48
9,0.003,134.0,135.0,wrong_paired,1
9,0.003,136.0,137.0,right,39
9,0.003,136.0,137.0,wrong_paired,2
9,0.003,138.0,139.0,right,54
9,0.003,138.0,139.0,wrong_paired,1
9,0.003,141.0,142.0,right,130
9,0.003,141.0,142.0,wrong_paired,2
9,0.003,143.0,144.0,right,202
9,0.003,143.0,144.0,wrong_paired,1
9,0.003,145.0,146.0,right,415
9,0.003,147.0,148.0,right,374
9,0.003,147.0,148.0,wrong_paired,1
9,0.003,149.0,150.0,right,307
9,0.003,152.0,153.0,right,119
9,0.003,154.0,155.0,right,115
9,0.003,154.0,155.0,wrong_paired,4
9,0.003,156.0,157.0,right,72
9,0.003,156.0,157.0,wrong_paired,2
9,0.003,158.0,159.0,right,82
9,0.003,158.0,159.0,wrong_paired,1
9,0.003,160.0,161.0,right,73
9,0.003,160.0,161.0,wrong_paired,5
9,0.003,162.0,163.0,right,16
9,0.003,165.0,166.0,right,6
9,0.003,167.0,168.0,right,24
9,0.003,169.0,170.0,right,214
9,0.003,171.0,172.0,right,116
9,0.003,173.0,174.0,right,94
9,0.003,188.0,189.0,right,1204
9,0.004,0.0,1.0,right,539
9,0.004,0.0,1.0,wrong_paired,6
9,0.004,0.0,1.0,wrong_partner_unseen,23
9,0.004,2.0,3.0,right,772
9,0.004,2.0,3.0,wrong_paired,7
9,0.004,2.0,3.0,wrong_partner_unseen,45
9,0.004,4.0,5.0,right,2096
9,0.004,4.0,5.0,wrong_paired,6
9,0.004,4.0,5.0,wrong_partner_unseen,80
9,0.004,6.0,7.0,right,153
9,0.004,6.0,7.0,wrong_partner_unseen,9
9,0.004,8.0,9.0,right,286
9,0.004,8.0,9.0,wrong_paired,2
9,0.004,8.0,9.0,wrong_partner_unseen,17
9,0.004,10.0,11.0,right,539
9,0.004,10.0,11.0,wrong_paired,8
9,0.004,10.0,11.0,wrong_partner_unseen,18
9,0.004,13.0,14.0,right,241
9,0.004,13.0,14.0,wrong_paired,1
9,0.004,13.0,14.0,wrong_partner_unseen,15
9,0.004,15.0,16.0,right,1657
9,0.004,15.0,16.0,wrong_paired,14
9,0.004,15.0,16.0,wrong_partner_unseen,54
9,0.004,17.0,18.0,right,313
9,0.004,17.0,18.0,wrong_paired,3
9,0.004,17.0,18.0,wrong_partner_unseen,8
9,0.004,19.0,20.0,right,606
9,0.004,19.0,20.0,wrong_paired,2
9,0.004,19.0,20.0,wrong_partner_unseen,16
9,0.004,21.0,22.0,right,258
9,0.004,21.0,22.0,wrong_paired,8
9,0.004,21.0,22.0,wrong_partner_unseen,6
9,0.004,23.0,24.0,right,568
9,0.004,23.0,24.0,wrong_paired,23
9,0.004,23.0,24.0,wrong_partner_unseen,2
9,0.004,26.0,27.0,right,144
9,0.004,26.0,27.0,wrong_paired,11
9,0.004,26.0,27.0,wrong_partner_unseen,4
9,0.004,28.0,29.0,right,295
9,0.004,28.0,29.0,wrong_alone,1
9,0.004,28.0,29.0,wrong_paired,7
9,0.004,28.0,29.0,wrong_partner_unseen,3
9,0.004,30.0,31.0,right,522
9,0.004,30.0,31.0,wrong_alone,1
9,0.004,30.0,31.0,wrong_paired,5
9,0.004,30.0,31.0,wrong_partner_unseen,5
9,0.004,32.0,33.0,right,217
9,0.004,32.0,33.0,wrong_paired,3
9,0.004,32.0,33.0,wrong_partner_unseen,2
9,0.004,34.0,35.0,right,4877
9,0.004,34.0,35.0,wrong_paired,139
9,0.004,34.0,35.0,wrong_partner_unseen,28
9,0.004,36.0,37.0,right,6
9,0.004,39.0,40.0,right,10
9,0.004,41.0,42.0,right,5
9,0.004,43.0,44.0,right,8
9,0.004,43.0,44.0,wrong_paired,2
9,0.004,45.0,46.0,right,13
9,0.004,45.0,46.0,wrong_paired,1
9,0.004,47.0,48.0,right,9
9,0.004,49.0,50.0,right,13
9,0.004,52.0,53.0,right,12
9,0.004,54.0,55.0,right,9
9,0.004,56.0,57.0,right,16
9,0.004,58.0,59.0,right,24
9,0.004,58.0,59.0,wrong_paired,2
9,0.004,60.0,61.0,right,18
9,0.004,62.0,63.0,right,17
9,0.004,65.0,66.0,right,28
9,0.004,65.0,66.0,wrong_paired,1
9,0.004,67.0,68.0,right,21
9,0.004,69.0,70.0,right,23
9,0.004,71.0,72.0,right,22
9,0.004,73.0,74.0,right,29
9,0.004,73.0,74.0,wrong_paired,2
9,0.004,76.0,77.0,right,18
9,0.004,78.0,79.0,right,28
9,0.004,80.0,81.0,right,16
9,0.004,82.0,83.0,right,22
9,0.004,82.0,83.0,wrong_paired,1
9,0.004,84.0,85.0,right,35
9,0.004,86.0,87.0,right,24
9,0.004,86.0,87.0,wrong_paired,1
9,0.004,89.0,90.0,right,30
9,0.004,89.0,90.0,wrong_paired,1
9,0.004,91.0,92.0,right,19
9,0.004,93.0,94.0,right,24
9,0.004,93.0,94.0,wrong_paired,2
9,0.004,95.0,96.0,right,22
9,0.004,97.0,98.0,right,28
9,0.004,97.0,98.0,wrong_paired,1
9,0.004,99.0,100.0,right,23
9,0.004,102.0,103.0,right,27
9,0.004,102.0,103.0,wrong_paired,1
9,0.004,104.0,105.0,right,33
9,0.004,106.0,107.0,right,13
9,0.004,108.0,109.0,right,26
9,0.004,108.0,109.0,wrong_paired,1
9,0.004,110.0,111.0,right,25
9,0.004,112.0,113.0,right,17
9,0.004,115.0,116.0,right,15
9,0.004,117.0,118.0,right,20
9,0.004,119.0,120.0,right,20
9,0.004,121.0,122.0,right,13
9,0.004,123.0,124.0,right,20
9,0.004,125.0,126.0,right,15
9,0.004,128.0,129.0,right,19
9,0.004,130.0,131.0,right,26
9,0.004,132.0,133.0,right,57
9,0.004,134.0,135.0,right,38
9,0.004,136.0,137.0,right,35
9,0.004,138.0,139.0,right,40
9,0.004,141.0,142.0,right,35
9,0.004,143.0,144.0,right,6
9,0.004,145.0,146.0,right,29
9,0.004,145.0,146.0,wrong_paired,1
9,0.004,147.0,148.0,right,6
9,0.004,149.0,150.0,right,14
9,0.004,149.0,150.0,wrong_paired,1
9,0.004,152.0,153.0,right,33
9,0.004,152.0,153.0,wrong_paired,1
9,0.004,154.0,155.0,right,9
9,0.004,156.0,157.0,right,18
9,0.004,158.0,159.0,right,7
9,0.004,160.0,161.0,right,12
9,0.004,162.0,163.0,right,2
9,0.004,162.0,163.0,wrong_paired,1
9,0.004,167.0,168.0,right,2
9,0.004,169.0,170.0,right,1
9,0.004,171.0,172.0,right,143
9,0.004,171.0,172.0,wrong_paired,1
9,0.005,0.0,1.0,right,282
9,0.005,0.0,1.0,wrong_paired,2
9,0.005,0.0,1.0,wrong_partner_unseen,23
9,0.005,2.0,3.0,right,169
9,0.005,2.0,3.0,wrong_partner_unseen,20
9,0.005,4.0,5.0,right,981
9,0.005,4.0,5.0,wrong_paired,6
9,0.005,4.0,5.0,wrong_partner_unseen,64
9,0.005,6.0,7.0,right,212
9,0.005,6.0,7.0,wrong_paired,2
9,0.005,6.0,7.0,wrong_partner_unseen,11
9,0.005,8.0,9.0,right,137
9,0.005,8.0,9.0,wrong_partner_unseen,8
9,0.005,10.0,11.0,right,244
9,0.005,10.0,11.0,wrong_partner_unseen,7
9,0.005,13.0,14.0,right,315
9,0.005,13.0,14.0,wrong_paired,3
9,0.005,13.0,14.0,wrong_partner_unseen,11
9,0.005,15.0,16.0,right,319
9,0.005,15.0,16.0,wrong_paired,2
9,0.005,15.0,16.0,wrong_partner_unseen,19
9,0.005,17.0,18.0,right,298
9,0.005,17.0,18.0,wrong_paired,4
9,0.005,17.0,18.0,wrong_partner_unseen,9
9,0.005,19.0,20.0,right,183
9,0.005,19.0,20.0,wrong_paired,1
9,0.005,19.0,20.0,wrong_partner_unseen,8
9,0.005,21.0,22.0,right,100
9,0.005,21.0,22.0,wrong_paired,2
9,0.005,21.0,22.0,wrong_partner_unseen,1
9,0.005,23.0,24.0,right,241
9,0.005,23.0,24.0,wrong_alone,1
9,0.005,23.0,24.0,wrong_paired,11
9,0.005,23.0,24.0,wrong_partner_unseen,8
9,0.005,26.0,27.0,right,124
9,0.005,26.0,27.0,wrong_paired,7
9,0.005,28.0,29.0,right,125
9,0.005,28.0,29.0,wrong_paired,10
9,0.005,28.0,29.0,wrong_partner_unseen,1
9,0.005,30.0,31.0,right,175
9,0.005,30.0,31.0,wrong_paired,5
9,0.005,30.0,31.0,wrong_partner_unseen,1
9,0.005,32.0,33.0,right,140
9,0.005,32.0,33.0,wrong_paired,2
9,0.005,32.0,33.0,wrong_partner_unseen,2
9,0.005,34.0,35.0,right,969
9,0.005,34.0,35.0,wrong_paired,43
9,0.005,34.0,35.0,wrong_partner_unseen,5
9,0.005,36.0,37.0,right,1
9,0.005,39.0,40.0,right,2
9,0.005,41.0,42.0,right,3
9,0.005,43.0,44.0,right,4
9,0.005,45.0,46.0,right,4
9,0.005,45.0,46.0,wrong_paired,1
9,0.005,47.0,48.0,right,6
9,0.005,47.0,48.0,wrong_paired,1
9,0.005,49.0,50.0,right,4
9,0.005,52.0,53.0,right,7
9,0.005,54.0,55.0,right,9
9,0.005,56.0,57.0,right,8
9,0.005,58.0,59.0,right,4
9,0.005,60.0,61.0,right,3
9,0.005,60.0,61.0,wrong_paired,1
9,0.005,62.0,63.0,right,10
9,0.005,65.0,66.0,right,5
9,0.005,67.0,68.0,right,8
9,0.005,67.0,68.0,wrong_paired,3
9,0.005,69.0,70.0,right,10
9,0.005,71.0,72.0,right,13
9,0.005,71.0,72.0,wrong_paired,1
9,0.005,73.0,74.0,right,6
9,0.005,76.0,77.0,right,3
9,0.005,76.0,77.0,wrong_paired,1
9,0.005,78.0,79.0,right,10
9,0.005,80.0,81.0,right,9
9,0.005,82.0,83.0,right,4
9,0.005,84.0,85.0,right,6
9,0.005,86.0,87.0,right,6
9,0.005,89.0,90.0,right,9
9,0.005,89.0,90.0,wrong_paired,1
9,0.005,91.0,92.0,right,5
9,0.005,93.0,94.0,right,6
9,0.005,95.0,96.0,right,9
9,0.005,97.0,98.0,right,2
9,0.005,99.0,100.0,right,7
9,0.005,102.0,103.0,right,11
9,0.005,104.0,105.0,right,5
9,0.005,106.0,107.0,right,5
9,0.005,108.0,109.0,right,7
9,0.005,108.0,109.0,wrong_paired,2
9,0.005,110.0,111.0,right,3
9,0.005,112.0,113.0,right,4
9,0.005,115.0,116.0,right,6
9,0.005,117.0,118.0,right,5
9,0.005,119.0,120.0,right,5
9,0.005,121.0,122.0,right,3
9,0.005,123.0,124.0,right,1
9,0.005,125.0,126.0,right,8
9,0.005,128.0,129.0,right,9
9,0.005,128.0,129.0,wrong_paired,1
9,0.005,130.0,131.0,right,23
9,0.005,132.0,133.0,right,18
9,0.005,134.0,135.0,right,6
9,0.005,136.0,137.0,right,3
9,0.005,138.0,139.0,right,4
9,0.005,138.0,139.0,wrong_paired,1
9,0.005,141.0,142.0,right,2
9,0.005,141.0,142.0,wrong_paired,1
9,0.005,143.0,144.0,right,1
9,0.005,145.0,146.0,right,1
9,0.005,149.0,150.0,right,1
9,0.005,152.0,153.0,right,6
9,0.005,154.0,155.0,right,4
9,0.005,156.0,157.0,right,1
9,0.005,169.0,170.0,right,21
11,0.002,0.0,1.0,right,34453
11,0.002,0.0,1.0,wrong_paired,102
11,0.002,0.0,1.0,wrong_partner_unseen,452
11,0.002,2.0,3.0,right,20038
11,0.002,2.0,3.0,wrong_paired,70
11,0.002,2.0,3.0,wrong_partner_unseen,251
11,0.002,4.0,5.0,right,246968
11,0.002,4.0,5.0,wrong_paired,806
11,0.002,4.0,5.0,wrong_partner_unseen,3095
11,0.002,6.0,7.0,right,7560
11,0.002,6.0,7.0,wrong_paired,30
11,0.002,6.0,7.0,wrong_partner_unseen,72
11,0.002,8.0,9.0,right,2577
11,0.002,8.0,9.0,wrong_paired,17
11,0.002,8.0,9.0,wrong_partner_unseen,31
11,0.002,10.0,11.0,right,27434
11,0.002,10.0,11.0,wrong_paired,123
11,0.002,10.0,11.0,wrong_partner_unseen,255
11,0.002,13.0,14.0,right,7590
11,0.002,13.0,14.0,wrong_paired,32
11,0.002,13.0,14.0,wrong_partner_unseen,104
11,0.002,15.0,16.0,right,42101
11,0.002,15.0,16.0,wrong_paired,135
11,0.002,15.0,16.0,wrong_partner_unseen,464
11,0.002,17.0,18.0,right,20850
11,0.002,17.0,18.0,wrong_paired,111
11,0.002,17.0,18.0,wrong_partner_unseen,196
11,0.002,19.0,20.0,right,234492
11,0.002,19.0,20.0,wrong_paired,852
11,0.002,19.0,20.0,wrong_partner_unseen,2661
11,0.002,21.0,22.0,right,9915
11,0.002,21.0,22.0,wrong_alone,3
11,0.002,21.0,22.0,wrong_paired,101
11,0.002,21.0,22.0,wrong_partner_unseen,26
11,0.002,23.0,24.0,right,43633
11,0.002,23.0,24.0,wrong_alone,3
11,0.002,23.0,24.0,wrong_paired,533
11,0.002,23.0,24.0,wrong_partner_unseen,107
11,0.002,26.0,27.0,right,3201
11,0.002,26.0,27.0,wrong_paired,38
11,0.002,26.0,27.0,wrong_partner_unseen,4
11,0.002,28.0,29.0,right,79698
11,0.002,28.0,29.0,wrong_alone,7
11,0.002,28.0,29.0,wrong_paired,977
11,0.002,28.0,29.0,wrong_partner_unseen,171
11,0.002,30.0,31.0,right,2839
11,0.002,30.0,31.0,wrong_paired,35
11,0.002,30.0,31.0,wrong_partner_unseen,6
11,0.002,32.0,33.0,right,27023
11,0.002,32.0,33.0,wrong_paired,330
11,0.002,32.0,33.0,wrong_partner_unseen,51
11,0.002,34.0,35.0,right,12350
11,0.002,34.0,35.0,wrong_paired,166
11,0.002,34.0,35.0,wrong_partner_unseen,36
11,0.002,36.0,37.0,right,62299
11,0.002,36.0,37.0,wrong_alone,3
11,0.002,36.0,37.0,wrong_paired,749
11,0.002,36.0,37.0,wrong_partner_unseen,153
11,0.002,39.0,40.0,right,11953
11,0.002,39.0,40.0,wrong_paired,169
11,0.002,39.0,40.0,wrong_partner_unseen,23
11,0.002,41.0,42.0,right,165380
11,0.002,41.0,42.0,wrong_alone,16
11,0.002,41.0,42.0,wrong_paired,1975
11,0.002,41.0,42.0,wrong_partner_unseen,322
11,0.002,43.0,44.0,right,1226150
11,0.002,43.0,44.0,wrong_alone,79
11,0.002,43.0,44.0,wrong_paired,15576
11,0.002,43.0,44.0,wrong_partner_unseen,1511
11,0.002,45.0,46.0,right,42
11,0.002,47.0,48.0,right,86
11,0.002,47.0,48.0,wrong_paired,4
11,0.002,49.0,50.0,right,47
11,0.002,52.0,53.0,right,151
11,0.002,52.0,53.0,wrong_paired,6
11,0.002,54.0,55.0,right,69
11,0.002,56.0,57.0,right,196
11,0.002,56.0,57.0,wrong_paired,6
11,0.002,58.0,59.0,right,109
11,0.002,58.0,59.0,wrong_paired,6
11,0.002,60.0,61.0,right,324
11,0.002,60.0,61.0,wrong_paired,14
11,0.002,62.0,63.0,right,149
11,0.002,62.0,63.0,wrong_paired,2
11,0.002,65.0,66.0,right,421
11,0.002,65.0,66.0,wrong_alone,2
11,0.002,65.0,66.0,wrong_paired,8
11,0.002,67.0,68.0,right,164
11,0.002,67.0,68.0,wrong_paired,3
11,0.002,69.0,70.0,right,572
11,0.002,69.0,70.0,wrong_paired,11
11,0.002,71.0,72.0,right,200
11,0.002,71.0,72.0,wrong_paired,4
11,0.002,73.0,74.0,right,750
11,0.002,73.0,74.0,wrong_paired,13
11,0.002,76.0,77.0,right,332
11,0.002,76.0,77.0,wrong_paired,4
11,0.002,78.0,79.0,right,1015
11,0.002,78.0,79.0,wrong_paired,15
11,0.002,80.0,81.0,right,422
11,0.002,80.0,81.0,wrong_paired,3
11,0.002,82.0,83.0,right,1329
11,0.002,82.0,83.0,wrong_paired,27
11,0.002,84.0,85.0,right,612
11,0.002,84.0,85.0,wrong_paired,11
11,0.002,86.0,87.0,right,1653
11,0.002,86.0,87.0,wrong_paired,32
11,0.002,89.0,90.0,right,724
11,0.002,89.0,90.0,wrong_paired,10
11,0.002,91.0,92.0,right,2135
11,0.002,91.0,92.0,wrong_paired,38
11,0.002,93.0,94.0,right,936
11,0.002,93.0,94.0,wrong_paired,21
11,0.002,95.0,96.0,right,2601
11,0.002,95.0,96.0,wrong_paired,44
11,0.002,97.0,98.0,right,1209
11,0.002,97.0,98.0,wrong_alone,1
11,0.002,97.0,98.0,wrong_paired,24
11,0.002,99.0,100.0,right,3343
11,0.002,99.0,100.0,wrong_paired,60
11,0.002,102.0,103.0,right,1436
11,0.002,102.0,103.0,wrong_paired,21
11,0.002,104.0,105.0,right,4229
11,0.002,104.0,105.0,wrong_paired,68
11,0.002,106.0,107.0,right,1775
11,0.002,106.0,107.0,wrong_paired,31
11,0.002,108.0,109.0,right,5169
11,0.002,108.0,109.0,wrong_alone,1
11,0.002,108.0,109.0,wrong_paired,94
11,0.002,110.0,111.0,right,2222
11,0.002,110.0,111.0,wrong_paired,37
11,0.002,112.0,113.0,right,5755
11,0.002,112.0,113.0,wrong_paired,98
11,0.002,115.0,116.0,right,2642
11,0.002,115.0,116.0,wrong_paired,40
11,0.002,117.0,118.0,right,6574
11,0.002,117.0,118.0,wrong_paired,106
11,0.002,119.0,120.0,right,2779
11,0.002,119.0,120.0,wrong_alone,1
11,0.002,119.0,120.0,wrong_paired,49
11,0.002,121.0,122.0,right,7388
11,0.002,121.0,122.0,wrong_alone,1
11,0.002,121.0,122.0,wrong_paired,134
11,0.002,123.0,124.0,right,3138
11,0.002,123.0,124.0,wrong_alone,1
11,0.002,123.0,124.0,wrong_paired,51
11,0.002,125.0,126.0,right,8033
11,0.002,125.0,126.0,wrong_paired,123
11,0.002,128.0,129.0,right,3421
11,0.002,128.0,129.0,wrong_paired,44
11,0.002,130.0,131.0,right,8305
11,0.002,130.0,131.0,wrong_paired,141
11,0.002,132.0,133.0,right,3874
11,0.002,132.0,133.0,wrong_paired,40
11,0.002,134.0,135.0,right,8468
11,0.002,134.0,135.0,wrong_alone,1
11,0.002,134.0,135.0,wrong_paired,130
11,0.002,136.0,137.0,right,3713
11,0.002,136.0,137.0,wrong_paired,46
11,0.002,138.0,139.0,right,8516
11,0.002,138.0,139.0,wrong_alone,1
11,0.002,138.0,139.0,wrong_paired,129
11,0.002,141.0,142.0,right,3640
11,0.002,141.0,142.0,wrong_paired,61
11,0.002,143.0,144.0,right,8944
11,0.002,143.0,144.0,wrong_alone,1
11,0.002,143.0,144.0,wrong_paired,125
11,0.002,145.0,146.0,right,3492
11,0.002,145.0,146.0,wrong_paired,47
11,0.002,147.0,148.0,right,9373
11,0.002,147.0,148.0,wrong_paired,144
11,0.002,149.0,150.0,right,3708
11,0.002,149.0,150.0,wrong_paired,40
11,0.002,152.0,153.0,right,9847
11,0.002,152.0,153.0,wrong_alone,1
11,0.002,152.0,153.0,wrong_paired,122
11,0.002,154.0,155.0,right,4088
11,0.002,154.0,155.0,wrong_alone,1
11,0.002,154.0,155.0,wrong_paired,40
11,0.002,156.0,157.0,right,9285
11,0.002,156.0,157.0,wrong_paired,122
11,0.002,158.0,159.0,right,4151
11,0.002,158.0,159.0,wrong_paired,29
11,0.002,160.0,161.0,right,7870
11,0.002,160.0,161.0,wrong_alone,1
11,0.002,160.0,161.0,wrong_paired,131
11,0.002,162.0,163.0,right,3917
11,0.002,162.0,163.0,wrong_paired,46
11,0.002,165.0,166.0,right,6429
11,0.002,165.0,166.0,wrong_paired,85
11,0.002,167.0,168.0,right,3105
11,0.002,167.0,168.0,wrong_paired,44
11,0.002,169.0,170.0,right,5564
11,0.002,169.0,170.0,wrong_paired,84
11,0.002,171.0,172.0,right,2861
11,0.002,171.0,172.0,wrong_alone,1
11,0.002,171.0,172.0,wrong_paired,45
11,0.002,173.0,174.0,right,5244
11,0.002,173.0,174.0,wrong_alone,2
11,0.002,173.0,174.0,wrong_paired,87
11,0.002,175.0,176.0,right,2830
11,0.002,175.0,176.0,wrong_paired,29
11,0.002,178.0,179.0,right,4925
11,0.002,178.0,179.0,wrong_paired,58
11,0.002,180.0,181.0,right,2772
11,0.002,180.0,181.0,wrong_paired,27
11,0.002,182.0,183.0,right,4059
11,0.002,182.0,183.0,wrong_paired,51
11,0.002,184.0,185.0,right,2525
11,0.002,184.0,185.0,wrong_paired,16
11,0.002,186.0,187.0,right,5900
11,0.002,186.0,187.0,wrong_paired,59
11,0.002,188.0,189.0,right,2080
11,0.002,188.0,189.0,wrong_paired,17
11,0.002,191.0,192.0,right,6263
11,0.002,191.0,192.0,wrong_alone,1
11,0.002,191.0,192.0,wrong_paired,36
11,0.002,193.0,194.0,right,3517
11,0.002,193.0,194.0,wrong_paired,18
11,0.002,195.0,196.0,right,13780
11,0.002,195.0,196.0,wrong_alone,1
11,0.002,195.0,196.0,wrong_paired,56
11,0.002,197.0,198.0,right,4096
11,0.002,197.0,198.0,wrong_paired,18
11,0.002,199.0,200.0,right,13821
11,0.002,199.0,200.0,wrong_paired,129
11,0.002,201.0,202.0,right,6280
11,0.002,201.0,202.0,wrong_paired,13
11,0.002,204.0,205.0,right,8941
11,0.002,204.0,205.0,wrong_alone,1
11,0.002,204.0,205.0,wrong_paired,100
11,0.002,206.0,207.0,right,5770
11,0.002,206.0,207.0,wrong_paired,16
11,0.002,208.0,209.0,right,6588
11,0.002,208.0,209.0,wrong_paired,89
11,0.002,210.0,211.0,right,3228
11,0.002,210.0,211.0,wrong_paired,3
11,0.002,212.0,213.0,right,3619
11,0.002,212.0,213.0,wrong_paired,72
11,0.002,214.0,215.0,right,2367
11,0.002,214.0,215.0,wrong_paired,4
11,0.002,217.0,218.0,right,8391
11,0.002,217.0,218.0,wrong_alone,1
11,0.002,217.0,218.0,wrong_paired,94
11,0.002,219.0,220.0,right,1142
11,0.002,219.0,220.0,wrong_paired,3
11,0.002,221.0,222.0,right,5224
11,0.002,221.0,222.0,wrong_paired,1
11,0.002,223.0,224.0,right,1099
11,0.002,223.0,224.0,wrong_paired,2
11,0.002,225.0,226.0,right,3135
11,0.002,225.0,226.0,wrong_paired,1
11,0.002,228.0,229.0,right,672
11,0.002,230.0,231.0,right,1763
11,0.002,230.0,231.0,wrong_paired,2
11,0.002,232.0,233.0,right,604
11,0.002,232.0,233.0,wrong_paired,3
11,0.002,234.0,235.0,right,549
11,0.002,238.0,239.0,right,49583
11,0.002,238.0,239.0,wrong_paired,16
11,0.003,0.0,1.0,right,4958
11,0.003,0.0,1.0,wrong_paired,20
11,0.003,0.0,1.0,wrong_partner_unseen,107
11,0.003,2.0,3.0,right,2132
11,0.003,2.0,3.0,wrong_paired,12
11,0.003,2.0,3.0,wrong_partner_unseen,64
11,0.003,4.0,5.0,right,28177
11,0.003,4.0,5.0,wrong_paired,116
11,0.003,4.0,5.0,wrong_partner_unseen,684
11,0.003,6.0,7.0,right,1095
11,0.003,6.0,7.0,wrong_paired,1
11,0.003,6.0,7.0,wrong_partner_unseen,21
11,0.003,8.0,9.0,right,3119
11,0.003,8.0,9.0,wrong_paired,15
11,0.003,8.0,9.0,wrong_partner_unseen,81
11,0.003,10.0,11.0,right,1693
11,0.003,10.0,11.0,wrong_paired,10
11,0.003,10.0,11.0,wrong_partner_unseen,35
11,0.003,13.0,14.0,right,5187
11,0.003,13.0,14.0,wrong_paired,34
11,0.003,13.0,14.0,wrong_partner_unseen,118
11,0.003,15.0,16.0,right,7575
11,0.003,15.0,16.0,wrong_paired,47
11,0.003,15.0,16.0,wrong_partner_unseen,172
11,0.003,17.0,18.0,right,9359
11,0.003,17.0,18.0,wrong_paired,41
11,0.003,17.0,18.0,wrong_partner_unseen,242
11,0.003,19.0,20.0,right,10810
11,0.003,19.0,20.0,wrong_paired,56
11,0.003,19.0,20.0,wrong_partner_unseen,233
11,0.003,21.0,22.0,right,4464
11,0.003,21.0,22.0,wrong_paired,89
11,0.003,21.0,22.0,wrong_partner_unseen,29
11,0.003,23.0,24.0,right,1398
11,0.003,23.0,24.0,wrong_alone,2
11,0.003,23.0,24.0,wrong_paired,25
11,0.003,23.0,24.0,wrong_partner_unseen,13
11,0.003,26.0,27.0,right,7363
11,0.003,26.0,27.0,wrong_alone,1
11,0.003,26.0,27.0,wrong_paired,127
11,0.003,26.0,27.0,wrong_partner_unseen,41
11,0.003,28.0,29.0,right,1476
11,0.003,28.0,29.0,wrong_alone,1
11,0.003,28.0,29.0,wrong_paired,35
11,0.003,28.0,29.0,wrong_partner_unseen,11
11,0.003,30.0,31.0,right,2817
11,0.003,30.0,31.0,wrong_paired,62
11,0.003,30.0,31.0,wrong_partner_unseen,24
11,0.003,32.0,33.0,right,3597
11,0.003,32.0,33.0,wrong_alone,1
11,0.003,32.0,33.0,wrong_paired,72
11,0.003,32.0,33.0,wrong_partner_unseen,21
11,0.003,34.0,35.0,right,6461
11,0.003,34.0,35.0,wrong_paired,114
11,0.003,34.0,35.0,wrong_partner_unseen,37
11,0.003,36.0,37.0,right,4852
11,0.003,36.0,37.0,wrong_alone,2
11,0.003,36.0,37.0,wrong_paired,101
11,0.003,36.0,37.0,wrong_partner_unseen,24
11,0.003,39.0,40.0,right,72511
11,0.003,39.0,40.0,wrong_alone,8
11,0.003,39.0,40.0,wrong_paired,1451
11,0.003,39.0,40.0,wrong_partner_unseen,230
11,0.003,41.0,42.0,right,14
11,0.003,41.0,42.0,wrong_paired,1
11,0.003,43.0,44.0,right,27
11,0.003,43.0,44.0,wrong_paired,1
11,0.003,45.0,46.0,right,25
11,0.003,45.0,46.0,wrong_paired,1
11,0.003,47.0,48.0,right,37
11,0.003,49.0,50.0,right,40
11,0.003,49.0,50.0,wrong_paired,1
11,0.003,52.0,53.0,right,39
11,0.003,52.0,53.0,wrong_paired,1
11,0.003,54.0,55.0,right,52
11,0.003,54.0,55.0,wrong_paired,1
11,0.003,56.0,57.0,right,66
11,0.003,56.0,57.0,wrong_paired,1
11,0.003,58.0,59.0,right,76
11,0.003,58.0,59.0,wrong_paired,3
11,0.003,60.0,61.0,right,84
11,0.003,60.0,61.0,wrong_paired,2
11,0.003,62.0,63.0,right,101
11,0.003,62.0,63.0,wrong_paired,1
11,0.003,65.0,66.0,right,118
11,0.003,65.0,66.0,wrong_paired,2
11,0.003,67.0,68.0,right,111
11,0.003,67.0,68.0,wrong_paired,7
11,0.003,69.0,70.0,right,145
11,0.003,69.0,70.0,wrong_paired,4
11,0.003,71.0,72.0,right,145
11,0.003,71.0,72.0,wrong_paired,2
11,0.003,73.0,74.0,right,165
11,0.003,73.0,74.0,wrong_paired,3
11,0.003,76.0,77.0,right,200
11,0.003,76.0,77.0,wrong_paired,8
11,0.003,78.0,79.0,right,177
11,0.003,78.0,79.0,wrong_paired,2
11,0.003,80.0,81.0,right,190
11,0.003,80.0,81.0,wrong_paired,7
11,0.003,82.0,83.0,right,248
11,0.003,82.0,83.0,wrong_paired,7
11,0.003,84.0,85.0,right,238
11,0.003,84.0,85.0,wrong_paired,9
11,0.003,86.0,87.0,right,276
11,0.003,86.0,87.0,wrong_paired,6
11,0.003,89.0,90.0,right,278
11,0.003,89.0,90.0,wrong_paired,8
11,0.003,91.0,92.0,right,275
11,0.003,91.0,92.0,wrong_paired,5
11,0.003,93.0,94.0,right,280
11,0.003,93.0,94.0,wrong_paired,8
11,0.003,95.0,96.0,right,317
11,0.003,95.0,96.0,wrong_alone,1
11,0.003,95.0,96.0,wrong_paired,7
11,0.003,97.0,98.0,right,337
11,0.003,97.0,98.0,wrong_paired,8
11,0.003,99.0,100.0,right,407
11,0.003,99.0,100.0,wrong_paired,8
11,0.003,102.0,103.0,right,390
11,0.003,102.0,103.0,wrong_paired,14
11,0.003,104.0,105.0,right,436
11,0.003,104.0,105.0,wrong_paired,8
11,0.003,106.0,107.0,right,396
11,0.003,106.0,107.0,wrong_alone,1
11,0.003,106.0,107.0,wrong_paired,9
11,0.003,108.0,109.0,right,423
11,0.003,108.0,109.0,wrong_paired,9
11,0.003,110.0,111.0,right,384
11,0.003,110.0,111.0,wrong_paired,8
11,0.003,112.0,113.0,right,364
11,0.003,112.0,113.0,wrong_paired,7
11,0.003,115.0,116.0,right,336
11,0.003,115.0,116.0,wrong_paired,15
11,0.003,117.0,118.0,right,346
11,0.003,117.0,118.0,wrong_alone,1
11,0.003,117.0,118.0,wrong_paired,4
11,0.003,119.0,120.0,right,355
11,0.003,119.0,120.0,wrong_paired,6
11,0.003,121.0,122.0,right,396
11,0.003,121.0,122.0,wrong_paired,9
11,0.003,123.0,124.0,right,358
11,0.003,123.0,124.0,wrong_paired,9
11,0.003,125.0,126.0,right,360
11,0.003,125.0,126.0,wrong_paired,5
11,0.003,128.0,129.0,right,300
11,0.003,128.0,129.0,wrong_paired,6
11,0.003,130.0,131.0,right,293
11,0.003,130.0,131.0,wrong_paired,3
11,0.003,132.0,133.0,right,231
11,0.003,132.0,133.0,wrong_paired,3
11,0.003,134.0,135.0,right,220
11,0.003,134.0,135.0,wrong_paired,11
11,0.003,136.0,137.0,right,199
11,0.003,136.0,137.0,wrong_paired,7
11,0.003,138.0,139.0,right,243
11,0.003,138.0,139.0,wrong_paired,4
11,0.003,141.0,142.0,right,248
11,0.003,141.0,142.0,wrong_paired,5
11,0.003,143.0,144.0,right,278
11,0.003,143.0,144.0,wrong_paired,5
11,0.003,145.0,146.0,right,349
11,0.003,145.0,146.0,wrong_paired,5
11,0.003,147.0,148.0,right,394
11,0.003,149.0,150.0,right,365
11,0.003,149.0,150.0,wrong_paired,6
11,0.003,152.0,153.0,right,351
11,0.003,152.0,153.0,wrong_alone,1
11,0.003,152.0,153.0,wrong_paired,6
11,0.003,154.0,155.0,right,329
11,0.003,154.0,155.0,wrong_paired,8
11,0.003,156.0,157.0,right,284
11,0.003,156.0,157.0,wrong_paired,5
11,0.003,158.0,159.0,right,259
11,0.003,158.0,159.0,wrong_paired,3
11,0.003,160.0,161.0,right,206
11,0.003,160.0,161.0,wrong_paired,6
11,0.003,162.0,163.0,right,193
11,0.003,162.0,163.0,wrong_paired,5
11,0.003,165.0,166.0,right,255
11,0.003,165.0,166.0,wrong_alone,1
11,0.003,165.0,166.0,wrong_paired,3
11,0.003,167.0,168.0,right,249
11,0.003,169.0,170.0,right,314
11,0.003,169.0,170.0,wrong_paired,1
11,0.003,171.0,172.0,right,378
11,0.003,171.0,172.0,wrong_paired,1
11,0.003,173.0,174.0,right,316
11,0.003,173.0,174.0,wrong_paired,2
11,0.003,175.0,176.0,right,238
11,0.003,175.0,176.0,wrong_paired,6
11,0.003,178.0,179.0,right,141
11,0.003,178.0,179.0,wrong_paired,4
11,0.003,180.0,181.0,right,99
11,0.003,180.0,181.0,wrong_paired,3
11,0.003,182.0,183.0,right,145
11,0.003,182.0,183.0,wrong_paired,4
11,0.003,184.0,185.0,right,271
11,0.003,184.0,185.0,wrong_paired,6
11,0.003,186.0,187.0,right,425
11,0.003,186.0,187.0,wrong_paired,1
11,0.003,188.0,189.0,right,915
11,0.003,188.0,189.0,wrong_alone,1
11,0.003,191.0,192.0,right,820
11,0.003,191.0,192.0,wrong_alone,1
11,0.003,191.0,192.0,wrong_paired,5
11,0.003,193.0,194.0,right,720
11,0.003,193.0,194.0,wrong_paired,2
11,0.003,195.0,196.0,right,447
11,0.003,195.0,196.0,wrong_paired,1
11,0.003,197.0,198.0,right,316
11,0.003,197.0,198.0,wrong_paired,6
11,0.003,199.0,200.0,right,180
11,0.003,199.0,200.0,wrong_paired,8
11,0.003,201.0,202.0,right,99
11,0.003,201.0,202.0,wrong_alone,1
11,0.003,201.0,202.0,wrong_paired,4
11,0.003,204.0,205.0,right,158
11,0.003,204.0,205.0,wrong_paired,4
11,0.003,206.0,207.0,right,93
11,0.003,206.0,207.0,wrong_paired,5
11,0.003,208.0,209.0,right,33
11,0.003,210.0,211.0,right,58
11,0.003,212.0,213.0,right,377
11,0.003,214.0,215.0,right,246
11,0.003,217.0,218.0,right,160
11,0.003,219.0,220.0,right,126
11,0.003,232.0,233.0,right,1625
11,0.003,232.0,233.0,wrong_paired,1
11,0.004,0.0,1.0,right,993
11,0.004,0.0,1.0,wrong_paired,6
11,0.004,0.0,1.0,wrong_partner_unseen,44
11,0.004,2.0,3.0,right,1228
11,0.004,2.0,3.0,wrong_paired,7
11,0.004,2.0,3.0,wrong_partner_unseen,86
11,0.004,4.0,5.0,right,4364
11,0.004,4.0,5.0,wrong_paired,31
11,0.004,4.0,5.0,wrong_partner_unseen,191
11,0.004,6.0,7.0,right,233
11,0.004,6.0,7.0,wrong_paired,1
11,0.004,6.0,7.0,wrong_partner_unseen,14
11,0.004,8.0,9.0,right,523
11,0.004,8.0,9.0,wrong_paired,3
11,0.004,8.0,9.0,wrong_partner_unseen,26
11,0.004,10.0,11.0,right,1101
11,0.004,10.0,11.0,wrong_paired,9
11,0.004,10.0,11.0,wrong_partner_unseen,36
11,0.004,13.0,14.0,right,413
11,0.004,13.0,14.0,wrong_paired,5
11,0.004,13.0,14.0,wrong_partner_unseen,20
11,0.004,15.0,16.0,right,3105
11,0.004,15.0,16.0,wrong_paired,21
11,0.004,15.0,16.0,wrong_partner_unseen,118
11,0.004,17.0,18.0,right,472
11,0.004,17.0,18.0,wrong_paired,4
11,0.004,17.0,18.0,wrong_partner_unseen,14
11,0.004,19.0,20.0,right,875
11,0.004,19.0,20.0,wrong_paired,5
11,0.004,19.0,20.0,wrong_partner_unseen,28
11,0.004,21.0,22.0,right,439
11,0.004,21.0,22.0,wrong_alone,1
11,0.004,21.0,22.0,wrong_paired,14
11,0.004,21.0,22.0,wrong_partner_unseen,8
11,0.004,23.0,24.0,right,1066
11,0.004,23.0,24.0,wrong_alone,1
11,0.004,23.0,24.0,wrong_paired,41
11,0.004,23.0,24.0,wrong_partner_unseen,14
11,0.004,26.0,27.0,right,230
11,0.004,26.0,27.0,wrong_paired,8
11,0.004,26.0,27.0,wrong_partner_unseen,1
11,0.004,28.0,29.0,right,466
11,0.004,28.0,29.0,wrong_paired,9
11,0.004,28.0,29.0,wrong_partner_unseen,4
11,0.004,30.0,31.0,right,809
11,0.004,30.0,31.0,wrong_alone,1
11,0.004,30.0,31.0,wrong_paired,24
11,0.004,30.0,31.0,wrong_partner_unseen,7
11,0.004,32.0,33.0,right,323
11,0.004,32.0,33.0,wrong_paired,10
11,0.004,32.0,33.0,wrong_partner_unseen,2
11,0.004,34.0,35.0,right,7025
11,0.004,34.0,35.0,wrong_alone,8
11,0.004,34.0,35.0,wrong_paired,228
11,0.004,34.0,35.0,wrong_partner_unseen,60
11,0.004,36.0,37.0,right,6
11,0.004,39.0,40.0,right,9
11,0.004,41.0,42.0,right,3
11,0.004,43.0,44.0,right,12
11,0.004,45.0,46.0,right,11
11,0.004,45.0,46.0,wrong_paired,1
11,0.004,47.0,48.0,right,8
11,0.004,49.0,50.0,right,16
11,0.004,49.0,50.0,wrong_paired,1
11,0.004,52.0,53.0,right,17
11,0.004,54.0,55.0,right,15
11,0.004,56.0,57.0,right,17
11,0.004,58.0,59.0,right,20
11,0.004,60.0,61.0,right,19
11,0.004,60.0,61.0,wrong_paired,1
11,0.004,62.0,63.0,right,22
11,0.004,65.0,66.0,right,26
11,0.004,65.0,66.0,wrong_paired,1
11,0.004,67.0,68.0,right,26
11,0.004,67.0,68.0,wrong_paired,1
11,0.004,69.0,70.0,right,23
11,0.004,71.0,72.0,right,29
11,0.004,71.0,72.0,wrong_paired,2
11,0.004,73.0,74.0,right,44
11,0.004,76.0,77.0,right,35
11,0.004,76.0,77.0,wrong_paired,1
11,0.004,78.0,79.0,right,35
11,0.004,78.0,79.0,wrong_paired,5
11,0.004,80.0,81.0,right,28
11,0.004,80.0,81.0,wrong_paired,1
11,0.004,82.0,83.0,right,33
11,0.004,82.0,83.0,wrong_paired,2
11,0.004,84.0,85.0,right,29
11,0.004,84.0,85.0,wrong_paired,2
11,0.004,86.0,87.0,right,44
11,0.004,86.0,87.0,wrong_paired,1
11,0.004,89.0,90.0,right,42
11,0.004,89.0,90.0,wrong_paired,1
11,0.004,91.0,92.0,right,32
11,0.004,93.0,94.0,right,35
11,0.004,93.0,94.0,wrong_paired,2
11,0.004,95.0,96.0,right,42
11,0.004,97.0,98.0,right,21
11,0.004,99.0,100.0,right,34
11,0.004,99.0,100.0,wrong_paired,2
11,0.004,102.0,103.0,right,29
11,0.004,102.0,103.0,wrong_paired,6
11,0.004,104.0,105.0,right,30
11,0.004,104.0,105.0,wrong_alone,1
11,0.004,104.0,105.0,wrong_paired,2
11,0.004,106.0,107.0,right,25
11,0.004,106.0,107.0,wrong_paired,1
11,0.004,108.0,109.0,right,33
11,0.004,108.0,109.0,wrong_paired,3
11,0.004,110.0,111.0,right,25
11,0.004,110.0,111.0,wrong_paired,1
11,0.004,112.0,113.0,right,25
11,0.004,112.0,113.0,wrong_paired,1
11,0.004,115.0,116.0,right,24
11,0.004,117.0,118.0,right,27
11,0.004,117.0,118.0,wrong_paired,1
11,0.004,119.0,120.0,right,18
11,0.004,121.0,122.0,right,23
11,0.004,123.0,124.0,right,24
11,0.004,123.0,124.0,wrong_paired,1
11,0.004,125.0,126.0,right,24
11,0.004,125.0,126.0,wrong_paired,1
11,0.004,128.0,129.0,right,27
11,0.004,128.0,129.0,wrong_paired,1
11,0.004,130.0,131.0,right,23
11,0.004,130.0,131.0,wrong_paired,1
11,0.004,132.0,133.0,right,35
11,0.004,132.0,133.0,wrong_alone,1
11,0.004,134.0,135.0,right,25
11,0.004,136.0,137.0,right,34
11,0.004,138.0,139.0,right,28
11,0.004,138.0,139.0,wrong_paired,1
11,0.004,141.0,142.0,right,44
11,0.004,141.0,142.0,wrong_paired,1
11,0.004,143.0,144.0,right,25
11,0.004,145.0,146.0,right,34
11,0.004,145.0,146.0,wrong_paired,1
11,0.004,147.0,148.0,right,29
11,0.004,147.0,148.0,wrong_paired,3
11,0.004,149.0,150.0,right,39
11,0.004,152.0,153.0,right,44
11,0.004,154.0,155.0,right,32
11,0.004,156.0,157.0,right,35
11,0.004,158.0,159.0,right,27
11,0.004,158.0,159.0,wrong_paired,1
11,0.004,160.0,161.0,right,40
11,0.004,162.0,163.0,right,28
11,0.004,165.0,166.0,right,29
11,0.004,167.0,168.0,right,26
11,0.004,169.0,170.0,right,30
11,0.004,169.0,170.0,wrong_paired,1
11,0.004,171.0,172.0,right,48
11,0.004,171.0,172.0,wrong_paired,2
11,0.004,173.0,174.0,right,36
11,0.004,175.0,176.0,right,45
11,0.004,178.0,179.0,right,29
11,0.004,180.0,181.0,right,48
11,0.004,182.0,183.0,right,18
11,0.004,184.0,185.0,right,26
11,0.004,184.0,185.0,wrong_paired,1
11,0.004,186.0,187.0,right,4
11,0.004,188.0,189.0,right,19
11,0.004,188.0,189.0,wrong_paired,1
11,0.004,191.0,192.0,right,33
11,0.004,193.0,194.0,right,10
11,0.004,193.0,194.0,wrong_paired,1
11,0.004,195.0,196.0,right,26
11,0.004,197.0,198.0,right,2
11,0.004,199.0,200.0,right,17
11,0.004,201.0,202.0,right,4
11,0.004,204.0,205.0,right,5
11,0.004,206.0,207.0,right,2
11,0.004,210.0,211.0,right,75
11,0.005,0.0,1.0,right,363
11,0.005,0.0,1.0,wrong_paired,1
11,0.005,0.0,1.0,wrong_partner_unseen,23
11,0.005,2.0,3.0,right,255
11,0.005,2.0,3.0,wrong_partner_unseen,25
11,0.005,4.0,5.0,right,1523
11,0.005,4.0,5.0,wrong_paired,12
11,0.005,4.0,5.0,wrong_partner_unseen,100
11,0.005,6.0,7.0,right,262
11,0.005,6.0,7.0,wrong_paired,1
11,0.005,6.0,7.0,wrong_partner_unseen,27
11,0.005,8.0,9.0,right,173
11,0.005,8.0,9.0,wrong_paired,2
11,0.005,8.0,9.0,wrong_partner_unseen,10
11,0.005,10.0,11.0,right,324
11,0.005,10.0,11.0,wrong_partner_unseen,15
11,0.005,13.0,14.0,right,383
11,0.005,13.0,14.0,wrong_paired,4
11,0.005,13.0,14.0,wrong_partner_unseen,23
11,0.005,15.0,16.0,right,459
11,0.005,15.0,16.0,wrong_paired,2
11,0.005,15.0,16.0,wrong_partner_unseen,27
11,0.005,17.0,18.0,right,385
11,0.005,17.0,18.0,wrong_paired,4
11,0.005,17.0,18.0,wrong_partner_unseen,17
11,0.005,19.0,20.0,right,201
11,0.005,19.0,20.0,wrong_paired,2
11,0.005,19.0,20.0,wrong_partner_unseen,13
11,0.005,21.0,22.0,right,101
11,0.005,21.0,22.0,wrong_paired,9
11,0.005,21.0,22.0,wrong_partner_unseen,1
11,0.005,23.0,24.0,right,293
11,0.005,23.0,24.0,wrong_alone,1
11,0.005,23.0,24.0,wrong_paired,7
11,0.005,23.0,24.0,wrong_partner_unseen,6
11,0.005,26.0,27.0,right,148
11,0.005,26.0,27.0,wrong_paired,4
11,0.005,26.0,27.0,wrong_partner_unseen,2
11,0.005,28.0,29.0,right,150
11,0.005,28.0,29.0,wrong_paired,7
11,0.005,28.0,29.0,wrong_partner_unseen,1
11,0.005,30.0,31.0,right,172
11,0.005,30.0,31.0,wrong_paired,8
11,0.005,30.0,31.0,wrong_partner_unseen,3
11,0.005,32.0,33.0,right,138
11,0.005,32.0,33.0,wrong_paired,7
11,0.005,34.0,35.0,right,979
11,0.005,34.0,35.0,wrong_paired,30
11,0.005,34.0,35.0,wrong_partner_unseen,11
11,0.005,36.0,37.0,right,1
11,0.005,36.0,37.0,wrong_paired,1
11,0.005,39.0,40.0,right,2
11,0.005,41.0,42.0,right,4
11,0.005,45.0,46.0,right,2
11,0.005,45.0,46.0,wrong_paired,1
11,0.005,47.0,48.0,right,2
11,0.005,49.0,50.0,right,3
11,0.005,49.0,50.0,wrong_paired,1
11,0.005,52.0,53.0,right,5
11,0.005,52.0,53.0,wrong_paired,1
11,0.005,54.0,55.0,right,5
11,0.005,56.0,57.0,right,7
11,0.005,58.0,59.0,right,4
11,0.005,60.0,61.0,right,5
11,0.005,62.0,63.0,right,5
11,0.005,65.0,66.0,right,3
11,0.005,67.0,68.0,right,5
11,0.005,69.0,70.0,right,7
11,0.005,71.0,72.0,right,4
11,0.005,73.0,74.0,right,3
11,0.005,73.0,74.0,wrong_paired,1
11,0.005,76.0,77.0,right,5
11,0.005,78.0,79.0,right,4
11,0.005,80.0,81.0,right,7
11,0.005,82.0,83.0,right,5
11,0.005,82.0,83.0,wrong_paired,1
11,0.005,84.0,85.0,right,9
11,0.005,86.0,87.0,right,2
11,0.005,89.0,90.0,right,5
11,0.005,89.0,90.0,wrong_paired,1
11,0.005,91.0,92.0,right,3
11,0.005,93.0,94.0,right,5
11,0.005,95.0,96.0,right,2
11,0.005,97.0,98.0,right,4
11,0.005,99.0,100.0,right,4
11,0.005,102.0,103.0,right,7
11,0.005,104.0,105.0,right,1
11,0.005,104.0,105.0,wrong_paired,1
11,0.005,106.0,107.0,right,4
11,0.005,108.0,109.0,right,6
11,0.005,110.0,111.0,right,4
11,0.005,112.0,113.0,right,2
11,0.005,115.0,116.0,right,5
11,0.005,117.0,118.0,right,4
11,0.005,119.0,120.0,right,5
11,0.005,121.0,122.0,right,7
11,0.005,123.0,124.0,right,2
11,0.005,125.0,126.0,right,2
11,0.005,128.0,129.0,right,5
11,0.005,130.0,131.0,right,8
11,0.005,130.0,131.0,wrong_paired,1
11,0.005,132.0,133.0,right,6
11,0.005,134.0,135.0,right,7
11,0.005,136.0,137.0,right,8
11,0.005,136.0,137.0,wrong_paired,1
11,0.005,138.0,139.0,right,3
11,0.005,141.0,142.0,right,4
11,0.005,143.0,144.0,right,1
11,0.005,145.0,146.0,right,3
11,0.005,147.0,148.0,right,3
11,0.005,149.0,150.0,right,6
11,0.005,152.0,153.0,right,2
11,0.005,154.0,155.0,right,5
11,0.005,156.0,157.0,right,4
11,0.005,158.0,159.0,right,5
11,0.005,160.0,161.0,right,1
11,0.005,162.0,163.0,right,5
11,0.005,165.0,166.0,right,3
11,0.005,165.0,166.0,wrong_paired,1
11,0.005,167.0,168.0,right,8
11,0.005,169.0,170.0,right,8
11,0.005,171.0,172.0,right,8
11,0.005,173.0,174.0,right,2
11,0.005,175.0,176.0,right,5
11,0.005,178.0,179.0,right,3
11,0.005,180.0,181.0,right,1
11,0.005,182.0,183.0,right,2
11,0.005,182.0,183.0,wrong_paired,1
11,0.005,184.0,185.0,right,2
11,0.005,186.0,187.0,right,1
11,0.005,191.0,192.0,right,2
11,0.005,193.0,194.0,right,1
11,0.005,195.0,196.0,right,2
11,0.005,197.0,198.0,right,2
11,0.005,208.0,209.0,right,2
