configuration,distance,physical_error_rate,right,wrong_alone,wrong_paired,wrong_partner_unseen
relay_bp5_alone,5,0.002,80549,63,208,0
relay_bp5_alone,5,0.003,29811,81,188,0
relay_bp5_alone,5,0.004,13852,90,158,0
relay_bp5_alone,5,0.005,8158,86,156,0
relay_bp5_alone,7,0.002,266252,60,1228,0
relay_bp5_alone,7,0.003,56013,67,530,0
relay_bp5_alone,7,0.004,18661,67,382,0
relay_bp5_alone,7,0.005,8885,65,290,0
relay_bp5_alone,9,0.002,1055640,54,6258,0
relay_bp5_alone,9,0.003,121973,55,1824,0
relay_bp5_alone,9,0.004,29264,58,870,0
relay_bp5_alone,9,0.005,11386,90,476,0
relay_bp5_alone,11,0.002,3890669,145,30756,0
relay_bp5_alone,11,0.003,340850,104,7046,0
relay_bp5_alone,11,0.004,50261,95,2044,0
relay_bp5_alone,11,0.005,14165,95,1010,0
switching,5,0.002,64815,68,332,0
switching,5,0.003,21052,87,192,0
switching,5,0.004,8184,78,122,0
switching,5,0.005,4260,91,82,0
switching,7,0.002,200220,71,1670,0
switching,7,0.003,36692,55,564,0
switching,7,0.004,10371,63,244,0
switching,7,0.005,4356,77,116,0
switching,9,0.002,755716,79,8430,0
switching,9,0.003,75601,57,1380,0
switching,9,0.004,15399,55,580,0
switching,9,0.005,5311,68,294,0
switching,11,0.002,2662864,247,36444,0
switching,11,0.003,202050,94,4868,0
switching,11,0.004,25765,79,1110,0
switching,11,0.005,6560,89,376,0
tesseract_alone,5,0.002,80657,33,130,0
tesseract_alone,5,0.003,29902,46,132,0
tesseract_alone,5,0.004,13938,40,122,0
tesseract_alone,5,0.005,8245,49,106,0
tesseract_alone,7,0.002,266701,17,822,0
tesseract_alone,7,0.003,56218,26,366,0
tesseract_alone,7,0.004,18854,20,236,0
tesseract_alone,7,0.005,9006,22,212,0
tesseract_alone,9,0.002,1058173,11,3768,0
tesseract_alone,9,0.003,122814,16,1022,0
tesseract_alone,9,0.004,29685,15,492,0
tesseract_alone,9,0.005,11634,28,290,0
tesseract_alone,11,0.002,3903855,53,17662,0
tesseract_alone,11,0.003,344180,42,3778,0
tesseract_alone,11,0.004,51287,27,1086,0
tesseract_alone,11,0.005,14686,38,546,0
union_find_alone,5,0.002,80183,95,542,0
union_find_alone,5,0.003,29596,126,358,0
union_find_alone,5,0.004,13722,138,240,0
union_find_alone,5,0.005,8028,146,226,0
union_find_alone,7,0.002,264576,130,2834,0
union_find_alone,7,0.003,55466,120,1024,0
union_find_alone,7,0.004,18412,106,592,0
union_find_alone,7,0.005,8695,119,426,0
union_find_alone,9,0.002,1047191,195,14566,0
union_find_alone,9,0.003,120779,137,2936,0
union_find_alone,9,0.004,28723,113,1356,0
union_find_alone,9,0.005,11228,126,598,0
union_find_alone,11,0.002,3855614,622,65334,0
union_find_alone,11,0.003,337101,299,10600,0
union_find_alone,11,0.004,49386,180,2834,0
union_find_alone,11,0.005,14096,142,1032,0
