algorithm_latency_us,round_period_us,window_id,read_lo,read_hi,commit_lo,commit_hi,first_qpu_send_us,last_qpu_send_us,first_buffer0_us,buffer0_ready_us,dependency_arrival_us,queued_us,dispatch_us,cwd_arrival_us,decode_done_us,dd_delivery_us,wdo_delivery_us,frame_commit_us,dependency_block_us,buffer0_ready_to_frame_us,qpu_last_round_to_frame_us
0.028,10.0,0,1,6,1,3,10.0,60.0,11.5,61.5,,61.5,61.5,62.5,62.556,63.056,63.556,63.56,0.0,2.06,3.56
0.028,10.0,1,4,9,4,6,40.0,90.0,41.5,91.5,63.056,91.5,91.5,92.5,92.556,93.056,93.556,93.56,0.0,2.06,3.56
0.028,10.0,2,7,12,7,9,70.0,120.0,71.5,121.5,93.056,121.5,121.5,122.5,122.556,123.056,123.556,123.56,0.0,2.06,3.56
0.028,10.0,3,10,15,10,12,100.0,150.0,101.5,151.5,123.056,151.5,151.5,152.5,152.556,153.056,153.556,153.56,0.0,2.06,3.56
0.028,10.0,4,13,18,13,15,130.0,180.0,131.5,181.5,153.056,181.5,181.5,182.5,182.556,183.056,183.556,183.56,0.0,2.06,3.56
0.028,10.0,5,16,21,16,18,160.0,210.0,161.5,211.5,183.056,211.5,211.5,212.5,212.556,213.056,213.556,213.56,0.0,2.06,3.56
0.028,10.0,6,19,24,19,21,190.0,240.0,191.5,241.5,213.056,241.5,241.5,242.5,242.556,243.056,243.556,243.56,0.0,2.06,3.56
0.028,10.0,7,22,27,22,24,220.0,270.0,221.5,271.5,243.056,271.5,271.5,272.5,272.556,273.056,273.556,273.56,0.0,2.06,3.56
0.028,10.0,8,25,30,25,27,250.0,300.0,251.5,301.5,273.056,301.5,301.5,302.5,302.556,303.056,303.556,303.56,0.0,2.06,3.56
0.028,10.0,9,28,33,28,30,280.0,330.0,281.5,331.5,303.056,331.5,331.5,332.5,332.556,333.056,333.556,333.56,0.0,2.06,3.56
0.028,10.0,10,31,36,31,33,310.0,360.0,311.5,361.5,333.056,361.5,361.5,362.5,362.556,363.056,363.556,363.56,0.0,2.06,3.56
0.028,10.0,11,34,39,34,36,340.0,390.0,341.5,391.5,363.056,391.5,391.5,392.5,392.556,393.056,393.556,393.56,0.0,2.06,3.56
0.028,10.0,12,37,42,37,39,370.0,420.0,371.5,421.5,393.056,421.5,421.5,422.5,422.556,423.056,423.556,423.56,0.0,2.06,3.56
0.028,10.0,13,40,45,40,42,400.0,450.0,401.5,451.5,423.056,451.5,451.5,452.5,452.556,453.056,453.556,453.56,0.0,2.06,3.56
0.028,10.0,14,43,48,43,45,430.0,480.0,431.5,481.5,453.056,481.5,481.5,482.5,482.556,483.056,483.556,483.56,0.0,2.06,3.56
0.028,10.0,15,46,51,46,48,460.0,510.0,461.5,511.5,483.056,511.5,511.5,512.5,512.556,513.056,513.556,513.56,0.0,2.06,3.56
0.028,10.0,16,49,54,49,51,490.0,540.0,491.5,541.5,513.056,541.5,541.5,542.5,542.556,543.056,543.556,543.56,0.0,2.06,3.56
0.028,10.0,17,52,57,52,54,520.0,570.0,521.5,571.5,543.056,571.5,571.5,572.5,572.556,573.056,573.556,573.56,0.0,2.06,3.56
0.028,10.0,18,55,60,55,60,550.0,600.0,551.5,601.5,573.056,601.5,601.5,602.5,602.556,,603.556,603.56,0.0,2.06,3.56
0.028,5.0,0,1,6,1,3,5.0,30.0,6.5,31.5,,31.5,31.5,32.5,32.556,33.056,33.556,33.56,0.0,2.06,3.56
0.028,5.0,1,4,9,4,6,20.0,45.0,21.5,46.5,33.056,46.5,46.5,47.5,47.556,48.056,48.556,48.56,0.0,2.06,3.56
0.028,5.0,2,7,12,7,9,35.0,60.0,36.5,61.5,48.056,61.5,61.5,62.5,62.556,63.056,63.556,63.56,0.0,2.06,3.56
0.028,5.0,3,10,15,10,12,50.0,75.0,51.5,76.5,63.056,76.5,76.5,77.5,77.556,78.056,78.556,78.56,0.0,2.06,3.56
0.028,5.0,4,13,18,13,15,65.0,90.0,66.5,91.5,78.056,91.5,91.5,92.5,92.556,93.056,93.556,93.56,0.0,2.06,3.56
0.028,5.0,5,16,21,16,18,80.0,105.0,81.5,106.5,93.056,106.5,106.5,107.5,107.556,108.056,108.556,108.56,0.0,2.06,3.56
0.028,5.0,6,19,24,19,21,95.0,120.0,96.5,121.5,108.056,121.5,121.5,122.5,122.556,123.056,123.556,123.56,0.0,2.06,3.56
0.028,5.0,7,22,27,22,24,110.0,135.0,111.5,136.5,123.056,136.5,136.5,137.5,137.556,138.056,138.556,138.56,0.0,2.06,3.56
0.028,5.0,8,25,30,25,27,125.0,150.0,126.5,151.5,138.056,151.5,151.5,152.5,152.556,153.056,153.556,153.56,0.0,2.06,3.56
0.028,5.0,9,28,33,28,30,140.0,165.0,141.5,166.5,153.056,166.5,166.5,167.5,167.556,168.056,168.556,168.56,0.0,2.06,3.56
0.028,5.0,10,31,36,31,33,155.0,180.0,156.5,181.5,168.056,181.5,181.5,182.5,182.556,183.056,183.556,183.56,0.0,2.06,3.56
0.028,5.0,11,34,39,34,36,170.0,195.0,171.5,196.5,183.056,196.5,196.5,197.5,197.556,198.056,198.556,198.56,0.0,2.06,3.56
0.028,5.0,12,37,42,37,39,185.0,210.0,186.5,211.5,198.056,211.5,211.5,212.5,212.556,213.056,213.556,213.56,0.0,2.06,3.56
0.028,5.0,13,40,45,40,42,200.0,225.0,201.5,226.5,213.056,226.5,226.5,227.5,227.556,228.056,228.556,228.56,0.0,2.06,3.56
0.028,5.0,14,43,48,43,45,215.0,240.0,216.5,241.5,228.056,241.5,241.5,242.5,242.556,243.056,243.556,243.56,0.0,2.06,3.56
0.028,5.0,15,46,51,46,48,230.0,255.0,231.5,256.5,243.056,256.5,256.5,257.5,257.556,258.056,258.556,258.56,0.0,2.06,3.56
0.028,5.0,16,49,54,49,51,245.0,270.0,246.5,271.5,258.056,271.5,271.5,272.5,272.556,273.056,273.556,273.56,0.0,2.06,3.56
0.028,5.0,17,52,57,52,54,260.0,285.0,261.5,286.5,273.056,286.5,286.5,287.5,287.556,288.056,288.556,288.56,0.0,2.06,3.56
0.028,5.0,18,55,60,55,60,275.0,300.0,276.5,301.5,288.056,301.5,301.5,302.5,302.556,,303.556,303.56,0.0,2.06,3.56
0.028,2.0,0,1,6,1,3,2.0,12.0,3.5,13.5,,13.5,13.5,14.5,14.556,15.056,15.556,15.56,0.0,2.06,3.56
0.028,2.0,1,4,9,4,6,8.0,18.0,9.5,19.5,15.056,19.5,19.5,20.5,20.556,21.056,21.556,21.56,0.0,2.06,3.56
0.028,2.0,2,7,12,7,9,14.0,24.0,15.5,25.5,21.056,25.5,25.5,26.5,26.556,27.056,27.556,27.56,0.0,2.06,3.56
0.028,2.0,3,10,15,10,12,20.0,30.0,21.5,31.5,27.056,31.5,31.5,32.5,32.556,33.056,33.556,33.56,0.0,2.06,3.56
0.028,2.0,4,13,18,13,15,26.0,36.0,27.5,37.5,33.056,37.5,37.5,38.5,38.556,39.056,39.556,39.56,0.0,2.06,3.56
0.028,2.0,5,16,21,16,18,32.0,42.0,33.5,43.5,39.056,43.5,43.5,44.5,44.556,45.056,45.556,45.56,0.0,2.06,3.56
0.028,2.0,6,19,24,19,21,38.0,48.0,39.5,49.5,45.056,49.5,49.5,50.5,50.556,51.056,51.556,51.56,0.0,2.06,3.56
0.028,2.0,7,22,27,22,24,44.0,54.0,45.5,55.5,51.056,55.5,55.5,56.5,56.556,57.056,57.556,57.56,0.0,2.06,3.56
0.028,2.0,8,25,30,25,27,50.0,60.0,51.5,61.5,57.056,61.5,61.5,62.5,62.556,63.056,63.556,63.56,0.0,2.06,3.56
0.028,2.0,9,28,33,28,30,56.0,66.0,57.5,67.5,63.056,67.5,67.5,68.5,68.556,69.056,69.556,69.56,0.0,2.06,3.56
0.028,2.0,10,31,36,31,33,62.0,72.0,63.5,73.5,69.056,73.5,73.5,74.5,74.556,75.056,75.556,75.56,0.0,2.06,3.56
0.028,2.0,11,34,39,34,36,68.0,78.0,69.5,79.5,75.056,79.5,79.5,80.5,80.556,81.056,81.556,81.56,0.0,2.06,3.56
0.028,2.0,12,37,42,37,39,74.0,84.0,75.5,85.5,81.056,85.5,85.5,86.5,86.556,87.056,87.556,87.56,0.0,2.06,3.56
0.028,2.0,13,40,45,40,42,80.0,90.0,81.5,91.5,87.056,91.5,91.5,92.5,92.556,93.056,93.556,93.56,0.0,2.06,3.56
0.028,2.0,14,43,48,43,45,86.0,96.0,87.5,97.5,93.056,97.5,97.5,98.5,98.556,99.056,99.556,99.56,0.0,2.06,3.56
0.028,2.0,15,46,51,46,48,92.0,102.0,93.5,103.5,99.056,103.5,103.5,104.5,104.556,105.056,105.556,105.56,0.0,2.06,3.56
0.028,2.0,16,49,54,49,51,98.0,108.0,99.5,109.5,105.056,109.5,109.5,110.5,110.556,111.056,111.556,111.56,0.0,2.06,3.56
0.028,2.0,17,52,57,52,54,104.0,114.0,105.5,115.5,111.056,115.5,115.5,116.5,116.556,117.056,117.556,117.56,0.0,2.06,3.56
0.028,2.0,18,55,60,55,60,110.0,120.0,111.5,121.5,117.056,121.5,121.5,122.5,122.556,,123.556,123.56,0.0,2.06,3.56
0.028,1.0,0,1,6,1,3,1.0,6.0,2.5,7.5,,7.5,7.5,8.5,8.556,9.056,9.556,9.56,0.0,2.06,3.56
0.028,1.0,1,4,9,4,6,4.0,9.0,5.5,10.5,9.056,10.5,10.5,11.5,11.556,12.056,12.556,12.56,0.0,2.06,3.56
0.028,1.0,2,7,12,7,9,7.0,12.0,8.5,13.5,12.056,13.5,13.5,14.5,14.556,15.056,15.556,15.56,0.0,2.06,3.56
0.028,1.0,3,10,15,10,12,10.0,15.0,11.5,16.5,15.056,16.5,16.5,17.5,17.556,18.056,18.556,18.56,0.0,2.06,3.56
0.028,1.0,4,13,18,13,15,13.0,18.0,14.5,19.5,18.056,19.5,19.5,20.5,20.556,21.056,21.556,21.56,0.0,2.06,3.56
0.028,1.0,5,16,21,16,18,16.0,21.0,17.5,22.5,21.056,22.5,22.5,23.5,23.556,24.056,24.556,24.56,0.0,2.06,3.56
0.028,1.0,6,19,24,19,21,19.0,24.0,20.5,25.5,24.056,25.5,25.5,26.5,26.556,27.056,27.556,27.56,0.0,2.06,3.56
0.028,1.0,7,22,27,22,24,22.0,27.0,23.5,28.5,27.056,28.5,28.5,29.5,29.556,30.056,30.556,30.56,0.0,2.06,3.56
0.028,1.0,8,25,30,25,27,25.0,30.0,26.5,31.5,30.056,31.5,31.5,32.5,32.556,33.056,33.556,33.56,0.0,2.06,3.56
0.028,1.0,9,28,33,28,30,28.0,33.0,29.5,34.5,33.056,34.5,34.5,35.5,35.556,36.056,36.556,36.56,0.0,2.06,3.56
0.028,1.0,10,31,36,31,33,31.0,36.0,32.5,37.5,36.056,37.5,37.5,38.5,38.556,39.056,39.556,39.56,0.0,2.06,3.56
0.028,1.0,11,34,39,34,36,34.0,39.0,35.5,40.5,39.056,40.5,40.5,41.5,41.556,42.056,42.556,42.56,0.0,2.06,3.56
0.028,1.0,12,37,42,37,39,37.0,42.0,38.5,43.5,42.056,43.5,43.5,44.5,44.556,45.056,45.556,45.56,0.0,2.06,3.56
0.028,1.0,13,40,45,40,42,40.0,45.0,41.5,46.5,45.056,46.5,46.5,47.5,47.556,48.056,48.556,48.56,0.0,2.06,3.56
0.028,1.0,14,43,48,43,45,43.0,48.0,44.5,49.5,48.056,49.5,49.5,50.5,50.556,51.056,51.556,51.56,0.0,2.06,3.56
0.028,1.0,15,46,51,46,48,46.0,51.0,47.5,52.5,51.056,52.5,52.5,53.5,53.556,54.056,54.556,54.56,0.0,2.06,3.56
0.028,1.0,16,49,54,49,51,49.0,54.0,50.5,55.5,54.056,55.5,55.5,56.5,56.556,57.056,57.556,57.56,0.0,2.06,3.56
0.028,1.0,17,52,57,52,54,52.0,57.0,53.5,58.5,57.056,58.5,58.5,59.5,59.556,60.056,60.556,60.56,0.0,2.06,3.56
0.028,1.0,18,55,60,55,60,55.0,60.0,56.5,61.5,60.056,61.5,61.5,62.5,62.556,,63.556,63.56,0.0,2.06,3.56
0.028,0.9,0,1,6,1,3,0.9,5.4,2.4,6.9,,6.9,6.9,7.9,7.956,8.456,8.956,8.96,0.0,2.06,3.56
0.028,0.9,1,4,9,4,6,3.6,8.1,5.1,9.6,8.456,9.6,9.6,10.6,10.656,11.156,11.656,11.66,0.0,2.06,3.56
0.028,0.9,2,7,12,7,9,6.3,10.8,7.8,12.3,11.156,12.3,12.3,13.3,13.356,13.856,14.356,14.36,0.0,2.06,3.56
0.028,0.9,3,10,15,10,12,9.0,13.5,10.5,15.0,13.856,15.0,15.0,16.0,16.056,16.556,17.056,17.06,0.0,2.06,3.56
0.028,0.9,4,13,18,13,15,11.7,16.2,13.2,17.7,16.556,17.7,17.7,18.7,18.756,19.256,19.756,19.76,0.0,2.06,3.56
0.028,0.9,5,16,21,16,18,14.4,18.9,15.9,20.4,19.256,20.4,20.4,21.4,21.456,21.956,22.456,22.46,0.0,2.06,3.56
0.028,0.9,6,19,24,19,21,17.1,21.6,18.6,23.1,21.956,23.1,23.1,24.1,24.156,24.656,25.156,25.16,0.0,2.06,3.56
0.028,0.9,7,22,27,22,24,19.8,24.3,21.3,25.8,24.656,25.8,25.8,26.8,26.856,27.356,27.856,27.86,0.0,2.06,3.56
0.028,0.9,8,25,30,25,27,22.5,27.0,24.0,28.5,27.356,28.5,28.5,29.5,29.556,30.056,30.556,30.56,0.0,2.06,3.56
0.028,0.9,9,28,33,28,30,25.2,29.7,26.7,31.2,30.056,31.2,31.2,32.2,32.256,32.756,33.256,33.26,0.0,2.06,3.56
0.028,0.9,10,31,36,31,33,27.9,32.4,29.4,33.9,32.756,33.9,33.9,34.9,34.956,35.456,35.956,35.96,0.0,2.06,3.56
0.028,0.9,11,34,39,34,36,30.6,35.1,32.1,36.6,35.456,36.6,36.6,37.6,37.656,38.156,38.656,38.66,0.0,2.06,3.56
0.028,0.9,12,37,42,37,39,33.3,37.8,34.8,39.3,38.156,39.3,39.3,40.3,40.356,40.856,41.356,41.36,0.0,2.06,3.56
0.028,0.9,13,40,45,40,42,36.0,40.5,37.5,42.0,40.856,42.0,42.0,43.0,43.056,43.556,44.056,44.06,0.0,2.06,3.56
0.028,0.9,14,43,48,43,45,38.7,43.2,40.2,44.7,43.556,44.7,44.7,45.7,45.756,46.256,46.756,46.76,0.0,2.06,3.56
0.028,0.9,15,46,51,46,48,41.4,45.9,42.9,47.4,46.256,47.4,47.4,48.4,48.456,48.956,49.456,49.46,0.0,2.06,3.56
0.028,0.9,16,49,54,49,51,44.1,48.6,45.6,50.1,48.956,50.1,50.1,51.1,51.156,51.656,52.156,52.16,0.0,2.06,3.56
0.028,0.9,17,52,57,52,54,46.8,51.3,48.3,52.8,51.656,52.8,52.8,53.8,53.856,54.356,54.856,54.86,0.0,2.06,3.56
0.028,0.9,18,55,60,55,60,49.5,54.0,51.0,55.5,54.356,55.5,55.5,56.5,56.556,,57.556,57.56,0.0,2.06,3.56
0.028,0.85,0,1,6,1,3,0.85,5.1,2.35,6.6,,6.6,6.6,7.6,7.656,8.156,8.656,8.66,0.0,2.06,3.56
0.028,0.85,1,4,9,4,6,3.4,7.65,4.9,9.15,8.156,9.15,9.15,10.15,10.206,10.706,11.206,11.21,0.0,2.06,3.56
0.028,0.85,2,7,12,7,9,5.95,10.2,7.45,11.7,10.706,11.7,11.7,12.7,12.756,13.256,13.756,13.76,0.0,2.06,3.56
0.028,0.85,3,10,15,10,12,8.5,12.75,10.0,14.25,13.256,14.25,14.25,15.25,15.306,15.806,16.306,16.31,0.0,2.06,3.56
0.028,0.85,4,13,18,13,15,11.05,15.3,12.55,16.8,15.806,16.8,16.8,17.8,17.856,18.356,18.856,18.86,0.0,2.06,3.56
0.028,0.85,5,16,21,16,18,13.6,17.85,15.1,19.35,18.356,19.35,19.35,20.35,20.406,20.906,21.406,21.41,0.0,2.06,3.56
0.028,0.85,6,19,24,19,21,16.15,20.4,17.65,21.9,20.906,21.9,21.9,22.9,22.956,23.456,23.956,23.96,0.0,2.06,3.56
0.028,0.85,7,22,27,22,24,18.7,22.95,20.2,24.45,23.456,24.45,24.45,25.45,25.506,26.006,26.506,26.51,0.0,2.06,3.56
0.028,0.85,8,25,30,25,27,21.25,25.5,22.75,27.0,26.006,27.0,27.0,28.0,28.056,28.556,29.056,29.06,0.0,2.06,3.56
0.028,0.85,9,28,33,28,30,23.8,28.05,25.3,29.55,28.556,29.55,29.55,30.55,30.606,31.106,31.606,31.61,0.0,2.06,3.56
0.028,0.85,10,31,36,31,33,26.35,30.6,27.85,32.1,31.106,32.1,32.1,33.1,33.156,33.656,34.156,34.16,0.0,2.06,3.56
0.028,0.85,11,34,39,34,36,28.9,33.15,30.4,34.65,33.656,34.65,34.65,35.65,35.706,36.206,36.706,36.71,0.0,2.06,3.56
0.028,0.85,12,37,42,37,39,31.45,35.7,32.95,37.2,36.206,37.2,37.2,38.2,38.256,38.756,39.256,39.26,0.0,2.06,3.56
0.028,0.85,13,40,45,40,42,34.0,38.25,35.5,39.75,38.756,39.75,39.75,40.75,40.806,41.306,41.806,41.81,0.0,2.06,3.56
0.028,0.85,14,43,48,43,45,36.55,40.8,38.05,42.3,41.306,42.3,42.3,43.3,43.356,43.856,44.356,44.36,0.0,2.06,3.56
0.028,0.85,15,46,51,46,48,39.1,43.35,40.6,44.85,43.856,44.85,44.85,45.85,45.906,46.406,46.906,46.91,0.0,2.06,3.56
0.028,0.85,16,49,54,49,51,41.65,45.9,43.15,47.4,46.406,47.4,47.4,48.4,48.456,48.956,49.456,49.46,0.0,2.06,3.56
0.028,0.85,17,52,57,52,54,44.2,48.45,45.7,49.95,48.956,49.95,49.95,50.95,51.006,51.506,52.006,52.01,0.0,2.06,3.56
0.028,0.85,18,55,60,55,60,46.75,51.0,48.25,52.5,51.506,52.5,52.5,53.5,53.556,,54.556,54.56,0.0,2.06,3.56
0.028,0.8,0,1,6,1,3,0.8,4.8,2.3,6.3,,6.3,6.3,7.3,7.356,7.856,8.356,8.36,0.0,2.06,3.56
0.028,0.8,1,4,9,4,6,3.2,7.2,4.7,8.7,7.856,8.7,8.7,9.7,9.756,10.256,10.756,10.76,0.0,2.06,3.56
0.028,0.8,2,7,12,7,9,5.6,9.6,7.1,11.1,10.256,11.1,11.1,12.1,12.156,12.656,13.156,13.16,0.0,2.06,3.56
0.028,0.8,3,10,15,10,12,8.0,12.0,9.5,13.5,12.656,13.5,13.5,14.5,14.556,15.056,15.556,15.56,0.0,2.06,3.56
0.028,0.8,4,13,18,13,15,10.4,14.4,11.9,15.9,15.056,15.9,15.9,16.9,16.956,17.456,17.956,17.96,0.0,2.06,3.56
0.028,0.8,5,16,21,16,18,12.8,16.8,14.3,18.3,17.456,18.3,18.3,19.3,19.356,19.856,20.356,20.36,0.0,2.06,3.56
0.028,0.8,6,19,24,19,21,15.2,19.2,16.7,20.7,19.856,20.7,20.7,21.7,21.756,22.256,22.756,22.76,0.0,2.06,3.56
0.028,0.8,7,22,27,22,24,17.6,21.6,19.1,23.1,22.256,23.1,23.1,24.1,24.156,24.656,25.156,25.16,0.0,2.06,3.56
0.028,0.8,8,25,30,25,27,20.0,24.0,21.5,25.5,24.656,25.5,25.5,26.5,26.556,27.056,27.556,27.56,0.0,2.06,3.56
0.028,0.8,9,28,33,28,30,22.4,26.4,23.9,27.9,27.056,27.9,27.9,28.9,28.956,29.456,29.956,29.96,0.0,2.06,3.56
0.028,0.8,10,31,36,31,33,24.8,28.8,26.3,30.3,29.456,30.3,30.3,31.3,31.356,31.856,32.356,32.36,0.0,2.06,3.56
0.028,0.8,11,34,39,34,36,27.2,31.2,28.7,32.7,31.856,32.7,32.7,33.7,33.756,34.256,34.756,34.76,0.0,2.06,3.56
0.028,0.8,12,37,42,37,39,29.6,33.6,31.1,35.1,34.256,35.1,35.1,36.1,36.156,36.656,37.156,37.16,0.0,2.06,3.56
0.028,0.8,13,40,45,40,42,32.0,36.0,33.5,37.5,36.656,37.5,37.5,38.5,38.556,39.056,39.556,39.56,0.0,2.06,3.56
0.028,0.8,14,43,48,43,45,34.4,38.4,35.9,39.9,39.056,39.9,39.9,40.9,40.956,41.456,41.956,41.96,0.0,2.06,3.56
0.028,0.8,15,46,51,46,48,36.8,40.8,38.3,42.3,41.456,42.3,42.3,43.3,43.356,43.856,44.356,44.36,0.0,2.06,3.56
0.028,0.8,16,49,54,49,51,39.2,43.2,40.7,44.7,43.856,44.7,44.7,45.7,45.756,46.256,46.756,46.76,0.0,2.06,3.56
0.028,0.8,17,52,57,52,54,41.6,45.6,43.1,47.1,46.256,47.1,47.1,48.1,48.156,48.656,49.156,49.16,0.0,2.06,3.56
0.028,0.8,18,55,60,55,60,44.0,48.0,45.5,49.5,48.656,49.5,49.5,50.5,50.556,,51.556,51.56,0.0,2.06,3.56
0.028,0.5,0,1,6,1,3,0.5,3.0,2.0,4.5,,4.5,4.5,5.5,5.556,6.056,6.556,6.56,0.0,2.06,3.56
0.028,0.5,1,4,9,4,6,2.0,4.5,3.5,6.0,6.056,6.056,6.056,7.056,7.112,7.612,8.112,8.116,0.056,2.116,3.616
0.028,0.5,2,7,12,7,9,3.5,6.0,5.0,7.5,7.612,7.612,7.612,8.612,8.668,9.168,9.668,9.672,0.112,2.172,3.672
0.028,0.5,3,10,15,10,12,5.0,7.5,6.5,9.0,9.168,9.168,9.168,10.168,10.224,10.724,11.224,11.228,0.168,2.228,3.728
0.028,0.5,4,13,18,13,15,6.5,9.0,8.0,10.5,10.724,10.724,10.724,11.724,11.78,12.28,12.78,12.784,0.224,2.284,3.784
0.028,0.5,5,16,21,16,18,8.0,10.5,9.5,12.0,12.28,12.28,12.28,13.28,13.336,13.836,14.336,14.34,0.28,2.34,3.84
0.028,0.5,6,19,24,19,21,9.5,12.0,11.0,13.5,13.836,13.836,13.836,14.836,14.892,15.392,15.892,15.896,0.336,2.396,3.896
0.028,0.5,7,22,27,22,24,11.0,13.5,12.5,15.0,15.392,15.392,15.392,16.392,16.448,16.948,17.448,17.452,0.392,2.452,3.952
0.028,0.5,8,25,30,25,27,12.5,15.0,14.0,16.5,16.948,16.948,16.948,17.948,18.004,18.504,19.004,19.008,0.448,2.508,4.008
0.028,0.5,9,28,33,28,30,14.0,16.5,15.5,18.0,18.504,18.504,18.504,19.504,19.56,20.06,20.56,20.564,0.504,2.564,4.064
0.028,0.5,10,31,36,31,33,15.5,18.0,17.0,19.5,20.06,20.06,20.06,21.06,21.116,21.616,22.116,22.12,0.56,2.62,4.12
0.028,0.5,11,34,39,34,36,17.0,19.5,18.5,21.0,21.616,21.616,21.616,22.616,22.672,23.172,23.672,23.676,0.616,2.676,4.176
0.028,0.5,12,37,42,37,39,18.5,21.0,20.0,22.5,23.172,23.172,23.172,24.172,24.228,24.728,25.228,25.232,0.672,2.732,4.232
0.028,0.5,13,40,45,40,42,20.0,22.5,21.5,24.0,24.728,24.728,24.728,25.728,25.784,26.284,26.784,26.788,0.728,2.788,4.288
0.028,0.5,14,43,48,43,45,21.5,24.0,23.0,25.5,26.284,26.284,26.284,27.284,27.34,27.84,28.34,28.344,0.784,2.844,4.344
0.028,0.5,15,46,51,46,48,23.0,25.5,24.5,27.0,27.84,27.84,27.84,28.84,28.896,29.396,29.896,29.9,0.84,2.9,4.4
0.028,0.5,16,49,54,49,51,24.5,27.0,26.0,28.5,29.396,29.396,29.396,30.396,30.452,30.952,31.452,31.456,0.896,2.956,4.456
0.028,0.5,17,52,57,52,54,26.0,28.5,27.5,30.0,30.952,30.952,30.952,31.952,32.008,32.508,33.008,33.012,0.952,3.012,4.512
0.028,0.5,18,55,60,55,60,27.5,30.0,29.0,31.5,32.508,32.508,32.508,33.508,33.564,,34.564,34.568,1.008,3.068,4.568
0.028,0.2,0,1,6,1,3,0.2,1.2,1.7,2.7,,2.7,2.7,3.7,3.756,4.256,4.756,4.76,0.0,2.06,3.56
0.028,0.2,1,4,9,4,6,0.8,1.8,2.3,3.3,4.256,4.256,4.256,5.256,5.312,5.812,6.312,6.316,0.956,3.016,4.516
0.028,0.2,2,7,12,7,9,1.4,2.4,2.9,3.9,5.812,5.812,5.812,6.812,6.868,7.368,7.868,7.872,1.912,3.972,5.472
0.028,0.2,3,10,15,10,12,2.0,3.0,3.5,4.5,7.368,7.368,7.368,8.368,8.424,8.924,9.424,9.428,2.868,4.928,6.428
0.028,0.2,4,13,18,13,15,2.6,3.6,4.1,5.1,8.924,8.924,8.924,9.924,9.98,10.48,10.98,10.984,3.824,5.884,7.384
0.028,0.2,5,16,21,16,18,3.2,4.2,4.7,5.7,10.48,10.48,10.48,11.48,11.536,12.036,12.536,12.54,4.78,6.84,8.34
0.028,0.2,6,19,24,19,21,3.8,4.8,5.3,6.3,12.036,12.036,12.036,13.036,13.092,13.592,14.092,14.096,5.736,7.796,9.296
0.028,0.2,7,22,27,22,24,4.4,5.4,5.9,6.9,13.592,13.592,13.592,14.592,14.648,15.148,15.648,15.652,6.692,8.752,10.252
0.028,0.2,8,25,30,25,27,5.0,6.0,6.5,7.5,15.148,15.148,15.148,16.148,16.204,16.704,17.204,17.208,7.648,9.708,11.208
0.028,0.2,9,28,33,28,30,5.6,6.6,7.1,8.1,16.704,16.704,16.704,17.704,17.76,18.26,18.76,18.764,8.604,10.664,12.164
0.028,0.2,10,31,36,31,33,6.2,7.2,7.7,8.7,18.26,18.26,18.26,19.26,19.316,19.816,20.316,20.32,9.56,11.62,13.12
0.028,0.2,11,34,39,34,36,6.8,7.8,8.3,9.3,19.816,19.816,19.816,20.816,20.872,21.372,21.872,21.876,10.516,12.576,14.076
0.028,0.2,12,37,42,37,39,7.4,8.4,8.9,9.9,21.372,21.372,21.372,22.372,22.428,22.928,23.428,23.432,11.472,13.532,15.032
0.028,0.2,13,40,45,40,42,8.0,9.0,9.5,10.5,22.928,22.928,22.928,23.928,23.984,24.484,24.984,24.988,12.428,14.488,15.988
0.028,0.2,14,43,48,43,45,8.6,9.6,10.1,11.1,24.484,24.484,24.484,25.484,25.54,26.04,26.54,26.544,13.384,15.444,16.944
0.028,0.2,15,46,51,46,48,9.2,10.2,10.7,11.7,26.04,26.04,26.04,27.04,27.096,27.596,28.096,28.1,14.34,16.4,17.9
0.028,0.2,16,49,54,49,51,9.8,10.8,11.3,12.3,27.596,27.596,27.596,28.596,28.652,29.152,29.652,29.656,15.296,17.356,18.856
0.028,0.2,17,52,57,52,54,10.4,11.4,11.9,12.9,29.152,29.152,29.152,30.152,30.208,30.708,31.208,31.212,16.252,18.312,19.812
0.028,0.2,18,55,60,55,60,11.0,12.0,12.5,13.5,30.708,30.708,30.708,31.708,31.764,,32.764,32.768,17.208,19.268,20.768
0.028,0.1,0,1,6,1,3,0.1,0.6,1.6,2.1,,2.1,2.1,3.1,3.156,3.656,4.156,4.16,0.0,2.06,3.56
0.028,0.1,1,4,9,4,6,0.4,0.9,1.9,2.4,3.656,3.656,3.656,4.656,4.712,5.212,5.712,5.716,1.256,3.316,4.816
0.028,0.1,2,7,12,7,9,0.7,1.2,2.2,2.7,5.212,5.212,5.212,6.212,6.268,6.768,7.268,7.272,2.512,4.572,6.072
0.028,0.1,3,10,15,10,12,1.0,1.5,2.5,3.0,6.768,6.768,6.768,7.768,7.824,8.324,8.824,8.828,3.768,5.828,7.328
0.028,0.1,4,13,18,13,15,1.3,1.8,2.8,3.3,8.324,8.324,8.324,9.324,9.38,9.88,10.38,10.384,5.024,7.084,8.584
0.028,0.1,5,16,21,16,18,1.6,2.1,3.1,3.6,9.88,9.88,9.88,10.88,10.936,11.436,11.936,11.94,6.28,8.34,9.84
0.028,0.1,6,19,24,19,21,1.9,2.4,3.4,3.9,11.436,11.436,11.436,12.436,12.492,12.992,13.492,13.496,7.536,9.596,11.096
0.028,0.1,7,22,27,22,24,2.2,2.7,3.7,4.2,12.992,12.992,12.992,13.992,14.048,14.548,15.048,15.052,8.792,10.852,12.352
0.028,0.1,8,25,30,25,27,2.5,3.0,4.0,4.5,14.548,14.548,14.548,15.548,15.604,16.104,16.604,16.608,10.048,12.108,13.608
0.028,0.1,9,28,33,28,30,2.8,3.3,4.3,4.8,16.104,16.104,16.104,17.104,17.16,17.66,18.16,18.164,11.304,13.364,14.864
0.028,0.1,10,31,36,31,33,3.1,3.6,4.6,5.1,17.66,17.66,17.66,18.66,18.716,19.216,19.716,19.72,12.56,14.62,16.12
0.028,0.1,11,34,39,34,36,3.4,3.9,4.9,5.4,19.216,19.216,19.216,20.216,20.272,20.772,21.272,21.276,13.816,15.876,17.376
0.028,0.1,12,37,42,37,39,3.7,4.2,5.2,5.7,20.772,20.772,20.772,21.772,21.828,22.328,22.828,22.832,15.072,17.132,18.632
0.028,0.1,13,40,45,40,42,4.0,4.5,5.5,6.0,22.328,22.328,22.328,23.328,23.384,23.884,24.384,24.388,16.328,18.388,19.888
0.028,0.1,14,43,48,43,45,4.3,4.8,5.8,6.3,23.884,23.884,23.884,24.884,24.94,25.44,25.94,25.944,17.584,19.644,21.144
0.028,0.1,15,46,51,46,48,4.6,5.1,6.1,6.6,25.44,25.44,25.44,26.44,26.496,26.996,27.496,27.5,18.84,20.9,22.4
0.028,0.1,16,49,54,49,51,4.9,5.4,6.4,6.9,26.996,26.996,26.996,27.996,28.052,28.552,29.052,29.056,20.096,22.156,23.656
0.028,0.1,17,52,57,52,54,5.2,5.7,6.7,7.2,28.552,28.552,28.552,29.552,29.608,30.108,30.608,30.612,21.352,23.412,24.912
0.028,0.1,18,55,60,55,60,5.5,6.0,7.0,7.5,30.108,30.108,30.108,31.108,31.164,,32.164,32.168,22.608,24.668,26.168
0.028,0.05,0,1,6,1,3,0.05,0.3,1.55,1.8,,1.8,1.8,2.8,2.856,3.356,3.856,3.86,0.0,2.06,3.56
0.028,0.05,1,4,9,4,6,0.2,0.45,1.7,1.95,3.356,3.356,3.356,4.356,4.412,4.912,5.412,5.416,1.406,3.466,4.966
0.028,0.05,2,7,12,7,9,0.35,0.6,1.85,2.1,4.912,4.912,4.912,5.912,5.968,6.468,6.968,6.972,2.812,4.872,6.372
0.028,0.05,3,10,15,10,12,0.5,0.75,2.0,2.25,6.468,6.468,6.468,7.468,7.524,8.024,8.524,8.528,4.218,6.278,7.778
0.028,0.05,4,13,18,13,15,0.65,0.9,2.15,2.4,8.024,8.024,8.024,9.024,9.08,9.58,10.08,10.084,5.624,7.684,9.184
0.028,0.05,5,16,21,16,18,0.8,1.05,2.3,2.55,9.58,9.58,9.58,10.58,10.636,11.136,11.636,11.64,7.03,9.09,10.59
0.028,0.05,6,19,24,19,21,0.95,1.2,2.45,2.7,11.136,11.136,11.136,12.136,12.192,12.692,13.192,13.196,8.436,10.496,11.996
0.028,0.05,7,22,27,22,24,1.1,1.35,2.6,2.85,12.692,12.692,12.692,13.692,13.748,14.248,14.748,14.752,9.842,11.902,13.402
0.028,0.05,8,25,30,25,27,1.25,1.5,2.75,3.0,14.248,14.248,14.248,15.248,15.304,15.804,16.304,16.308,11.248,13.308,14.808
0.028,0.05,9,28,33,28,30,1.4,1.65,2.9,3.15,15.804,15.804,15.804,16.804,16.86,17.36,17.86,17.864,12.654,14.714,16.214
0.028,0.05,10,31,36,31,33,1.55,1.8,3.05,3.3,17.36,17.36,17.36,18.36,18.416,18.916,19.416,19.42,14.06,16.12,17.62
0.028,0.05,11,34,39,34,36,1.7,1.95,3.2,3.45,18.916,18.916,18.916,19.916,19.972,20.472,20.972,20.976,15.466,17.526,19.026
0.028,0.05,12,37,42,37,39,1.85,2.1,3.35,3.6,20.472,20.472,20.472,21.472,21.528,22.028,22.528,22.532,16.872,18.932,20.432
0.028,0.05,13,40,45,40,42,2.0,2.25,3.5,3.75,22.028,22.028,22.028,23.028,23.084,23.584,24.084,24.088,18.278,20.338,21.838
0.028,0.05,14,43,48,43,45,2.15,2.4,3.65,3.9,23.584,23.584,23.584,24.584,24.64,25.14,25.64,25.644,19.684,21.744,23.244
0.028,0.05,15,46,51,46,48,2.3,2.55,3.8,4.05,25.14,25.14,25.14,26.14,26.196,26.696,27.196,27.2,21.09,23.15,24.65
0.028,0.05,16,49,54,49,51,2.45,2.7,3.95,4.2,26.696,26.696,26.696,27.696,27.752,28.252,28.752,28.756,22.496,24.556,26.056
0.028,0.05,17,52,57,52,54,2.6,2.85,4.1,4.35,28.252,28.252,28.252,29.252,29.308,29.808,30.308,30.312,23.902,25.962,27.462
0.028,0.05,18,55,60,55,60,2.75,3.0,4.25,4.5,29.808,29.808,29.808,30.808,30.864,,31.864,31.868,25.308,27.368,28.868
0.028,0.02,0,1,6,1,3,0.02,0.12,1.52,1.62,,1.62,1.62,2.62,2.676,3.176,3.676,3.68,0.0,2.06,3.56
0.028,0.02,1,4,9,4,6,0.08,0.18,1.58,1.68,3.176,3.176,3.176,4.176,4.232,4.732,5.232,5.236,1.496,3.556,5.056
0.028,0.02,2,7,12,7,9,0.14,0.24,1.64,1.74,4.732,4.732,4.732,5.732,5.788,6.288,6.788,6.792,2.992,5.052,6.552
0.028,0.02,3,10,15,10,12,0.2,0.3,1.7,1.8,6.288,6.288,6.288,7.288,7.344,7.844,8.344,8.348,4.488,6.548,8.048
0.028,0.02,4,13,18,13,15,0.26,0.36,1.76,1.86,7.844,7.844,7.844,8.844,8.9,9.4,9.9,9.904,5.984,8.044,9.544
0.028,0.02,5,16,21,16,18,0.32,0.42,1.82,1.92,9.4,9.4,9.4,10.4,10.456,10.956,11.456,11.46,7.48,9.54,11.04
0.028,0.02,6,19,24,19,21,0.38,0.48,1.88,1.98,10.956,10.956,10.956,11.956,12.012,12.512,13.012,13.016,8.976,11.036,12.536
0.028,0.02,7,22,27,22,24,0.44,0.54,1.94,2.04,12.512,12.512,12.512,13.512,13.568,14.068,14.568,14.572,10.472,12.532,14.032
0.028,0.02,8,25,30,25,27,0.5,0.6,2.0,2.1,14.068,14.068,14.068,15.068,15.124,15.624,16.124,16.128,11.968,14.028,15.528
0.028,0.02,9,28,33,28,30,0.56,0.66,2.06,2.16,15.624,15.624,15.624,16.624,16.68,17.18,17.68,17.684,13.464,15.524,17.024
0.028,0.02,10,31,36,31,33,0.62,0.72,2.12,2.22,17.18,17.18,17.18,18.18,18.236,18.736,19.236,19.24,14.96,17.02,18.52
0.028,0.02,11,34,39,34,36,0.68,0.78,2.18,2.28,18.736,18.736,18.736,19.736,19.792,20.292,20.792,20.796,16.456,18.516,20.016
0.028,0.02,12,37,42,37,39,0.74,0.84,2.24,2.34,20.292,20.292,20.292,21.292,21.348,21.848,22.348,22.352,17.952,20.012,21.512
0.028,0.02,13,40,45,40,42,0.8,0.9,2.3,2.4,21.848,21.848,21.848,22.848,22.904,23.404,23.904,23.908,19.448,21.508,23.008
0.028,0.02,14,43,48,43,45,0.86,0.96,2.36,2.46,23.404,23.404,23.404,24.404,24.46,24.96,25.46,25.464,20.944,23.004,24.504
0.028,0.02,15,46,51,46,48,0.92,1.02,2.42,2.52,24.96,24.96,24.96,25.96,26.016,26.516,27.016,27.02,22.44,24.5,26.0
0.028,0.02,16,49,54,49,51,0.98,1.08,2.48,2.58,26.516,26.516,26.516,27.516,27.572,28.072,28.572,28.576,23.936,25.996,27.496
0.028,0.02,17,52,57,52,54,1.04,1.14,2.54,2.64,28.072,28.072,28.072,29.072,29.128,29.628,30.128,30.132,25.432,27.492,28.992
0.028,0.02,18,55,60,55,60,1.1,1.2,2.6,2.7,29.628,29.628,29.628,30.628,30.684,,31.684,31.688,26.928,28.988,30.488
0.28,10.0,0,1,6,1,3,10.0,60.0,11.5,61.5,,61.5,61.5,62.5,62.808,63.308,63.808,63.812,0.0,2.312,3.812
0.28,10.0,1,4,9,4,6,40.0,90.0,41.5,91.5,63.308,91.5,91.5,92.5,92.808,93.308,93.808,93.812,0.0,2.312,3.812
0.28,10.0,2,7,12,7,9,70.0,120.0,71.5,121.5,93.308,121.5,121.5,122.5,122.808,123.308,123.808,123.812,0.0,2.312,3.812
0.28,10.0,3,10,15,10,12,100.0,150.0,101.5,151.5,123.308,151.5,151.5,152.5,152.808,153.308,153.808,153.812,0.0,2.312,3.812
0.28,10.0,4,13,18,13,15,130.0,180.0,131.5,181.5,153.308,181.5,181.5,182.5,182.808,183.308,183.808,183.812,0.0,2.312,3.812
0.28,10.0,5,16,21,16,18,160.0,210.0,161.5,211.5,183.308,211.5,211.5,212.5,212.808,213.308,213.808,213.812,0.0,2.312,3.812
0.28,10.0,6,19,24,19,21,190.0,240.0,191.5,241.5,213.308,241.5,241.5,242.5,242.808,243.308,243.808,243.812,0.0,2.312,3.812
0.28,10.0,7,22,27,22,24,220.0,270.0,221.5,271.5,243.308,271.5,271.5,272.5,272.808,273.308,273.808,273.812,0.0,2.312,3.812
0.28,10.0,8,25,30,25,27,250.0,300.0,251.5,301.5,273.308,301.5,301.5,302.5,302.808,303.308,303.808,303.812,0.0,2.312,3.812
0.28,10.0,9,28,33,28,30,280.0,330.0,281.5,331.5,303.308,331.5,331.5,332.5,332.808,333.308,333.808,333.812,0.0,2.312,3.812
0.28,10.0,10,31,36,31,33,310.0,360.0,311.5,361.5,333.308,361.5,361.5,362.5,362.808,363.308,363.808,363.812,0.0,2.312,3.812
0.28,10.0,11,34,39,34,36,340.0,390.0,341.5,391.5,363.308,391.5,391.5,392.5,392.808,393.308,393.808,393.812,0.0,2.312,3.812
0.28,10.0,12,37,42,37,39,370.0,420.0,371.5,421.5,393.308,421.5,421.5,422.5,422.808,423.308,423.808,423.812,0.0,2.312,3.812
0.28,10.0,13,40,45,40,42,400.0,450.0,401.5,451.5,423.308,451.5,451.5,452.5,452.808,453.308,453.808,453.812,0.0,2.312,3.812
0.28,10.0,14,43,48,43,45,430.0,480.0,431.5,481.5,453.308,481.5,481.5,482.5,482.808,483.308,483.808,483.812,0.0,2.312,3.812
0.28,10.0,15,46,51,46,48,460.0,510.0,461.5,511.5,483.308,511.5,511.5,512.5,512.808,513.308,513.808,513.812,0.0,2.312,3.812
0.28,10.0,16,49,54,49,51,490.0,540.0,491.5,541.5,513.308,541.5,541.5,542.5,542.808,543.308,543.808,543.812,0.0,2.312,3.812
0.28,10.0,17,52,57,52,54,520.0,570.0,521.5,571.5,543.308,571.5,571.5,572.5,572.808,573.308,573.808,573.812,0.0,2.312,3.812
0.28,10.0,18,55,60,55,60,550.0,600.0,551.5,601.5,573.308,601.5,601.5,602.5,602.808,,603.808,603.812,0.0,2.312,3.812
0.28,5.0,0,1,6,1,3,5.0,30.0,6.5,31.5,,31.5,31.5,32.5,32.808,33.308,33.808,33.812,0.0,2.312,3.812
0.28,5.0,1,4,9,4,6,20.0,45.0,21.5,46.5,33.308,46.5,46.5,47.5,47.808,48.308,48.808,48.812,0.0,2.312,3.812
0.28,5.0,2,7,12,7,9,35.0,60.0,36.5,61.5,48.308,61.5,61.5,62.5,62.808,63.308,63.808,63.812,0.0,2.312,3.812
0.28,5.0,3,10,15,10,12,50.0,75.0,51.5,76.5,63.308,76.5,76.5,77.5,77.808,78.308,78.808,78.812,0.0,2.312,3.812
0.28,5.0,4,13,18,13,15,65.0,90.0,66.5,91.5,78.308,91.5,91.5,92.5,92.808,93.308,93.808,93.812,0.0,2.312,3.812
0.28,5.0,5,16,21,16,18,80.0,105.0,81.5,106.5,93.308,106.5,106.5,107.5,107.808,108.308,108.808,108.812,0.0,2.312,3.812
0.28,5.0,6,19,24,19,21,95.0,120.0,96.5,121.5,108.308,121.5,121.5,122.5,122.808,123.308,123.808,123.812,0.0,2.312,3.812
0.28,5.0,7,22,27,22,24,110.0,135.0,111.5,136.5,123.308,136.5,136.5,137.5,137.808,138.308,138.808,138.812,0.0,2.312,3.812
0.28,5.0,8,25,30,25,27,125.0,150.0,126.5,151.5,138.308,151.5,151.5,152.5,152.808,153.308,153.808,153.812,0.0,2.312,3.812
0.28,5.0,9,28,33,28,30,140.0,165.0,141.5,166.5,153.308,166.5,166.5,167.5,167.808,168.308,168.808,168.812,0.0,2.312,3.812
0.28,5.0,10,31,36,31,33,155.0,180.0,156.5,181.5,168.308,181.5,181.5,182.5,182.808,183.308,183.808,183.812,0.0,2.312,3.812
0.28,5.0,11,34,39,34,36,170.0,195.0,171.5,196.5,183.308,196.5,196.5,197.5,197.808,198.308,198.808,198.812,0.0,2.312,3.812
0.28,5.0,12,37,42,37,39,185.0,210.0,186.5,211.5,198.308,211.5,211.5,212.5,212.808,213.308,213.808,213.812,0.0,2.312,3.812
0.28,5.0,13,40,45,40,42,200.0,225.0,201.5,226.5,213.308,226.5,226.5,227.5,227.808,228.308,228.808,228.812,0.0,2.312,3.812
0.28,5.0,14,43,48,43,45,215.0,240.0,216.5,241.5,228.308,241.5,241.5,242.5,242.808,243.308,243.808,243.812,0.0,2.312,3.812
0.28,5.0,15,46,51,46,48,230.0,255.0,231.5,256.5,243.308,256.5,256.5,257.5,257.808,258.308,258.808,258.812,0.0,2.312,3.812
0.28,5.0,16,49,54,49,51,245.0,270.0,246.5,271.5,258.308,271.5,271.5,272.5,272.808,273.308,273.808,273.812,0.0,2.312,3.812
0.28,5.0,17,52,57,52,54,260.0,285.0,261.5,286.5,273.308,286.5,286.5,287.5,287.808,288.308,288.808,288.812,0.0,2.312,3.812
0.28,5.0,18,55,60,55,60,275.0,300.0,276.5,301.5,288.308,301.5,301.5,302.5,302.808,,303.808,303.812,0.0,2.312,3.812
0.28,2.0,0,1,6,1,3,2.0,12.0,3.5,13.5,,13.5,13.5,14.5,14.808,15.308,15.808,15.812,0.0,2.312,3.812
0.28,2.0,1,4,9,4,6,8.0,18.0,9.5,19.5,15.308,19.5,19.5,20.5,20.808,21.308,21.808,21.812,0.0,2.312,3.812
0.28,2.0,2,7,12,7,9,14.0,24.0,15.5,25.5,21.308,25.5,25.5,26.5,26.808,27.308,27.808,27.812,0.0,2.312,3.812
0.28,2.0,3,10,15,10,12,20.0,30.0,21.5,31.5,27.308,31.5,31.5,32.5,32.808,33.308,33.808,33.812,0.0,2.312,3.812
0.28,2.0,4,13,18,13,15,26.0,36.0,27.5,37.5,33.308,37.5,37.5,38.5,38.808,39.308,39.808,39.812,0.0,2.312,3.812
0.28,2.0,5,16,21,16,18,32.0,42.0,33.5,43.5,39.308,43.5,43.5,44.5,44.808,45.308,45.808,45.812,0.0,2.312,3.812
0.28,2.0,6,19,24,19,21,38.0,48.0,39.5,49.5,45.308,49.5,49.5,50.5,50.808,51.308,51.808,51.812,0.0,2.312,3.812
0.28,2.0,7,22,27,22,24,44.0,54.0,45.5,55.5,51.308,55.5,55.5,56.5,56.808,57.308,57.808,57.812,0.0,2.312,3.812
0.28,2.0,8,25,30,25,27,50.0,60.0,51.5,61.5,57.308,61.5,61.5,62.5,62.808,63.308,63.808,63.812,0.0,2.312,3.812
0.28,2.0,9,28,33,28,30,56.0,66.0,57.5,67.5,63.308,67.5,67.5,68.5,68.808,69.308,69.808,69.812,0.0,2.312,3.812
0.28,2.0,10,31,36,31,33,62.0,72.0,63.5,73.5,69.308,73.5,73.5,74.5,74.808,75.308,75.808,75.812,0.0,2.312,3.812
0.28,2.0,11,34,39,34,36,68.0,78.0,69.5,79.5,75.308,79.5,79.5,80.5,80.808,81.308,81.808,81.812,0.0,2.312,3.812
0.28,2.0,12,37,42,37,39,74.0,84.0,75.5,85.5,81.308,85.5,85.5,86.5,86.808,87.308,87.808,87.812,0.0,2.312,3.812
0.28,2.0,13,40,45,40,42,80.0,90.0,81.5,91.5,87.308,91.5,91.5,92.5,92.808,93.308,93.808,93.812,0.0,2.312,3.812
0.28,2.0,14,43,48,43,45,86.0,96.0,87.5,97.5,93.308,97.5,97.5,98.5,98.808,99.308,99.808,99.812,0.0,2.312,3.812
0.28,2.0,15,46,51,46,48,92.0,102.0,93.5,103.5,99.308,103.5,103.5,104.5,104.808,105.308,105.808,105.812,0.0,2.312,3.812
0.28,2.0,16,49,54,49,51,98.0,108.0,99.5,109.5,105.308,109.5,109.5,110.5,110.808,111.308,111.808,111.812,0.0,2.312,3.812
0.28,2.0,17,52,57,52,54,104.0,114.0,105.5,115.5,111.308,115.5,115.5,116.5,116.808,117.308,117.808,117.812,0.0,2.312,3.812
0.28,2.0,18,55,60,55,60,110.0,120.0,111.5,121.5,117.308,121.5,121.5,122.5,122.808,,123.808,123.812,0.0,2.312,3.812
0.28,1.0,0,1,6,1,3,1.0,6.0,2.5,7.5,,7.5,7.5,8.5,8.808,9.308,9.808,9.812,0.0,2.312,3.812
0.28,1.0,1,4,9,4,6,4.0,9.0,5.5,10.5,9.308,10.5,10.5,11.5,11.808,12.308,12.808,12.812,0.0,2.312,3.812
0.28,1.0,2,7,12,7,9,7.0,12.0,8.5,13.5,12.308,13.5,13.5,14.5,14.808,15.308,15.808,15.812,0.0,2.312,3.812
0.28,1.0,3,10,15,10,12,10.0,15.0,11.5,16.5,15.308,16.5,16.5,17.5,17.808,18.308,18.808,18.812,0.0,2.312,3.812
0.28,1.0,4,13,18,13,15,13.0,18.0,14.5,19.5,18.308,19.5,19.5,20.5,20.808,21.308,21.808,21.812,0.0,2.312,3.812
0.28,1.0,5,16,21,16,18,16.0,21.0,17.5,22.5,21.308,22.5,22.5,23.5,23.808,24.308,24.808,24.812,0.0,2.312,3.812
0.28,1.0,6,19,24,19,21,19.0,24.0,20.5,25.5,24.308,25.5,25.5,26.5,26.808,27.308,27.808,27.812,0.0,2.312,3.812
0.28,1.0,7,22,27,22,24,22.0,27.0,23.5,28.5,27.308,28.5,28.5,29.5,29.808,30.308,30.808,30.812,0.0,2.312,3.812
0.28,1.0,8,25,30,25,27,25.0,30.0,26.5,31.5,30.308,31.5,31.5,32.5,32.808,33.308,33.808,33.812,0.0,2.312,3.812
0.28,1.0,9,28,33,28,30,28.0,33.0,29.5,34.5,33.308,34.5,34.5,35.5,35.808,36.308,36.808,36.812,0.0,2.312,3.812
0.28,1.0,10,31,36,31,33,31.0,36.0,32.5,37.5,36.308,37.5,37.5,38.5,38.808,39.308,39.808,39.812,0.0,2.312,3.812
0.28,1.0,11,34,39,34,36,34.0,39.0,35.5,40.5,39.308,40.5,40.5,41.5,41.808,42.308,42.808,42.812,0.0,2.312,3.812
0.28,1.0,12,37,42,37,39,37.0,42.0,38.5,43.5,42.308,43.5,43.5,44.5,44.808,45.308,45.808,45.812,0.0,2.312,3.812
0.28,1.0,13,40,45,40,42,40.0,45.0,41.5,46.5,45.308,46.5,46.5,47.5,47.808,48.308,48.808,48.812,0.0,2.312,3.812
0.28,1.0,14,43,48,43,45,43.0,48.0,44.5,49.5,48.308,49.5,49.5,50.5,50.808,51.308,51.808,51.812,0.0,2.312,3.812
0.28,1.0,15,46,51,46,48,46.0,51.0,47.5,52.5,51.308,52.5,52.5,53.5,53.808,54.308,54.808,54.812,0.0,2.312,3.812
0.28,1.0,16,49,54,49,51,49.0,54.0,50.5,55.5,54.308,55.5,55.5,56.5,56.808,57.308,57.808,57.812,0.0,2.312,3.812
0.28,1.0,17,52,57,52,54,52.0,57.0,53.5,58.5,57.308,58.5,58.5,59.5,59.808,60.308,60.808,60.812,0.0,2.312,3.812
0.28,1.0,18,55,60,55,60,55.0,60.0,56.5,61.5,60.308,61.5,61.5,62.5,62.808,,63.808,63.812,0.0,2.312,3.812
0.28,0.9,0,1,6,1,3,0.9,5.4,2.4,6.9,,6.9,6.9,7.9,8.208,8.708,9.208,9.212,0.0,2.312,3.812
0.28,0.9,1,4,9,4,6,3.6,8.1,5.1,9.6,8.708,9.6,9.6,10.6,10.908,11.408,11.908,11.912,0.0,2.312,3.812
0.28,0.9,2,7,12,7,9,6.3,10.8,7.8,12.3,11.408,12.3,12.3,13.3,13.608,14.108,14.608,14.612,0.0,2.312,3.812
0.28,0.9,3,10,15,10,12,9.0,13.5,10.5,15.0,14.108,15.0,15.0,16.0,16.308,16.808,17.308,17.312,0.0,2.312,3.812
0.28,0.9,4,13,18,13,15,11.7,16.2,13.2,17.7,16.808,17.7,17.7,18.7,19.008,19.508,20.008,20.012,0.0,2.312,3.812
0.28,0.9,5,16,21,16,18,14.4,18.9,15.9,20.4,19.508,20.4,20.4,21.4,21.708,22.208,22.708,22.712,0.0,2.312,3.812
0.28,0.9,6,19,24,19,21,17.1,21.6,18.6,23.1,22.208,23.1,23.1,24.1,24.408,24.908,25.408,25.412,0.0,2.312,3.812
0.28,0.9,7,22,27,22,24,19.8,24.3,21.3,25.8,24.908,25.8,25.8,26.8,27.108,27.608,28.108,28.112,0.0,2.312,3.812
0.28,0.9,8,25,30,25,27,22.5,27.0,24.0,28.5,27.608,28.5,28.5,29.5,29.808,30.308,30.808,30.812,0.0,2.312,3.812
0.28,0.9,9,28,33,28,30,25.2,29.7,26.7,31.2,30.308,31.2,31.2,32.2,32.508,33.008,33.508,33.512,0.0,2.312,3.812
0.28,0.9,10,31,36,31,33,27.9,32.4,29.4,33.9,33.008,33.9,33.9,34.9,35.208,35.708,36.208,36.212,0.0,2.312,3.812
0.28,0.9,11,34,39,34,36,30.6,35.1,32.1,36.6,35.708,36.6,36.6,37.6,37.908,38.408,38.908,38.912,0.0,2.312,3.812
0.28,0.9,12,37,42,37,39,33.3,37.8,34.8,39.3,38.408,39.3,39.3,40.3,40.608,41.108,41.608,41.612,0.0,2.312,3.812
0.28,0.9,13,40,45,40,42,36.0,40.5,37.5,42.0,41.108,42.0,42.0,43.0,43.308,43.808,44.308,44.312,0.0,2.312,3.812
0.28,0.9,14,43,48,43,45,38.7,43.2,40.2,44.7,43.808,44.7,44.7,45.7,46.008,46.508,47.008,47.012,0.0,2.312,3.812
0.28,0.9,15,46,51,46,48,41.4,45.9,42.9,47.4,46.508,47.4,47.4,48.4,48.708,49.208,49.708,49.712,0.0,2.312,3.812
0.28,0.9,16,49,54,49,51,44.1,48.6,45.6,50.1,49.208,50.1,50.1,51.1,51.408,51.908,52.408,52.412,0.0,2.312,3.812
0.28,0.9,17,52,57,52,54,46.8,51.3,48.3,52.8,51.908,52.8,52.8,53.8,54.108,54.608,55.108,55.112,0.0,2.312,3.812
0.28,0.9,18,55,60,55,60,49.5,54.0,51.0,55.5,54.608,55.5,55.5,56.5,56.808,,57.808,57.812,0.0,2.312,3.812
0.28,0.85,0,1,6,1,3,0.85,5.1,2.35,6.6,,6.6,6.6,7.6,7.908,8.408,8.908,8.912,0.0,2.312,3.812
0.28,0.85,1,4,9,4,6,3.4,7.65,4.9,9.15,8.408,9.15,9.15,10.15,10.458,10.958,11.458,11.462,0.0,2.312,3.812
0.28,0.85,2,7,12,7,9,5.95,10.2,7.45,11.7,10.958,11.7,11.7,12.7,13.008,13.508,14.008,14.012,0.0,2.312,3.812
0.28,0.85,3,10,15,10,12,8.5,12.75,10.0,14.25,13.508,14.25,14.25,15.25,15.558,16.058,16.558,16.562,0.0,2.312,3.812
0.28,0.85,4,13,18,13,15,11.05,15.3,12.55,16.8,16.058,16.8,16.8,17.8,18.108,18.608,19.108,19.112,0.0,2.312,3.812
0.28,0.85,5,16,21,16,18,13.6,17.85,15.1,19.35,18.608,19.35,19.35,20.35,20.658,21.158,21.658,21.662,0.0,2.312,3.812
0.28,0.85,6,19,24,19,21,16.15,20.4,17.65,21.9,21.158,21.9,21.9,22.9,23.208,23.708,24.208,24.212,0.0,2.312,3.812
0.28,0.85,7,22,27,22,24,18.7,22.95,20.2,24.45,23.708,24.45,24.45,25.45,25.758,26.258,26.758,26.762,0.0,2.312,3.812
0.28,0.85,8,25,30,25,27,21.25,25.5,22.75,27.0,26.258,27.0,27.0,28.0,28.308,28.808,29.308,29.312,0.0,2.312,3.812
0.28,0.85,9,28,33,28,30,23.8,28.05,25.3,29.55,28.808,29.55,29.55,30.55,30.858,31.358,31.858,31.862,0.0,2.312,3.812
0.28,0.85,10,31,36,31,33,26.35,30.6,27.85,32.1,31.358,32.1,32.1,33.1,33.408,33.908,34.408,34.412,0.0,2.312,3.812
0.28,0.85,11,34,39,34,36,28.9,33.15,30.4,34.65,33.908,34.65,34.65,35.65,35.958,36.458,36.958,36.962,0.0,2.312,3.812
0.28,0.85,12,37,42,37,39,31.45,35.7,32.95,37.2,36.458,37.2,37.2,38.2,38.508,39.008,39.508,39.512,0.0,2.312,3.812
0.28,0.85,13,40,45,40,42,34.0,38.25,35.5,39.75,39.008,39.75,39.75,40.75,41.058,41.558,42.058,42.062,0.0,2.312,3.812
0.28,0.85,14,43,48,43,45,36.55,40.8,38.05,42.3,41.558,42.3,42.3,43.3,43.608,44.108,44.608,44.612,0.0,2.312,3.812
0.28,0.85,15,46,51,46,48,39.1,43.35,40.6,44.85,44.108,44.85,44.85,45.85,46.158,46.658,47.158,47.162,0.0,2.312,3.812
0.28,0.85,16,49,54,49,51,41.65,45.9,43.15,47.4,46.658,47.4,47.4,48.4,48.708,49.208,49.708,49.712,0.0,2.312,3.812
0.28,0.85,17,52,57,52,54,44.2,48.45,45.7,49.95,49.208,49.95,49.95,50.95,51.258,51.758,52.258,52.262,0.0,2.312,3.812
0.28,0.85,18,55,60,55,60,46.75,51.0,48.25,52.5,51.758,52.5,52.5,53.5,53.808,,54.808,54.812,0.0,2.312,3.812
0.28,0.8,0,1,6,1,3,0.8,4.8,2.3,6.3,,6.3,6.3,7.3,7.608,8.108,8.608,8.612,0.0,2.312,3.812
0.28,0.8,1,4,9,4,6,3.2,7.2,4.7,8.7,8.108,8.7,8.7,9.7,10.008,10.508,11.008,11.012,0.0,2.312,3.812
0.28,0.8,2,7,12,7,9,5.6,9.6,7.1,11.1,10.508,11.1,11.1,12.1,12.408,12.908,13.408,13.412,0.0,2.312,3.812
0.28,0.8,3,10,15,10,12,8.0,12.0,9.5,13.5,12.908,13.5,13.5,14.5,14.808,15.308,15.808,15.812,0.0,2.312,3.812
0.28,0.8,4,13,18,13,15,10.4,14.4,11.9,15.9,15.308,15.9,15.9,16.9,17.208,17.708,18.208,18.212,0.0,2.312,3.812
0.28,0.8,5,16,21,16,18,12.8,16.8,14.3,18.3,17.708,18.3,18.3,19.3,19.608,20.108,20.608,20.612,0.0,2.312,3.812
0.28,0.8,6,19,24,19,21,15.2,19.2,16.7,20.7,20.108,20.7,20.7,21.7,22.008,22.508,23.008,23.012,0.0,2.312,3.812
0.28,0.8,7,22,27,22,24,17.6,21.6,19.1,23.1,22.508,23.1,23.1,24.1,24.408,24.908,25.408,25.412,0.0,2.312,3.812
0.28,0.8,8,25,30,25,27,20.0,24.0,21.5,25.5,24.908,25.5,25.5,26.5,26.808,27.308,27.808,27.812,0.0,2.312,3.812
0.28,0.8,9,28,33,28,30,22.4,26.4,23.9,27.9,27.308,27.9,27.9,28.9,29.208,29.708,30.208,30.212,0.0,2.312,3.812
0.28,0.8,10,31,36,31,33,24.8,28.8,26.3,30.3,29.708,30.3,30.3,31.3,31.608,32.108,32.608,32.612,0.0,2.312,3.812
0.28,0.8,11,34,39,34,36,27.2,31.2,28.7,32.7,32.108,32.7,32.7,33.7,34.008,34.508,35.008,35.012,0.0,2.312,3.812
0.28,0.8,12,37,42,37,39,29.6,33.6,31.1,35.1,34.508,35.1,35.1,36.1,36.408,36.908,37.408,37.412,0.0,2.312,3.812
0.28,0.8,13,40,45,40,42,32.0,36.0,33.5,37.5,36.908,37.5,37.5,38.5,38.808,39.308,39.808,39.812,0.0,2.312,3.812
0.28,0.8,14,43,48,43,45,34.4,38.4,35.9,39.9,39.308,39.9,39.9,40.9,41.208,41.708,42.208,42.212,0.0,2.312,3.812
0.28,0.8,15,46,51,46,48,36.8,40.8,38.3,42.3,41.708,42.3,42.3,43.3,43.608,44.108,44.608,44.612,0.0,2.312,3.812
0.28,0.8,16,49,54,49,51,39.2,43.2,40.7,44.7,44.108,44.7,44.7,45.7,46.008,46.508,47.008,47.012,0.0,2.312,3.812
0.28,0.8,17,52,57,52,54,41.6,45.6,43.1,47.1,46.508,47.1,47.1,48.1,48.408,48.908,49.408,49.412,0.0,2.312,3.812
0.28,0.8,18,55,60,55,60,44.0,48.0,45.5,49.5,48.908,49.5,49.5,50.5,50.808,,51.808,51.812,0.0,2.312,3.812
0.28,0.5,0,1,6,1,3,0.5,3.0,2.0,4.5,,4.5,4.5,5.5,5.808,6.308,6.808,6.812,0.0,2.312,3.812
0.28,0.5,1,4,9,4,6,2.0,4.5,3.5,6.0,6.308,6.308,6.308,7.308,7.616,8.116,8.616,8.62,0.308,2.62,4.12
0.28,0.5,2,7,12,7,9,3.5,6.0,5.0,7.5,8.116,8.116,8.116,9.116,9.424,9.924,10.424,10.428,0.616,2.928,4.428
0.28,0.5,3,10,15,10,12,5.0,7.5,6.5,9.0,9.924,9.924,9.924,10.924,11.232,11.732,12.232,12.236,0.924,3.236,4.736
0.28,0.5,4,13,18,13,15,6.5,9.0,8.0,10.5,11.732,11.732,11.732,12.732,13.04,13.54,14.04,14.044,1.232,3.544,5.044
0.28,0.5,5,16,21,16,18,8.0,10.5,9.5,12.0,13.54,13.54,13.54,14.54,14.848,15.348,15.848,15.852,1.54,3.852,5.352
0.28,0.5,6,19,24,19,21,9.5,12.0,11.0,13.5,15.348,15.348,15.348,16.348,16.656,17.156,17.656,17.66,1.848,4.16,5.66
0.28,0.5,7,22,27,22,24,11.0,13.5,12.5,15.0,17.156,17.156,17.156,18.156,18.464,18.964,19.464,19.468,2.156,4.468,5.968
0.28,0.5,8,25,30,25,27,12.5,15.0,14.0,16.5,18.964,18.964,18.964,19.964,20.272,20.772,21.272,21.276,2.464,4.776,6.276
0.28,0.5,9,28,33,28,30,14.0,16.5,15.5,18.0,20.772,20.772,20.772,21.772,22.08,22.58,23.08,23.084,2.772,5.084,6.584
0.28,0.5,10,31,36,31,33,15.5,18.0,17.0,19.5,22.58,22.58,22.58,23.58,23.888,24.388,24.888,24.892,3.08,5.392,6.892
0.28,0.5,11,34,39,34,36,17.0,19.5,18.5,21.0,24.388,24.388,24.388,25.388,25.696,26.196,26.696,26.7,3.388,5.7,7.2
0.28,0.5,12,37,42,37,39,18.5,21.0,20.0,22.5,26.196,26.196,26.196,27.196,27.504,28.004,28.504,28.508,3.696,6.008,7.508
0.28,0.5,13,40,45,40,42,20.0,22.5,21.5,24.0,28.004,28.004,28.004,29.004,29.312,29.812,30.312,30.316,4.004,6.316,7.816
0.28,0.5,14,43,48,43,45,21.5,24.0,23.0,25.5,29.812,29.812,29.812,30.812,31.12,31.62,32.12,32.124,4.312,6.624,8.124
0.28,0.5,15,46,51,46,48,23.0,25.5,24.5,27.0,31.62,31.62,31.62,32.62,32.928,33.428,33.928,33.932,4.62,6.932,8.432
0.28,0.5,16,49,54,49,51,24.5,27.0,26.0,28.5,33.428,33.428,33.428,34.428,34.736,35.236,35.736,35.74,4.928,7.24,8.74
0.28,0.5,17,52,57,52,54,26.0,28.5,27.5,30.0,35.236,35.236,35.236,36.236,36.544,37.044,37.544,37.548,5.236,7.548,9.048
0.28,0.5,18,55,60,55,60,27.5,30.0,29.0,31.5,37.044,37.044,37.044,38.044,38.352,,39.352,39.356,5.544,7.856,9.356
0.28,0.2,0,1,6,1,3,0.2,1.2,1.7,2.7,,2.7,2.7,3.7,4.008,4.508,5.008,5.012,0.0,2.312,3.812
0.28,0.2,1,4,9,4,6,0.8,1.8,2.3,3.3,4.508,4.508,4.508,5.508,5.816,6.316,6.816,6.82,1.208,3.52,5.02
0.28,0.2,2,7,12,7,9,1.4,2.4,2.9,3.9,6.316,6.316,6.316,7.316,7.624,8.124,8.624,8.628,2.416,4.728,6.228
0.28,0.2,3,10,15,10,12,2.0,3.0,3.5,4.5,8.124,8.124,8.124,9.124,9.432,9.932,10.432,10.436,3.624,5.936,7.436
0.28,0.2,4,13,18,13,15,2.6,3.6,4.1,5.1,9.932,9.932,9.932,10.932,11.24,11.74,12.24,12.244,4.832,7.144,8.644
0.28,0.2,5,16,21,16,18,3.2,4.2,4.7,5.7,11.74,11.74,11.74,12.74,13.048,13.548,14.048,14.052,6.04,8.352,9.852
0.28,0.2,6,19,24,19,21,3.8,4.8,5.3,6.3,13.548,13.548,13.548,14.548,14.856,15.356,15.856,15.86,7.248,9.56,11.06
0.28,0.2,7,22,27,22,24,4.4,5.4,5.9,6.9,15.356,15.356,15.356,16.356,16.664,17.164,17.664,17.668,8.456,10.768,12.268
0.28,0.2,8,25,30,25,27,5.0,6.0,6.5,7.5,17.164,17.164,17.164,18.164,18.472,18.972,19.472,19.476,9.664,11.976,13.476
0.28,0.2,9,28,33,28,30,5.6,6.6,7.1,8.1,18.972,18.972,18.972,19.972,20.28,20.78,21.28,21.284,10.872,13.184,14.684
0.28,0.2,10,31,36,31,33,6.2,7.2,7.7,8.7,20.78,20.78,20.78,21.78,22.088,22.588,23.088,23.092,12.08,14.392,15.892
0.28,0.2,11,34,39,34,36,6.8,7.8,8.3,9.3,22.588,22.588,22.588,23.588,23.896,24.396,24.896,24.9,13.288,15.6,17.1
0.28,0.2,12,37,42,37,39,7.4,8.4,8.9,9.9,24.396,24.396,24.396,25.396,25.704,26.204,26.704,26.708,14.496,16.808,18.308
0.28,0.2,13,40,45,40,42,8.0,9.0,9.5,10.5,26.204,26.204,26.204,27.204,27.512,28.012,28.512,28.516,15.704,18.016,19.516
0.28,0.2,14,43,48,43,45,8.6,9.6,10.1,11.1,28.012,28.012,28.012,29.012,29.32,29.82,30.32,30.324,16.912,19.224,20.724
0.28,0.2,15,46,51,46,48,9.2,10.2,10.7,11.7,29.82,29.82,29.82,30.82,31.128,31.628,32.128,32.132,18.12,20.432,21.932
0.28,0.2,16,49,54,49,51,9.8,10.8,11.3,12.3,31.628,31.628,31.628,32.628,32.936,33.436,33.936,33.94,19.328,21.64,23.14
0.28,0.2,17,52,57,52,54,10.4,11.4,11.9,12.9,33.436,33.436,33.436,34.436,34.744,35.244,35.744,35.748,20.536,22.848,24.348
0.28,0.2,18,55,60,55,60,11.0,12.0,12.5,13.5,35.244,35.244,35.244,36.244,36.552,,37.552,37.556,21.744,24.056,25.556
0.28,0.1,0,1,6,1,3,0.1,0.6,1.6,2.1,,2.1,2.1,3.1,3.408,3.908,4.408,4.412,0.0,2.312,3.812
0.28,0.1,1,4,9,4,6,0.4,0.9,1.9,2.4,3.908,3.908,3.908,4.908,5.216,5.716,6.216,6.22,1.508,3.82,5.32
0.28,0.1,2,7,12,7,9,0.7,1.2,2.2,2.7,5.716,5.716,5.716,6.716,7.024,7.524,8.024,8.028,3.016,5.328,6.828
0.28,0.1,3,10,15,10,12,1.0,1.5,2.5,3.0,7.524,7.524,7.524,8.524,8.832,9.332,9.832,9.836,4.524,6.836,8.336
0.28,0.1,4,13,18,13,15,1.3,1.8,2.8,3.3,9.332,9.332,9.332,10.332,10.64,11.14,11.64,11.644,6.032,8.344,9.844
0.28,0.1,5,16,21,16,18,1.6,2.1,3.1,3.6,11.14,11.14,11.14,12.14,12.448,12.948,13.448,13.452,7.54,9.852,11.352
0.28,0.1,6,19,24,19,21,1.9,2.4,3.4,3.9,12.948,12.948,12.948,13.948,14.256,14.756,15.256,15.26,9.048,11.36,12.86
0.28,0.1,7,22,27,22,24,2.2,2.7,3.7,4.2,14.756,14.756,14.756,15.756,16.064,16.564,17.064,17.068,10.556,12.868,14.368
0.28,0.1,8,25,30,25,27,2.5,3.0,4.0,4.5,16.564,16.564,16.564,17.564,17.872,18.372,18.872,18.876,12.064,14.376,15.876
0.28,0.1,9,28,33,28,30,2.8,3.3,4.3,4.8,18.372,18.372,18.372,19.372,19.68,20.18,20.68,20.684,13.572,15.884,17.384
0.28,0.1,10,31,36,31,33,3.1,3.6,4.6,5.1,20.18,20.18,20.18,21.18,21.488,21.988,22.488,22.492,15.08,17.392,18.892
0.28,0.1,11,34,39,34,36,3.4,3.9,4.9,5.4,21.988,21.988,21.988,22.988,23.296,23.796,24.296,24.3,16.588,18.9,20.4
0.28,0.1,12,37,42,37,39,3.7,4.2,5.2,5.7,23.796,23.796,23.796,24.796,25.104,25.604,26.104,26.108,18.096,20.408,21.908
0.28,0.1,13,40,45,40,42,4.0,4.5,5.5,6.0,25.604,25.604,25.604,26.604,26.912,27.412,27.912,27.916,19.604,21.916,23.416
0.28,0.1,14,43,48,43,45,4.3,4.8,5.8,6.3,27.412,27.412,27.412,28.412,28.72,29.22,29.72,29.724,21.112,23.424,24.924
0.28,0.1,15,46,51,46,48,4.6,5.1,6.1,6.6,29.22,29.22,29.22,30.22,30.528,31.028,31.528,31.532,22.62,24.932,26.432
0.28,0.1,16,49,54,49,51,4.9,5.4,6.4,6.9,31.028,31.028,31.028,32.028,32.336,32.836,33.336,33.34,24.128,26.44,27.94
0.28,0.1,17,52,57,52,54,5.2,5.7,6.7,7.2,32.836,32.836,32.836,33.836,34.144,34.644,35.144,35.148,25.636,27.948,29.448
0.28,0.1,18,55,60,55,60,5.5,6.0,7.0,7.5,34.644,34.644,34.644,35.644,35.952,,36.952,36.956,27.144,29.456,30.956
0.28,0.05,0,1,6,1,3,0.05,0.3,1.55,1.8,,1.8,1.8,2.8,3.108,3.608,4.108,4.112,0.0,2.312,3.812
0.28,0.05,1,4,9,4,6,0.2,0.45,1.7,1.95,3.608,3.608,3.608,4.608,4.916,5.416,5.916,5.92,1.658,3.97,5.47
0.28,0.05,2,7,12,7,9,0.35,0.6,1.85,2.1,5.416,5.416,5.416,6.416,6.724,7.224,7.724,7.728,3.316,5.628,7.128
0.28,0.05,3,10,15,10,12,0.5,0.75,2.0,2.25,7.224,7.224,7.224,8.224,8.532,9.032,9.532,9.536,4.974,7.286,8.786
0.28,0.05,4,13,18,13,15,0.65,0.9,2.15,2.4,9.032,9.032,9.032,10.032,10.34,10.84,11.34,11.344,6.632,8.944,10.444
0.28,0.05,5,16,21,16,18,0.8,1.05,2.3,2.55,10.84,10.84,10.84,11.84,12.148,12.648,13.148,13.152,8.29,10.602,12.102
0.28,0.05,6,19,24,19,21,0.95,1.2,2.45,2.7,12.648,12.648,12.648,13.648,13.956,14.456,14.956,14.96,9.948,12.26,13.76
0.28,0.05,7,22,27,22,24,1.1,1.35,2.6,2.85,14.456,14.456,14.456,15.456,15.764,16.264,16.764,16.768,11.606,13.918,15.418
0.28,0.05,8,25,30,25,27,1.25,1.5,2.75,3.0,16.264,16.264,16.264,17.264,17.572,18.072,18.572,18.576,13.264,15.576,17.076
0.28,0.05,9,28,33,28,30,1.4,1.65,2.9,3.15,18.072,18.072,18.072,19.072,19.38,19.88,20.38,20.384,14.922,17.234,18.734
0.28,0.05,10,31,36,31,33,1.55,1.8,3.05,3.3,19.88,19.88,19.88,20.88,21.188,21.688,22.188,22.192,16.58,18.892,20.392
0.28,0.05,11,34,39,34,36,1.7,1.95,3.2,3.45,21.688,21.688,21.688,22.688,22.996,23.496,23.996,24.0,18.238,20.55,22.05
0.28,0.05,12,37,42,37,39,1.85,2.1,3.35,3.6,23.496,23.496,23.496,24.496,24.804,25.304,25.804,25.808,19.896,22.208,23.708
0.28,0.05,13,40,45,40,42,2.0,2.25,3.5,3.75,25.304,25.304,25.304,26.304,26.612,27.112,27.612,27.616,21.554,23.866,25.366
0.28,0.05,14,43,48,43,45,2.15,2.4,3.65,3.9,27.112,27.112,27.112,28.112,28.42,28.92,29.42,29.424,23.212,25.524,27.024
0.28,0.05,15,46,51,46,48,2.3,2.55,3.8,4.05,28.92,28.92,28.92,29.92,30.228,30.728,31.228,31.232,24.87,27.182,28.682
0.28,0.05,16,49,54,49,51,2.45,2.7,3.95,4.2,30.728,30.728,30.728,31.728,32.036,32.536,33.036,33.04,26.528,28.84,30.34
0.28,0.05,17,52,57,52,54,2.6,2.85,4.1,4.35,32.536,32.536,32.536,33.536,33.844,34.344,34.844,34.848,28.186,30.498,31.998
0.28,0.05,18,55,60,55,60,2.75,3.0,4.25,4.5,34.344,34.344,34.344,35.344,35.652,,36.652,36.656,29.844,32.156,33.656
0.28,0.02,0,1,6,1,3,0.02,0.12,1.52,1.62,,1.62,1.62,2.62,2.928,3.428,3.928,3.932,0.0,2.312,3.812
0.28,0.02,1,4,9,4,6,0.08,0.18,1.58,1.68,3.428,3.428,3.428,4.428,4.736,5.236,5.736,5.74,1.748,4.06,5.56
0.28,0.02,2,7,12,7,9,0.14,0.24,1.64,1.74,5.236,5.236,5.236,6.236,6.544,7.044,7.544,7.548,3.496,5.808,7.308
0.28,0.02,3,10,15,10,12,0.2,0.3,1.7,1.8,7.044,7.044,7.044,8.044,8.352,8.852,9.352,9.356,5.244,7.556,9.056
0.28,0.02,4,13,18,13,15,0.26,0.36,1.76,1.86,8.852,8.852,8.852,9.852,10.16,10.66,11.16,11.164,6.992,9.304,10.804
0.28,0.02,5,16,21,16,18,0.32,0.42,1.82,1.92,10.66,10.66,10.66,11.66,11.968,12.468,12.968,12.972,8.74,11.052,12.552
0.28,0.02,6,19,24,19,21,0.38,0.48,1.88,1.98,12.468,12.468,12.468,13.468,13.776,14.276,14.776,14.78,10.488,12.8,14.3
0.28,0.02,7,22,27,22,24,0.44,0.54,1.94,2.04,14.276,14.276,14.276,15.276,15.584,16.084,16.584,16.588,12.236,14.548,16.048
0.28,0.02,8,25,30,25,27,0.5,0.6,2.0,2.1,16.084,16.084,16.084,17.084,17.392,17.892,18.392,18.396,13.984,16.296,17.796
0.28,0.02,9,28,33,28,30,0.56,0.66,2.06,2.16,17.892,17.892,17.892,18.892,19.2,19.7,20.2,20.204,15.732,18.044,19.544
0.28,0.02,10,31,36,31,33,0.62,0.72,2.12,2.22,19.7,19.7,19.7,20.7,21.008,21.508,22.008,22.012,17.48,19.792,21.292
0.28,0.02,11,34,39,34,36,0.68,0.78,2.18,2.28,21.508,21.508,21.508,22.508,22.816,23.316,23.816,23.82,19.228,21.54,23.04
0.28,0.02,12,37,42,37,39,0.74,0.84,2.24,2.34,23.316,23.316,23.316,24.316,24.624,25.124,25.624,25.628,20.976,23.288,24.788
0.28,0.02,13,40,45,40,42,0.8,0.9,2.3,2.4,25.124,25.124,25.124,26.124,26.432,26.932,27.432,27.436,22.724,25.036,26.536
0.28,0.02,14,43,48,43,45,0.86,0.96,2.36,2.46,26.932,26.932,26.932,27.932,28.24,28.74,29.24,29.244,24.472,26.784,28.284
0.28,0.02,15,46,51,46,48,0.92,1.02,2.42,2.52,28.74,28.74,28.74,29.74,30.048,30.548,31.048,31.052,26.22,28.532,30.032
0.28,0.02,16,49,54,49,51,0.98,1.08,2.48,2.58,30.548,30.548,30.548,31.548,31.856,32.356,32.856,32.86,27.968,30.28,31.78
0.28,0.02,17,52,57,52,54,1.04,1.14,2.54,2.64,32.356,32.356,32.356,33.356,33.664,34.164,34.664,34.668,29.716,32.028,33.528
0.28,0.02,18,55,60,55,60,1.1,1.2,2.6,2.7,34.164,34.164,34.164,35.164,35.472,,36.472,36.476,31.464,33.776,35.276
measured,10.0,0,1,6,1,3,10.0,60.0,11.5,61.5,,61.5,61.5,62.5,67.178,67.678,68.178,68.182,0.0,6.682,8.182
measured,10.0,1,4,9,4,6,40.0,90.0,41.5,91.5,67.678,91.5,91.5,92.5,96.678,97.178,97.678,97.682,0.0,6.182,7.682
measured,10.0,2,7,12,7,9,70.0,120.0,71.5,121.5,97.178,121.5,121.5,122.5,126.738,127.238,127.738,127.742,0.0,6.242,7.742
measured,10.0,3,10,15,10,12,100.0,150.0,101.5,151.5,127.238,151.5,151.5,152.5,156.577,157.077,157.577,157.581,0.0,6.081,7.581
measured,10.0,4,13,18,13,15,130.0,180.0,131.5,181.5,157.077,181.5,181.5,182.5,186.558,187.058,187.558,187.562,0.0,6.062,7.562
measured,10.0,5,16,21,16,18,160.0,210.0,161.5,211.5,187.058,211.5,211.5,212.5,216.579,217.079,217.579,217.583,0.0,6.083,7.583
measured,10.0,6,19,24,19,21,190.0,240.0,191.5,241.5,217.079,241.5,241.5,242.5,246.668,247.168,247.668,247.672,0.0,6.172,7.672
measured,10.0,7,22,27,22,24,220.0,270.0,221.5,271.5,247.168,271.5,271.5,272.5,276.779,277.279,277.779,277.783,0.0,6.283,7.783
measured,10.0,8,25,30,25,27,250.0,300.0,251.5,301.5,277.279,301.5,301.5,302.5,306.858,307.358,307.858,307.862,0.0,6.362,7.862
measured,10.0,9,28,33,28,30,280.0,330.0,281.5,331.5,307.358,331.5,331.5,332.5,336.378,336.878,337.378,337.382,0.0,5.882,7.382
measured,10.0,10,31,36,31,33,310.0,360.0,311.5,361.5,336.878,361.5,361.5,362.5,366.308,366.808,367.308,367.312,0.0,5.812,7.312
measured,10.0,11,34,39,34,36,340.0,390.0,341.5,391.5,366.808,391.5,391.5,392.5,397.358,397.858,398.358,398.362,0.0,6.862,8.362
measured,10.0,12,37,42,37,39,370.0,420.0,371.5,421.5,397.858,421.5,421.5,422.5,428.278,428.778,429.278,429.282,0.0,7.782,9.282
measured,10.0,13,40,45,40,42,400.0,450.0,401.5,451.5,428.778,451.5,451.5,452.5,457.298,457.798,458.298,458.302,0.0,6.802,8.302
measured,10.0,14,43,48,43,45,430.0,480.0,431.5,481.5,457.798,481.5,481.5,482.5,486.499,486.999,487.499,487.503,0.0,6.003,7.503
measured,10.0,15,46,51,46,48,460.0,510.0,461.5,511.5,486.999,511.5,511.5,512.5,516.728,517.228,517.728,517.732,0.0,6.232,7.732
measured,10.0,16,49,54,49,51,490.0,540.0,491.5,541.5,517.228,541.5,541.5,542.5,546.588,547.088,547.588,547.592,0.0,6.092,7.592
measured,10.0,17,52,57,52,54,520.0,570.0,521.5,571.5,547.088,571.5,571.5,572.5,577.228,577.728,578.228,578.232,0.0,6.732,8.232
measured,10.0,18,55,60,55,60,550.0,600.0,551.5,601.5,577.728,601.5,601.5,602.5,608.528,,609.528,609.532,0.0,8.032,9.532
measured,5.0,0,1,6,1,3,5.0,30.0,6.5,31.5,,31.5,31.5,32.5,37.588,38.088,38.588,38.592,0.0,7.092,8.592
measured,5.0,1,4,9,4,6,20.0,45.0,21.5,46.5,38.088,46.5,46.5,47.5,51.808,52.308,52.808,52.812,0.0,6.312,7.812
measured,5.0,2,7,12,7,9,35.0,60.0,36.5,61.5,52.308,61.5,61.5,62.5,66.758,67.258,67.758,67.762,0.0,6.262,7.762
measured,5.0,3,10,15,10,12,50.0,75.0,51.5,76.5,67.258,76.5,76.5,77.5,81.668,82.168,82.668,82.672,0.0,6.172,7.672
measured,5.0,4,13,18,13,15,65.0,90.0,66.5,91.5,82.168,91.5,91.5,92.5,96.948,97.448,97.948,97.952,0.0,6.452,7.952
measured,5.0,5,16,21,16,18,80.0,105.0,81.5,106.5,97.448,106.5,106.5,107.5,111.858,112.358,112.858,112.862,0.0,6.362,7.862
measured,5.0,6,19,24,19,21,95.0,120.0,96.5,121.5,112.358,121.5,121.5,122.5,126.628,127.128,127.628,127.632,0.0,6.132,7.632
measured,5.0,7,22,27,22,24,110.0,135.0,111.5,136.5,127.128,136.5,136.5,137.5,141.608,142.108,142.608,142.612,0.0,6.112,7.612
measured,5.0,8,25,30,25,27,125.0,150.0,126.5,151.5,142.108,151.5,151.5,152.5,157.108,157.608,158.108,158.112,0.0,6.612,8.112
measured,5.0,9,28,33,28,30,140.0,165.0,141.5,166.5,157.608,166.5,166.5,167.5,171.728,172.228,172.728,172.732,0.0,6.232,7.732
measured,5.0,10,31,36,31,33,155.0,180.0,156.5,181.5,172.228,181.5,181.5,182.5,186.648,187.148,187.648,187.652,0.0,6.152,7.652
measured,5.0,11,34,39,34,36,170.0,195.0,171.5,196.5,187.148,196.5,196.5,197.5,202.708,203.208,203.708,203.712,0.0,7.212,8.712
measured,5.0,12,37,42,37,39,185.0,210.0,186.5,211.5,203.208,211.5,211.5,212.5,218.618,219.118,219.618,219.622,0.0,8.122,9.622
measured,5.0,13,40,45,40,42,200.0,225.0,201.5,226.5,219.118,226.5,226.5,227.5,232.638,233.138,233.638,233.642,0.0,7.142,8.642
measured,5.0,14,43,48,43,45,215.0,240.0,216.5,241.5,233.138,241.5,241.5,242.5,246.538,247.038,247.538,247.542,0.0,6.042,7.542
measured,5.0,15,46,51,46,48,230.0,255.0,231.5,256.5,247.038,256.5,256.5,257.5,261.808,262.308,262.808,262.812,0.0,6.312,7.812
measured,5.0,16,49,54,49,51,245.0,270.0,246.5,271.5,262.308,271.5,271.5,272.5,276.778,277.278,277.778,277.782,0.0,6.282,7.782
measured,5.0,17,52,57,52,54,260.0,285.0,261.5,286.5,277.278,286.5,286.5,287.5,292.068,292.568,293.068,293.072,0.0,6.572,8.072
measured,5.0,18,55,60,55,60,275.0,300.0,276.5,301.5,292.568,301.5,301.5,302.5,308.438,,309.438,309.442,0.0,7.942,9.442
measured,2.0,0,1,6,1,3,2.0,12.0,3.5,13.5,,13.5,13.5,14.5,19.718,20.218,20.718,20.722,0.0,7.222,8.722
measured,2.0,1,4,9,4,6,8.0,18.0,9.5,19.5,20.218,20.218,20.218,21.218,25.766,26.266,26.766,26.77,0.718,7.27,8.77
measured,2.0,2,7,12,7,9,14.0,24.0,15.5,25.5,26.266,26.266,26.266,27.266,31.803,32.303,32.803,32.807,0.766,7.307,8.807
measured,2.0,3,10,15,10,12,20.0,30.0,21.5,31.5,32.303,32.303,32.303,33.303,37.571,38.071,38.571,38.575,0.803,7.075,8.575
measured,2.0,4,13,18,13,15,26.0,36.0,27.5,37.5,38.071,38.071,38.071,39.071,43.199,43.699,44.199,44.203,0.571,6.703,8.203
measured,2.0,5,16,21,16,18,32.0,42.0,33.5,43.5,43.699,43.699,43.699,44.699,48.767,49.267,49.767,49.771,0.199,6.271,7.771
measured,2.0,6,19,24,19,21,38.0,48.0,39.5,49.5,49.267,49.5,49.5,50.5,54.898,55.398,55.898,55.902,0.0,6.402,7.902
measured,2.0,7,22,27,22,24,44.0,54.0,45.5,55.5,55.398,55.5,55.5,56.5,60.948,61.448,61.948,61.952,0.0,6.452,7.952
measured,2.0,8,25,30,25,27,50.0,60.0,51.5,61.5,61.448,61.5,61.5,62.5,66.768,67.268,67.768,67.772,0.0,6.272,7.772
measured,2.0,9,28,33,28,30,56.0,66.0,57.5,67.5,67.268,67.5,67.5,68.5,72.328,72.828,73.328,73.332,0.0,5.832,7.332
measured,2.0,10,31,36,31,33,62.0,72.0,63.5,73.5,72.828,73.5,73.5,74.5,78.839,79.339,79.839,79.843,0.0,6.343,7.843
measured,2.0,11,34,39,34,36,68.0,78.0,69.5,79.5,79.339,79.5,79.5,80.5,85.208,85.708,86.208,86.212,0.0,6.712,8.212
measured,2.0,12,37,42,37,39,74.0,84.0,75.5,85.5,85.708,85.708,85.708,86.708,92.476,92.976,93.476,93.48,0.208,7.98,9.48
measured,2.0,13,40,45,40,42,80.0,90.0,81.5,91.5,92.976,92.976,92.976,93.976,98.664,99.164,99.664,99.668,1.476,8.168,9.668
measured,2.0,14,43,48,43,45,86.0,96.0,87.5,97.5,99.164,99.164,99.164,100.164,104.252,104.752,105.252,105.256,1.664,7.756,9.256
measured,2.0,15,46,51,46,48,92.0,102.0,93.5,103.5,104.752,104.752,104.752,105.752,109.93,110.43,110.93,110.934,1.252,7.434,8.934
measured,2.0,16,49,54,49,51,98.0,108.0,99.5,109.5,110.43,110.43,110.43,111.43,115.358,115.858,116.358,116.362,0.93,6.862,8.362
measured,2.0,17,52,57,52,54,104.0,114.0,105.5,115.5,115.858,115.858,115.858,116.858,121.266,121.766,122.266,122.27,0.358,6.77,8.27
measured,2.0,18,55,60,55,60,110.0,120.0,111.5,121.5,121.766,121.766,121.766,122.766,128.864,,129.864,129.868,0.266,8.368,9.868
measured,1.0,0,1,6,1,3,1.0,6.0,2.5,7.5,,7.5,7.5,8.5,13.108,13.608,14.108,14.112,0.0,6.612,8.112
measured,1.0,1,4,9,4,6,4.0,9.0,5.5,10.5,13.608,13.608,13.608,14.608,18.636,19.136,19.636,19.64,3.108,9.14,10.64
measured,1.0,2,7,12,7,9,7.0,12.0,8.5,13.5,19.136,19.136,19.136,20.136,24.204,24.704,25.204,25.208,5.636,11.708,13.208
measured,1.0,3,10,15,10,12,10.0,15.0,11.5,16.5,24.704,24.704,24.704,25.704,30.292,30.792,31.292,31.296,8.204,14.796,16.296
measured,1.0,4,13,18,13,15,13.0,18.0,14.5,19.5,30.792,30.792,30.792,31.792,35.921,36.421,36.921,36.925,11.292,17.425,18.925
measured,1.0,5,16,21,16,18,16.0,21.0,17.5,22.5,36.421,36.421,36.421,37.421,41.639,42.139,42.639,42.643,13.921,20.143,21.643
measured,1.0,6,19,24,19,21,19.0,24.0,20.5,25.5,42.139,42.139,42.139,43.139,47.417,47.917,48.417,48.421,16.639,22.921,24.421
measured,1.0,7,22,27,22,24,22.0,27.0,23.5,28.5,47.917,47.917,47.917,48.917,53.195,53.695,54.195,54.199,19.417,25.699,27.199
measured,1.0,8,25,30,25,27,25.0,30.0,26.5,31.5,53.695,53.695,53.695,54.695,58.753,59.253,59.753,59.757,22.195,28.257,29.757
measured,1.0,9,28,33,28,30,28.0,33.0,29.5,34.5,59.253,59.253,59.253,60.253,64.351,64.851,65.351,65.355,24.753,30.855,32.355
measured,1.0,10,31,36,31,33,31.0,36.0,32.5,37.5,64.851,64.851,64.851,65.851,69.929,70.429,70.929,70.933,27.351,33.433,34.933
measured,1.0,11,34,39,34,36,34.0,39.0,35.5,40.5,70.429,70.429,70.429,71.429,76.557,77.057,77.557,77.561,29.929,37.061,38.561
measured,1.0,12,37,42,37,39,37.0,42.0,38.5,43.5,77.057,77.057,77.057,78.057,84.015,84.515,85.015,85.019,33.557,41.519,43.019
measured,1.0,13,40,45,40,42,40.0,45.0,41.5,46.5,84.515,84.515,84.515,85.515,90.073,90.573,91.073,91.077,38.015,44.577,46.077
measured,1.0,14,43,48,43,45,43.0,48.0,44.5,49.5,90.573,90.573,90.573,91.573,95.572,96.072,96.572,96.576,41.073,47.076,48.576
measured,1.0,15,46,51,46,48,46.0,51.0,47.5,52.5,96.072,96.072,96.072,97.072,101.221,101.721,102.221,102.225,43.572,49.725,51.225
measured,1.0,16,49,54,49,51,49.0,54.0,50.5,55.5,101.721,101.721,101.721,102.721,106.638,107.138,107.638,107.642,46.221,52.142,53.642
measured,1.0,17,52,57,52,54,52.0,57.0,53.5,58.5,107.138,107.138,107.138,108.138,112.446,112.946,113.446,113.45,48.638,54.95,56.45
measured,1.0,18,55,60,55,60,55.0,60.0,56.5,61.5,112.946,112.946,112.946,113.946,119.834,,120.834,120.838,51.446,59.338,60.838
measured,0.9,0,1,6,1,3,0.9,5.4,2.4,6.9,,6.9,6.9,7.9,12.708,13.208,13.708,13.712,0.0,6.812,8.312
measured,0.9,1,4,9,4,6,3.6,8.1,5.1,9.6,13.208,13.208,13.208,14.208,18.336,18.836,19.336,19.34,3.608,9.74,11.24
measured,0.9,2,7,12,7,9,6.3,10.8,7.8,12.3,18.836,18.836,18.836,19.836,23.915,24.415,24.915,24.919,6.536,12.619,14.119
measured,0.9,3,10,15,10,12,9.0,13.5,10.5,15.0,24.415,24.415,24.415,25.415,29.543,30.043,30.543,30.547,9.415,15.547,17.047
measured,0.9,4,13,18,13,15,11.7,16.2,13.2,17.7,30.043,30.043,30.043,31.043,35.231,35.731,36.231,36.235,12.343,18.535,20.035
measured,0.9,5,16,21,16,18,14.4,18.9,15.9,20.4,35.731,35.731,35.731,36.731,40.949,41.449,41.949,41.953,15.331,21.553,23.053
measured,0.9,6,19,24,19,21,17.1,21.6,18.6,23.1,41.449,41.449,41.449,42.449,46.547,47.047,47.547,47.551,18.349,24.451,25.951
measured,0.9,7,22,27,22,24,19.8,24.3,21.3,25.8,47.047,47.047,47.047,48.047,52.235,52.735,53.235,53.239,21.247,27.439,28.939
measured,0.9,8,25,30,25,27,22.5,27.0,24.0,28.5,52.735,52.735,52.735,53.735,57.893,58.393,58.893,58.897,24.235,30.397,31.897
measured,0.9,9,28,33,28,30,25.2,29.7,26.7,31.2,58.393,58.393,58.393,59.393,63.641,64.141,64.641,64.645,27.193,33.445,34.945
measured,0.9,10,31,36,31,33,27.9,32.4,29.4,33.9,64.141,64.141,64.141,65.141,69.52,70.02,70.52,70.524,30.241,36.624,38.124
measured,0.9,11,34,39,34,36,30.6,35.1,32.1,36.6,70.02,70.02,70.02,71.02,75.978,76.478,76.978,76.982,33.42,40.382,41.882
measured,0.9,12,37,42,37,39,33.3,37.8,34.8,39.3,76.478,76.478,76.478,77.478,83.296,83.796,84.296,84.3,37.178,45.0,46.5
measured,0.9,13,40,45,40,42,36.0,40.5,37.5,42.0,83.796,83.796,83.796,84.796,89.564,90.064,90.564,90.568,41.796,48.568,50.068
measured,0.9,14,43,48,43,45,38.7,43.2,40.2,44.7,90.064,90.064,90.064,91.064,95.152,95.652,96.152,96.156,45.364,51.456,52.956
measured,0.9,15,46,51,46,48,41.4,45.9,42.9,47.4,95.652,95.652,95.652,96.652,100.34,100.84,101.34,101.344,48.252,53.944,55.444
measured,0.9,16,49,54,49,51,44.1,48.6,45.6,50.1,100.84,100.84,100.84,101.84,105.958,106.458,106.958,106.962,50.74,56.862,58.362
measured,0.9,17,52,57,52,54,46.8,51.3,48.3,52.8,106.458,106.458,106.458,107.458,112.076,112.576,113.076,113.08,53.658,60.28,61.78
measured,0.9,18,55,60,55,60,49.5,54.0,51.0,55.5,112.576,112.576,112.576,113.576,119.574,,120.574,120.578,57.076,65.078,66.578
measured,0.85,0,1,6,1,3,0.85,5.1,2.35,6.6,,6.6,6.6,7.6,11.978,12.478,12.978,12.982,0.0,6.382,7.882
measured,0.85,1,4,9,4,6,3.4,7.65,4.9,9.15,12.478,12.478,12.478,13.478,17.696,18.196,18.696,18.7,3.328,9.55,11.05
measured,0.85,2,7,12,7,9,5.95,10.2,7.45,11.7,18.196,18.196,18.196,19.196,23.354,23.854,24.354,24.358,6.496,12.658,14.158
measured,0.85,3,10,15,10,12,8.5,12.75,10.0,14.25,23.854,23.854,23.854,24.854,29.002,29.502,30.002,30.006,9.604,15.756,17.256
measured,0.85,4,13,18,13,15,11.05,15.3,12.55,16.8,29.502,29.502,29.502,30.502,34.68,35.18,35.68,35.684,12.702,18.884,20.384
measured,0.85,5,16,21,16,18,13.6,17.85,15.1,19.35,35.18,35.18,35.18,36.18,40.488,40.988,41.488,41.492,15.83,22.142,23.642
measured,0.85,6,19,24,19,21,16.15,20.4,17.65,21.9,40.988,40.988,40.988,41.988,46.427,46.927,47.427,47.431,19.088,25.531,27.031
measured,0.85,7,22,27,22,24,18.7,22.95,20.2,24.45,46.927,46.927,46.927,47.927,52.284,52.784,53.284,53.288,22.477,28.838,30.338
measured,0.85,8,25,30,25,27,21.25,25.5,22.75,27.0,52.784,52.784,52.784,53.784,57.982,58.482,58.982,58.986,25.784,31.986,33.486
measured,0.85,9,28,33,28,30,23.8,28.05,25.3,29.55,58.482,58.482,58.482,59.482,63.82,64.32,64.82,64.824,28.932,35.274,36.774
measured,0.85,10,31,36,31,33,26.35,30.6,27.85,32.1,64.32,64.32,64.32,65.32,69.538,70.038,70.538,70.542,32.22,38.442,39.942
measured,0.85,11,34,39,34,36,28.9,33.15,30.4,34.65,70.038,70.038,70.038,71.038,76.186,76.686,77.186,77.19,35.388,42.54,44.04
measured,0.85,12,37,42,37,39,31.45,35.7,32.95,37.2,76.686,76.686,76.686,77.686,83.804,84.304,84.804,84.808,39.486,47.608,49.108
measured,0.85,13,40,45,40,42,34.0,38.25,35.5,39.75,84.304,84.304,84.304,85.304,89.883,90.383,90.883,90.887,44.554,51.137,52.637
measured,0.85,14,43,48,43,45,36.55,40.8,38.05,42.3,90.383,90.383,90.383,91.383,95.951,96.451,96.951,96.955,48.083,54.655,56.155
measured,0.85,15,46,51,46,48,39.1,43.35,40.6,44.85,96.451,96.451,96.451,97.451,101.559,102.059,102.559,102.563,51.601,57.713,59.213
measured,0.85,16,49,54,49,51,41.65,45.9,43.15,47.4,102.059,102.059,102.059,103.059,107.237,107.737,108.237,108.241,54.659,60.841,62.341
measured,0.85,17,52,57,52,54,44.2,48.45,45.7,49.95,107.737,107.737,107.737,108.737,113.285,113.785,114.285,114.289,57.787,64.339,65.839
measured,0.85,18,55,60,55,60,46.75,51.0,48.25,52.5,113.785,113.785,113.785,114.785,121.083,,122.083,122.087,61.285,69.587,71.087
measured,0.8,0,1,6,1,3,0.8,4.8,2.3,6.3,,6.3,6.3,7.3,13.508,14.008,14.508,14.512,0.0,8.212,9.712
measured,0.8,1,4,9,4,6,3.2,7.2,4.7,8.7,14.008,14.008,14.008,15.008,19.266,19.766,20.266,20.27,5.308,11.57,13.07
measured,0.8,2,7,12,7,9,5.6,9.6,7.1,11.1,19.766,19.766,19.766,20.766,24.904,25.404,25.904,25.908,8.666,14.808,16.308
measured,0.8,3,10,15,10,12,8.0,12.0,9.5,13.5,25.404,25.404,25.404,26.404,30.612,31.112,31.612,31.616,11.904,18.116,19.616
measured,0.8,4,13,18,13,15,10.4,14.4,11.9,15.9,31.112,31.112,31.112,32.112,36.351,36.851,37.351,37.355,15.212,21.455,22.955
measured,0.8,5,16,21,16,18,12.8,16.8,14.3,18.3,36.851,36.851,36.851,37.851,42.028,42.528,43.028,43.032,18.551,24.732,26.232
measured,0.8,6,19,24,19,21,15.2,19.2,16.7,20.7,42.528,42.528,42.528,43.528,47.836,48.336,48.836,48.84,21.828,28.14,29.64
measured,0.8,7,22,27,22,24,17.6,21.6,19.1,23.1,48.336,48.336,48.336,49.336,53.414,53.914,54.414,54.418,25.236,31.318,32.818
measured,0.8,8,25,30,25,27,20.0,24.0,21.5,25.5,53.914,53.914,53.914,54.914,58.952,59.452,59.952,59.956,28.414,34.456,35.956
measured,0.8,9,28,33,28,30,22.4,26.4,23.9,27.9,59.452,59.452,59.452,60.452,64.62,65.12,65.62,65.624,31.552,37.724,39.224
measured,0.8,10,31,36,31,33,24.8,28.8,26.3,30.3,65.12,65.12,65.12,66.12,70.408,70.908,71.408,71.412,34.82,41.112,42.612
measured,0.8,11,34,39,34,36,27.2,31.2,28.7,32.7,70.908,70.908,70.908,71.908,76.636,77.136,77.636,77.64,38.208,44.94,46.44
measured,0.8,12,37,42,37,39,29.6,33.6,31.1,35.1,77.136,77.136,77.136,78.136,84.144,84.644,85.144,85.148,42.036,50.048,51.548
measured,0.8,13,40,45,40,42,32.0,36.0,33.5,37.5,84.644,84.644,84.644,85.644,90.352,90.852,91.352,91.356,47.144,53.856,55.356
measured,0.8,14,43,48,43,45,34.4,38.4,35.9,39.9,90.852,90.852,90.852,91.852,96.131,96.631,97.131,97.135,50.952,57.235,58.735
measured,0.8,15,46,51,46,48,36.8,40.8,38.3,42.3,96.631,96.631,96.631,97.631,101.439,101.939,102.439,102.443,54.331,60.143,61.643
measured,0.8,16,49,54,49,51,39.2,43.2,40.7,44.7,101.939,101.939,101.939,102.939,107.087,107.587,108.087,108.091,57.239,63.391,64.891
measured,0.8,17,52,57,52,54,41.6,45.6,43.1,47.1,107.587,107.587,107.587,108.587,113.205,113.705,114.205,114.209,60.487,67.109,68.609
measured,0.8,18,55,60,55,60,44.0,48.0,45.5,49.5,113.705,113.705,113.705,114.705,120.513,,121.513,121.517,64.205,72.017,73.517
measured,0.5,0,1,6,1,3,0.5,3.0,2.0,4.5,,4.5,4.5,5.5,9.928,10.428,10.928,10.932,0.0,6.432,7.932
measured,0.5,1,4,9,4,6,2.0,4.5,3.5,6.0,10.428,10.428,10.428,11.428,15.506,16.006,16.506,16.51,4.428,10.51,12.01
measured,0.5,2,7,12,7,9,3.5,6.0,5.0,7.5,16.006,16.006,16.006,17.006,21.124,21.624,22.124,22.128,8.506,14.628,16.128
measured,0.5,3,10,15,10,12,5.0,7.5,6.5,9.0,21.624,21.624,21.624,22.624,26.642,27.142,27.642,27.646,12.624,18.646,20.146
measured,0.5,4,13,18,13,15,6.5,9.0,8.0,10.5,27.142,27.142,27.142,28.142,32.36,32.86,33.36,33.364,16.642,22.864,24.364
measured,0.5,5,16,21,16,18,8.0,10.5,9.5,12.0,32.86,32.86,32.86,33.86,38.188,38.688,39.188,39.192,20.86,27.192,28.692
measured,0.5,6,19,24,19,21,9.5,12.0,11.0,13.5,38.688,38.688,38.688,39.688,43.626,44.126,44.626,44.63,25.188,31.13,32.63
measured,0.5,7,22,27,22,24,11.0,13.5,12.5,15.0,44.126,44.126,44.126,45.126,49.224,49.724,50.224,50.228,29.126,35.228,36.728
measured,0.5,8,25,30,25,27,12.5,15.0,14.0,16.5,49.724,49.724,49.724,50.724,54.972,55.472,55.972,55.976,33.224,39.476,40.976
measured,0.5,9,28,33,28,30,14.0,16.5,15.5,18.0,55.472,55.472,55.472,56.472,60.65,61.15,61.65,61.654,37.472,43.654,45.154
measured,0.5,10,31,36,31,33,15.5,18.0,17.0,19.5,61.15,61.15,61.15,62.15,66.508,67.008,67.508,67.512,41.65,48.012,49.512
measured,0.5,11,34,39,34,36,17.0,19.5,18.5,21.0,67.008,67.008,67.008,68.008,72.986,73.486,73.986,73.99,46.008,52.99,54.49
measured,0.5,12,37,42,37,39,18.5,21.0,20.0,22.5,73.486,73.486,73.486,74.486,80.584,81.084,81.584,81.588,50.986,59.088,60.588
measured,0.5,13,40,45,40,42,20.0,22.5,21.5,24.0,81.084,81.084,81.084,82.084,86.842,87.342,87.842,87.846,57.084,63.846,65.346
measured,0.5,14,43,48,43,45,21.5,24.0,23.0,25.5,87.342,87.342,87.342,88.342,92.62,93.12,93.62,93.624,61.842,68.124,69.624
measured,0.5,15,46,51,46,48,23.0,25.5,24.5,27.0,93.12,93.12,93.12,94.12,98.117,98.617,99.117,99.121,66.12,72.121,73.621
measured,0.5,16,49,54,49,51,24.5,27.0,26.0,28.5,98.617,98.617,98.617,99.617,103.795,104.295,104.795,104.799,70.117,76.299,77.799
measured,0.5,17,52,57,52,54,26.0,28.5,27.5,30.0,104.295,104.295,104.295,105.295,109.723,110.223,110.723,110.727,74.295,80.727,82.227
measured,0.5,18,55,60,55,60,27.5,30.0,29.0,31.5,110.223,110.223,110.223,111.223,117.071,,118.071,118.075,78.723,86.575,88.075
measured,0.2,0,1,6,1,3,0.2,1.2,1.7,2.7,,2.7,2.7,3.7,8.388,8.888,9.388,9.392,0.0,6.692,8.192
measured,0.2,1,4,9,4,6,0.8,1.8,2.3,3.3,8.888,8.888,8.888,9.888,14.246,14.746,15.246,15.25,5.588,11.95,13.45
measured,0.2,2,7,12,7,9,1.4,2.4,2.9,3.9,14.746,14.746,14.746,15.746,20.404,20.904,21.404,21.408,10.846,17.508,19.008
measured,0.2,3,10,15,10,12,2.0,3.0,3.5,4.5,20.904,20.904,20.904,21.904,26.032,26.532,27.032,27.036,16.404,22.536,24.036
measured,0.2,4,13,18,13,15,2.6,3.6,4.1,5.1,26.532,26.532,26.532,27.532,31.64,32.14,32.64,32.644,21.432,27.544,29.044
measured,0.2,5,16,21,16,18,3.2,4.2,4.7,5.7,32.14,32.14,32.14,33.14,37.338,37.838,38.338,38.342,26.44,32.642,34.142
measured,0.2,6,19,24,19,21,3.8,4.8,5.3,6.3,37.838,37.838,37.838,38.838,42.946,43.446,43.946,43.95,31.538,37.65,39.15
measured,0.2,7,22,27,22,24,4.4,5.4,5.9,6.9,43.446,43.446,43.446,44.446,48.524,49.024,49.524,49.528,36.546,42.628,44.128
measured,0.2,8,25,30,25,27,5.0,6.0,6.5,7.5,49.024,49.024,49.024,50.024,54.082,54.582,55.082,55.086,41.524,47.586,49.086
measured,0.2,9,28,33,28,30,5.6,6.6,7.1,8.1,54.582,54.582,54.582,55.582,59.701,60.201,60.701,60.705,46.482,52.605,54.105
measured,0.2,10,31,36,31,33,6.2,7.2,7.7,8.7,60.201,60.201,60.201,61.201,65.399,65.899,66.399,66.403,51.501,57.703,59.203
measured,0.2,11,34,39,34,36,6.8,7.8,8.3,9.3,65.899,65.899,65.899,66.899,71.957,72.457,72.957,72.961,56.599,63.661,65.161
measured,0.2,12,37,42,37,39,7.4,8.4,8.9,9.9,72.457,72.457,72.457,73.457,79.245,79.745,80.245,80.249,62.557,70.349,71.849
measured,0.2,13,40,45,40,42,8.0,9.0,9.5,10.5,79.745,79.745,79.745,80.745,85.623,86.123,86.623,86.627,69.245,76.127,77.627
measured,0.2,14,43,48,43,45,8.6,9.6,10.1,11.1,86.123,86.123,86.123,87.123,91.311,91.811,92.311,92.315,75.023,81.215,82.715
measured,0.2,15,46,51,46,48,9.2,10.2,10.7,11.7,91.811,91.811,91.811,92.811,97.039,97.539,98.039,98.043,80.111,86.343,87.843
measured,0.2,16,49,54,49,51,9.8,10.8,11.3,12.3,97.539,97.539,97.539,98.539,102.557,103.057,103.557,103.561,85.239,91.261,92.761
measured,0.2,17,52,57,52,54,10.4,11.4,11.9,12.9,103.057,103.057,103.057,104.057,108.375,108.875,109.375,109.379,90.157,96.479,97.979
measured,0.2,18,55,60,55,60,11.0,12.0,12.5,13.5,108.875,108.875,108.875,109.875,115.683,,116.683,116.687,95.375,103.187,104.687
measured,0.1,0,1,6,1,3,0.1,0.6,1.6,2.1,,2.1,2.1,3.1,7.797,8.297,8.797,8.801,0.0,6.701,8.201
measured,0.1,1,4,9,4,6,0.4,0.9,1.9,2.4,8.297,8.297,8.297,9.297,13.795,14.295,14.795,14.799,5.897,12.399,13.899
measured,0.1,2,7,12,7,9,0.7,1.2,2.2,2.7,14.295,14.295,14.295,15.295,19.293,19.793,20.293,20.297,11.595,17.597,19.097
measured,0.1,3,10,15,10,12,1.0,1.5,2.5,3.0,19.793,19.793,19.793,20.793,25.031,25.531,26.031,26.035,16.793,23.035,24.535
measured,0.1,4,13,18,13,15,1.3,1.8,2.8,3.3,25.531,25.531,25.531,26.531,30.479,30.979,31.479,31.483,22.231,28.183,29.683
measured,0.1,5,16,21,16,18,1.6,2.1,3.1,3.6,30.979,30.979,30.979,31.979,36.117,36.617,37.117,37.121,27.379,33.521,35.021
measured,0.1,6,19,24,19,21,1.9,2.4,3.4,3.9,36.617,36.617,36.617,37.617,41.665,42.165,42.665,42.669,32.717,38.769,40.269
measured,0.1,7,22,27,22,24,2.2,2.7,3.7,4.2,42.165,42.165,42.165,43.165,47.123,47.623,48.123,48.127,37.965,43.927,45.427
measured,0.1,8,25,30,25,27,2.5,3.0,4.0,4.5,47.623,47.623,47.623,48.623,52.742,53.242,53.742,53.746,43.123,49.246,50.746
measured,0.1,9,28,33,28,30,2.8,3.3,4.3,4.8,53.242,53.242,53.242,54.242,58.37,58.87,59.37,59.374,48.442,54.574,56.074
measured,0.1,10,31,36,31,33,3.1,3.6,4.6,5.1,58.87,58.87,58.87,59.87,63.938,64.438,64.938,64.942,53.77,59.842,61.342
measured,0.1,11,34,39,34,36,3.4,3.9,4.9,5.4,64.438,64.438,64.438,65.438,70.426,70.926,71.426,71.43,59.038,66.03,67.53
measured,0.1,12,37,42,37,39,3.7,4.2,5.2,5.7,70.926,70.926,70.926,71.926,78.014,78.514,79.014,79.018,65.226,73.318,74.818
measured,0.1,13,40,45,40,42,4.0,4.5,5.5,6.0,78.514,78.514,78.514,79.514,84.442,84.942,85.442,85.446,72.514,79.446,80.946
measured,0.1,14,43,48,43,45,4.3,4.8,5.8,6.3,84.942,84.942,84.942,85.942,90.3,90.8,91.3,91.304,78.642,85.004,86.504
measured,0.1,15,46,51,46,48,4.6,5.1,6.1,6.6,90.8,90.8,90.8,91.8,96.088,96.588,97.088,97.092,84.2,90.492,91.992
measured,0.1,16,49,54,49,51,4.9,5.4,6.4,6.9,96.588,96.588,96.588,97.588,101.656,102.156,102.656,102.66,89.688,95.76,97.26
measured,0.1,17,52,57,52,54,5.2,5.7,6.7,7.2,102.156,102.156,102.156,103.156,107.774,108.274,108.774,108.778,94.956,101.578,103.078
measured,0.1,18,55,60,55,60,5.5,6.0,7.0,7.5,108.274,108.274,108.274,109.274,115.482,,116.482,116.486,100.774,108.986,110.486
measured,0.05,0,1,6,1,3,0.05,0.3,1.55,1.8,,1.8,1.8,2.8,7.548,8.048,8.548,8.552,0.0,6.752,8.252
measured,0.05,1,4,9,4,6,0.2,0.45,1.7,1.95,8.048,8.048,8.048,9.048,13.096,13.596,14.096,14.1,6.098,12.15,13.65
measured,0.05,2,7,12,7,9,0.35,0.6,1.85,2.1,13.596,13.596,13.596,14.596,18.584,19.084,19.584,19.588,11.496,17.488,18.988
measured,0.05,3,10,15,10,12,0.5,0.75,2.0,2.25,19.084,19.084,19.084,20.084,24.062,24.562,25.062,25.066,16.834,22.816,24.316
measured,0.05,4,13,18,13,15,0.65,0.9,2.15,2.4,24.562,24.562,24.562,25.562,29.52,30.02,30.52,30.524,22.162,28.124,29.624
measured,0.05,5,16,21,16,18,0.8,1.05,2.3,2.55,30.02,30.02,30.02,31.02,35.098,35.598,36.098,36.102,27.47,33.552,35.052
measured,0.05,6,19,24,19,21,0.95,1.2,2.45,2.7,35.598,35.598,35.598,36.598,40.406,40.906,41.406,41.41,32.898,38.71,40.21
measured,0.05,7,22,27,22,24,1.1,1.35,2.6,2.85,40.906,40.906,40.906,41.906,45.754,46.254,46.754,46.758,38.056,43.908,45.408
measured,0.05,8,25,30,25,27,1.25,1.5,2.75,3.0,46.254,46.254,46.254,47.254,51.302,51.802,52.302,52.306,43.254,49.306,50.806
measured,0.05,9,28,33,28,30,1.4,1.65,2.9,3.15,51.802,51.802,51.802,52.802,56.74,57.24,57.74,57.744,48.652,54.594,56.094
measured,0.05,10,31,36,31,33,1.55,1.8,3.05,3.3,57.24,57.24,57.24,58.24,62.328,62.828,63.328,63.332,53.94,60.032,61.532
measured,0.05,11,34,39,34,36,1.7,1.95,3.2,3.45,62.828,62.828,62.828,63.828,68.646,69.146,69.646,69.65,59.378,66.2,67.7
measured,0.05,12,37,42,37,39,1.85,2.1,3.35,3.6,69.146,69.146,69.146,70.146,76.234,76.734,77.234,77.238,65.546,73.638,75.138
measured,0.05,13,40,45,40,42,2.0,2.25,3.5,3.75,76.734,76.734,76.734,77.734,82.482,82.982,83.482,83.486,72.984,79.736,81.236
measured,0.05,14,43,48,43,45,2.15,2.4,3.65,3.9,82.982,82.982,82.982,83.982,88.11,88.61,89.11,89.114,79.082,85.214,86.714
measured,0.05,15,46,51,46,48,2.3,2.55,3.8,4.05,88.61,88.61,88.61,89.61,93.428,93.928,94.428,94.432,84.56,90.382,91.882
measured,0.05,16,49,54,49,51,2.45,2.7,3.95,4.2,93.928,93.928,93.928,94.928,99.066,99.566,100.066,100.07,89.728,95.87,97.37
measured,0.05,17,52,57,52,54,2.6,2.85,4.1,4.35,99.566,99.566,99.566,100.566,105.074,105.574,106.074,106.078,95.216,101.728,103.228
measured,0.05,18,55,60,55,60,2.75,3.0,4.25,4.5,105.574,105.574,105.574,106.574,112.322,,113.322,113.326,101.074,108.826,110.326
measured,0.02,0,1,6,1,3,0.02,0.12,1.52,1.62,,1.62,1.62,2.62,7.228,7.728,8.228,8.232,0.0,6.612,8.112
measured,0.02,1,4,9,4,6,0.08,0.18,1.58,1.68,7.728,7.728,7.728,8.728,12.876,13.376,13.876,13.88,6.048,12.2,13.7
measured,0.02,2,7,12,7,9,0.14,0.24,1.64,1.74,13.376,13.376,13.376,14.376,25.384,25.884,26.384,26.388,11.636,24.648,26.148
measured,0.02,3,10,15,10,12,0.2,0.3,1.7,1.8,25.884,25.884,25.884,26.884,30.902,31.402,31.902,31.906,24.084,30.106,31.606
measured,0.02,4,13,18,13,15,0.26,0.36,1.76,1.86,31.402,31.402,31.402,32.402,36.34,36.84,37.34,37.344,29.542,35.484,36.984
measured,0.02,5,16,21,16,18,0.32,0.42,1.82,1.92,36.84,36.84,36.84,37.84,41.948,42.448,42.948,42.952,34.92,41.032,42.532
measured,0.02,6,19,24,19,21,0.38,0.48,1.88,1.98,42.448,42.448,42.448,43.448,47.466,47.966,48.466,48.47,40.468,46.49,47.99
measured,0.02,7,22,27,22,24,0.44,0.54,1.94,2.04,47.966,47.966,47.966,48.966,53.194,53.694,54.194,54.198,45.926,52.158,53.658
measured,0.02,8,25,30,25,27,0.5,0.6,2.0,2.1,53.694,53.694,53.694,54.694,58.632,59.132,59.632,59.636,51.594,57.536,59.036
measured,0.02,9,28,33,28,30,0.56,0.66,2.06,2.16,59.132,59.132,59.132,60.132,64.02,64.52,65.02,65.024,56.972,62.864,64.364
measured,0.02,10,31,36,31,33,0.62,0.72,2.12,2.22,64.52,64.52,64.52,65.52,70.618,71.118,71.618,71.622,62.3,69.402,70.902
measured,0.02,11,34,39,34,36,0.68,0.78,2.18,2.28,71.118,71.118,71.118,72.118,77.426,77.926,78.426,78.43,68.838,76.15,77.65
measured,0.02,12,37,42,37,39,0.74,0.84,2.24,2.34,77.926,77.926,77.926,78.926,84.844,85.344,85.844,85.848,75.586,83.508,85.008
measured,0.02,13,40,45,40,42,0.8,0.9,2.3,2.4,85.344,85.344,85.344,86.344,91.132,91.632,92.132,92.136,82.944,89.736,91.236
measured,0.02,14,43,48,43,45,0.86,0.96,2.36,2.46,91.632,91.632,91.632,92.632,96.74,97.24,97.74,97.744,89.172,95.284,96.784
measured,0.02,15,46,51,46,48,0.92,1.02,2.42,2.52,97.24,97.24,97.24,98.24,102.148,102.648,103.148,103.152,94.72,100.632,102.132
measured,0.02,16,49,54,49,51,0.98,1.08,2.48,2.58,102.648,102.648,102.648,103.648,107.796,108.296,108.796,108.8,100.068,106.22,107.72
measured,0.02,17,52,57,52,54,1.04,1.14,2.54,2.64,108.296,108.296,108.296,109.296,113.904,114.404,114.904,114.908,105.656,112.268,113.768
measured,0.02,18,55,60,55,60,1.1,1.2,2.6,2.7,114.404,114.404,114.404,115.404,121.352,,122.352,122.356,111.704,119.656,121.156
