window,detectors,fault_columns,detection_events,status,iterations
window_1308346_00000.pkl,6468,129448,511,succeeded,36070
window_1308346_00001.pkl,6552,131187,509,succeeded,9182
window_1308346_00002.pkl,3780,74536,335,succeeded,36054
window_1308346_00003.pkl,6552,131187,497,succeeded,33501
window_1308347_00000.pkl,6552,131187,483,succeeded,7936
window_1308347_00001.pkl,6552,131187,515,succeeded,12780
window_1308347_00002.pkl,5964,119152,489,succeeded,14002
window_1308348_00000.pkl,6552,131187,561,succeeded,36064
window_1308348_00001.pkl,5964,119152,515,nonconverged,36080
window_1308348_00002.pkl,6552,131187,537,succeeded,36073
window_1308348_00003.pkl,5964,119152,510,succeeded,7678
window_1308349_00000.pkl,6552,131187,529,succeeded,30934
window_1308349_00001.pkl,6552,131187,526,succeeded,21419
window_1308349_00002.pkl,1596,29920,98,succeeded,323
window_1308349_00003.pkl,6552,131187,555,succeeded,36068
window_1308349_00004.pkl,6552,131187,531,succeeded,33778
window_1308349_00005.pkl,1596,29920,93,succeeded,138
window_1308350_00000.pkl,6468,129448,482,succeeded,9118
window_1308350_00001.pkl,6552,131187,571,nonconverged,36080
window_1308350_00002.pkl,3780,74536,300,succeeded,1615
window_1308350_00003.pkl,6552,131187,490,succeeded,14685
window_1308350_00004.pkl,5964,119152,439,succeeded,498
window_1308351_00000.pkl,6552,131187,502,succeeded,15334
window_1308351_00001.pkl,6552,131187,534,succeeded,36021
window_1308351_00002.pkl,1596,29920,141,succeeded,645
window_1308351_00003.pkl,6552,131187,544,succeeded,9984
window_1308351_00004.pkl,5964,119152,551,succeeded,36070
window_1308352_00000.pkl,6468,129448,488,succeeded,36023
window_1308352_00001.pkl,6552,131187,567,succeeded,36069
window_1308352_00002.pkl,3780,74536,280,succeeded,6190
window_1308352_00003.pkl,6552,131187,531,succeeded,21796
window_1308352_00004.pkl,6552,131187,557,nonconverged,36080
window_1308352_00005.pkl,1596,29920,138,succeeded,452
window_1308353_00000.pkl,6468,129448,569,succeeded,36062
window_1308353_00001.pkl,6552,131187,534,succeeded,36032
window_1308353_00002.pkl,3780,74536,311,succeeded,8249
window_1308353_00003.pkl,6468,129448,557,succeeded,31762
window_1308353_00004.pkl,6552,131187,510,succeeded,27950
window_1308353_00005.pkl,3780,74536,272,succeeded,641
window_1308355_00000.pkl,6468,129448,530,succeeded,32007
window_1308355_00001.pkl,6552,131187,603,succeeded,3968
window_1308355_00002.pkl,3780,74536,300,succeeded,21588
window_1308355_00003.pkl,6468,129448,561,nonconverged,36080
window_1308355_00004.pkl,6552,131187,497,succeeded,4483
window_1308355_00005.pkl,3780,74536,268,succeeded,1421
window_1308356_00000.pkl,6468,129448,562,succeeded,23424
window_1308356_00001.pkl,6552,131187,604,nonconverged,36080
window_1308356_00002.pkl,6468,129448,567,succeeded,36078
window_1308356_00003.pkl,6552,131187,525,succeeded,36025
window_1308356_00004.pkl,3780,74536,287,succeeded,1395
