distance,physical_error_rate,shared_shots,union_find_failed,relay_bp5_failed,switching_failed,all_three_failed,union_find_and_relay_bp5_failed,union_find_and_switching_failed,relay_bp5_and_switching_failed,only_union_find_failed,only_relay_bp5_failed,only_switching_failed,only_switching_failed_nonconverged,none_failed
5,0.0005,200,0,0,0,0,0,0,0,0,0,0,0,200
5,0.001,200,1,0,1,0,0,0,0,1,0,1,0,198
5,0.002,4445,110,80,84,25,10,13,24,62,21,22,0,4268
5,0.003,2000,133,96,92,41,10,16,16,66,29,19,0,1803
5,0.004,1667,232,175,185,67,19,28,44,118,45,46,0,1300
5,0.005,556,143,121,118,49,15,20,23,59,34,26,0,330
7,0.001,200,0,0,0,0,0,0,0,0,0,0,0,200
7,0.002,200,0,0,0,0,0,0,0,0,0,0,0,200
7,0.003,4000,106,44,54,10,7,15,8,74,19,21,0,3846
7,0.004,2000,157,100,91,23,16,19,20,99,41,29,0,1753
7,0.005,1084,158,98,112,23,14,26,24,95,37,39,0,826
9,0.002,200,0,0,0,0,0,0,0,0,0,0,0,200
9,0.003,10000,100,38,46,10,8,14,6,68,14,16,0,9864
9,0.004,4000,159,68,77,19,11,19,8,110,30,31,2,3772
9,0.005,1703,173,94,99,21,16,28,12,108,45,38,1,1435
11,0.003,200,0,0,0,0,0,0,0,0,0,0,0,200
11,0.004,200,3,0,2,0,0,0,0,3,0,2,0,195
11,0.005,2000,131,77,112,12,16,11,16,92,33,73,45,1747
13,0.004,200,1,1,2,0,0,0,0,1,1,2,2,196
13,0.005,1000,39,69,168,6,4,9,31,20,28,122,121,780
