configuration,physical_error_rate,distance,tier,stage,windows,mean_us
switching_baseline,0.002,13,weak,confidence,8724,1.000000
switching_baseline,0.001,7,strong,fetch,1226,0.000000
switching_baseline,0.002,11,strong,fetch,3720,0.000000
switching_baseline,0.004,5,weak,frame_commit,19509,0.007974
switching_baseline,0.003,13,weak,compute_wait,321024,0.000000
switching_baseline,0.004,13,weak,buffer0_first_round_to_frame,18959,29.064688
switching_baseline,0.001,9,weak,weak_attempt,16308,0.000000
switching_baseline,0.001,5,weak,buffer_fill,900116,8.861900
switching_baseline,0.0005,13,strong,confidence,409,0.000000
switching_baseline,0.004,11,weak,queue_wait,27423,0.195974
switching_baseline,0.0005,7,weak,buffer_fill,22602,11.939380
switching_baseline,0.002,9,weak,queue_wait,1379178,0.128326
switching_baseline,0.0005,5,weak,release,1846225,0.030000
switching_baseline,0.0005,13,weak,algorithm,11647,1.442816
switching_baseline,0.005,9,weak,admission_wait,3870,0.021675
switching_baseline,0.001,13,weak,dep_block,10329,0.351450
switching_baseline,0.005,7,weak,buffer_fill,8656,13.127762
switching_baseline,0.0005,9,strong,admission_wait,436,0.021866
switching_baseline,0.002,7,weak,admission_wait,194272,0.022668
switching_baseline,0.001,7,strong,release,1226,0.000000
switching_baseline,0.003,5,weak,admission_wait,55945,0.023345
switching_baseline,0.004,13,strong,confidence,22356,0.000000
switching_baseline,0.003,7,weak,escalation_link_per_window,53223,0.000000
switching_baseline,0.005,5,strong,frame_commit,2733,0.005763
switching_baseline,0.0005,5,weak,confidence,1846225,1.000000
switching_baseline,0.004,7,weak,queue_wait,10612,0.040899
switching_baseline,0.004,5,weak,weak_attempt,19509,0.000000
switching_baseline,0.005,9,strong,release,5809,0.000000
switching_baseline,0.004,7,strong,fetch,7390,0.000000
switching_baseline,0.002,11,strong,selection_wait,3720,0.000000
switching_baseline,0.005,13,weak,algorithm,1167,3.275767
switching_baseline,0.005,11,strong,frame_commit,7573,0.005888
switching_baseline,0.005,11,weak,escalation_link_per_window,4016,0.000000
switching_baseline,0.001,5,strong,selection_wait,33785,0.000000
switching_baseline,0.001,5,weak,buffer0_ready_to_frame,900116,2.248768
switching_baseline,0.0005,9,weak,output_link_per_window,17939,0.164026
switching_baseline,0.0005,13,strong,dep_block,409,32.518784
switching_baseline,0.002,7,weak,algorithm,194272,1.227791
switching_baseline,0.004,5,weak,compute_wait,19509,0.000000
switching_baseline,0.004,9,weak,fetch,33813,0.182612
switching_baseline,0.0005,11,weak,input_link_per_window,14813,0.004000
switching_baseline,0.002,7,weak,escalation_link_per_window,194272,0.000000
switching_baseline,0.004,7,strong,weak_attempt,7390,2.940246
switching_baseline,0.002,11,weak,admission_wait,11360,0.021466
switching_baseline,0.004,11,strong,fetch,30158,0.000000
switching_baseline,0.002,7,strong,buffer_fill,39209,15.242623
switching_baseline,0.004,11,weak,buffer0_first_round_to_frame,27423,23.502934
switching_baseline,0.005,5,strong,weak_attempt,2733,2.541832
switching_baseline,0.001,5,strong,weak_attempt,33785,2.404744
switching_baseline,0.002,13,strong,buffer_fill,3162,28.710038
switching_baseline,0.001,7,strong,output_link_per_window,1226,1.151870
switching_baseline,0.004,13,weak,queue_wait,18959,0.000000
switching_baseline,0.003,9,weak,fetch,128838,0.180183
switching_baseline,0.004,11,weak,algorithm,27423,2.239794
switching_baseline,0.005,11,strong,weak_attempt,7573,4.373483
switching_baseline,0.004,11,strong,buffer0_ready_to_frame,30158,226537.284278
switching_baseline,0.005,9,weak,output_link_per_window,3870,0.164026
switching_baseline,0.003,9,weak,release,128838,0.030000
switching_baseline,0.001,5,weak,dep_block,900116,0.099949
switching_baseline,0.003,11,weak,output_link_per_window,341580,0.164026
switching_baseline,0.002,11,strong,output_link_per_window,3720,1.151870
switching_baseline,0.005,5,strong,compute_wait,2733,1919.598439
switching_baseline,0.001,7,weak,escalation_link_per_window,24896,0.000000
switching_baseline,0.005,11,weak,input_link_per_window,4016,0.004000
switching_baseline,0.005,5,weak,selection_wait,3154,0.004975
switching_baseline,0.0005,9,strong,buffer0_first_round_to_frame,436,2255.416792
switching_baseline,0.005,7,weak,dep_block,8656,0.269942
switching_baseline,0.005,11,strong,compute_wait,7573,287844.613420
switching_baseline,0.004,11,weak,buffer0_ready_to_frame,27423,4.415428
switching_baseline,0.0005,7,weak,confidence,22602,1.000000
switching_baseline,0.0005,7,strong,fetch,477,0.000000
switching_baseline,0.004,9,weak,queue_wait,33813,0.147959
switching_baseline,0.003,13,weak,dep_block,321024,0.511568
switching_baseline,0.003,7,strong,buffer0_ready_to_frame,18996,10930.496205
switching_baseline,0.003,9,weak,confidence,128838,1.000000
switching_baseline,0.001,9,strong,input_link_per_window,988,0.000000
switching_baseline,0.005,13,strong,escalation_link_per_window,2535,27.020491
switching_baseline,0.001,7,strong,input_link_per_window,1226,0.000000
switching_baseline,0.003,13,weak,fetch,321024,0.265776
switching_baseline,0.0005,11,weak,frame_commit,14813,0.007974
switching_baseline,0.005,7,weak,escalation_link_per_window,8656,0.000000
switching_baseline,0.001,9,weak,frame_commit,16308,0.007974
switching_baseline,0.004,7,weak,weak_attempt,10612,0.000000
switching_baseline,0.005,11,weak,buffer0_first_round_to_frame,4016,23.969068
switching_baseline,0.0005,13,strong,selection_wait,409,0.000000
switching_baseline,0.004,9,strong,dep_block,29900,14989.983150
switching_baseline,0.001,13,weak,release,10329,0.030000
switching_baseline,0.002,13,weak,output_link_per_window,8724,0.164026
switching_baseline,0.001,13,strong,admission_wait,859,0.023494
switching_baseline,0.001,5,strong,buffer_fill,33785,10.214616
switching_baseline,0.001,7,strong,algorithm,1226,1556.795947
switching_baseline,0.005,7,weak,confidence,8656,1.000000
switching_baseline,0.004,13,strong,selection_wait,22356,0.000000
switching_baseline,0.005,9,strong,algorithm,5809,72844.245008
switching_baseline,0.004,11,weak,frame_commit,27423,0.007974
switching_baseline,0.005,5,weak,fetch,3154,0.120966
switching_baseline,0.002,13,strong,buffer0_ready_to_frame,3162,34662.638662
switching_baseline,0.0005,5,strong,buffer0_first_round_to_frame,28393,610.633739
switching_baseline,0.003,13,weak,buffer0_ready_to_frame,321024,4.361612
switching_baseline,0.0005,5,strong,confidence,28393,0.000000
switching_baseline,0.004,7,weak,escalation_link_per_window,10612,0.000000
switching_baseline,0.005,9,strong,admission_wait,5809,0.021850
switching_baseline,0.002,5,weak,buffer0_ready_to_frame,81255,2.422027
switching_baseline,0.001,13,strong,confidence,859,0.000000
switching_baseline,0.0005,11,weak,weak_attempt,14813,0.000000
switching_baseline,0.004,5,strong,buffer_fill,10407,11.427251
switching_baseline,0.004,9,strong,output_link_per_window,29900,1.151870
switching_baseline,0.005,11,strong,algorithm,7573,343668.607661
switching_baseline,0.0005,7,weak,admission_wait,22602,0.022678
switching_baseline,0.001,9,weak,admission_wait,16308,0.021756
switching_baseline,0.001,5,strong,queue_wait,33785,0.000000
switching_baseline,0.0005,13,weak,output_link_per_window,11647,0.164026
switching_baseline,0.002,7,strong,confidence,39209,0.000000
switching_baseline,0.0005,5,strong,admission_wait,28393,0.023371
switching_baseline,0.003,9,strong,frame_commit,60387,0.005317
switching_baseline,0.004,9,strong,release,29900,0.000000
switching_baseline,0.004,11,weak,weak_attempt,27423,0.000000
switching_baseline,0.005,11,strong,escalation_link_per_window,7573,22.947400
switching_baseline,0.0005,11,weak,compute_wait,14813,0.000000
switching_baseline,0.003,13,strong,algorithm,213658,83295.707179
switching_baseline,0.004,7,strong,frame_commit,7390,0.006031
switching_baseline,0.001,9,weak,compute_wait,16308,0.000000
switching_baseline,0.0005,7,strong,buffer0_ready_to_frame,477,1543.734893
switching_baseline,0.002,13,weak,fetch,8724,0.261564
switching_baseline,0.001,5,strong,fetch,33785,0.000000
switching_baseline,0.004,13,weak,admission_wait,18959,0.022890
switching_baseline,0.001,5,strong,frame_commit,33785,0.005900
switching_baseline,0.001,7,weak,algorithm,24896,1.093787
switching_baseline,0.001,11,weak,buffer_fill,13301,18.167696
switching_baseline,0.003,11,weak,admission_wait,341580,0.021519
switching_baseline,0.001,11,weak,queue_wait,13301,0.168067
switching_baseline,0.005,13,strong,dep_block,2535,306358.937761
switching_baseline,0.0005,7,strong,buffer0_first_round_to_frame,477,1558.059913
switching_baseline,0.002,7,weak,buffer_fill,194272,12.371506
switching_baseline,0.005,9,weak,confidence,3870,1.000000
switching_baseline,0.003,5,strong,output_link_per_window,14994,1.151870
switching_baseline,0.005,9,weak,algorithm,3870,2.011992
switching_baseline,0.003,5,strong,dep_block,14994,859.435643
switching_baseline,0.003,9,strong,weak_attempt,60387,3.120146
switching_baseline,0.003,9,strong,queue_wait,60387,0.000000
switching_baseline,0.0005,13,strong,buffer_fill,409,27.521296
switching_baseline,0.004,5,strong,algorithm,10407,1782.786638
switching_baseline,0.001,13,strong,frame_commit,859,0.006605
switching_baseline,0.003,7,weak,dep_block,53223,0.212577
switching_baseline,0.005,13,weak,buffer0_first_round_to_frame,1167,29.740726
switching_baseline,0.005,5,strong,buffer0_first_round_to_frame,2733,7344.372349
switching_baseline,0.003,9,strong,compute_wait,60387,7966.002102
switching_baseline,0.003,11,strong,admission_wait,198915,0.021134
switching_baseline,0.004,5,strong,fetch,10407,0.000000
switching_baseline,0.005,13,strong,input_link_per_window,2535,0.000000
switching_baseline,0.001,11,weak,escalation_link_per_window,13301,0.000000
switching_baseline,0.004,7,strong,compute_wait,7390,6782.588366
switching_baseline,0.004,11,strong,output_link_per_window,30158,1.151870
switching_baseline,0.004,7,weak,dep_block,10612,0.248953
switching_baseline,0.005,11,strong,input_link_per_window,7573,0.000000
switching_baseline,0.0005,13,strong,weak_attempt,409,2.928381
switching_baseline,0.003,11,weak,confidence,341580,1.000000
switching_baseline,0.004,7,weak,selection_wait,10612,0.005002
switching_baseline,0.0005,7,strong,confidence,477,0.000000
switching_baseline,0.003,11,strong,queue_wait,198915,0.000000
switching_baseline,0.001,13,weak,fetch,10329,0.254731
switching_baseline,0.004,7,weak,frame_commit,10612,0.007974
switching_baseline,0.001,5,strong,compute_wait,33785,216.753089
switching_baseline,0.001,5,weak,selection_wait,900116,0.004889
switching_baseline,0.0005,13,weak,weak_attempt,11647,0.000000
switching_baseline,0.005,9,weak,input_link_per_window,3870,0.004000
switching_baseline,0.002,9,weak,fetch,1379178,0.177527
switching_baseline,0.003,9,weak,input_link_per_window,128838,0.004000
switching_baseline,0.001,9,weak,input_link_per_window,16308,0.004000
switching_baseline,0.001,13,strong,weak_attempt,859,3.027274
switching_baseline,0.005,11,weak,selection_wait,4016,0.005007
switching_baseline,0.002,11,strong,dep_block,3720,1861.813332
switching_baseline,0.003,5,weak,buffer0_ready_to_frame,55945,2.501068
switching_baseline,0.001,13,weak,queue_wait,10329,0.000000
switching_baseline,0.001,7,strong,queue_wait,1226,0.000000
switching_baseline,0.0005,9,strong,buffer_fill,436,18.555183
switching_baseline,0.002,9,strong,confidence,359199,0.000000
switching_baseline,0.001,11,weak,frame_commit,13301,0.007974
switching_baseline,0.003,9,strong,admission_wait,60387,0.021860
switching_baseline,0.001,9,weak,fetch,16308,0.173143
switching_baseline,0.0005,11,strong,buffer0_ready_to_frame,408,3411.942605
switching_baseline,0.003,7,weak,release,53223,0.030000
switching_baseline,0.0005,5,strong,output_link_per_window,28393,1.151870
switching_baseline,0.001,5,strong,input_link_per_window,33785,0.000000
switching_baseline,0.005,7,strong,buffer0_first_round_to_frame,9932,39880.191671
switching_baseline,0.004,13,weak,buffer_fill,18959,24.102670
switching_baseline,0.0005,5,weak,buffer_fill,1846225,8.793767
switching_baseline,0.004,9,strong,buffer_fill,29900,20.928253
switching_baseline,0.001,9,strong,output_link_per_window,988,1.151870
switching_baseline,0.0005,9,strong,algorithm,436,1604.964899
switching_baseline,0.002,5,weak,frame_commit,81255,0.007974
switching_baseline,0.002,13,weak,escalation_link_per_window,8724,0.000000
switching_baseline,0.005,5,weak,buffer_fill,3154,9.902105
switching_baseline,0.003,11,strong,buffer_fill,198915,24.669929
switching_baseline,0.004,7,strong,admission_wait,7390,0.022722
switching_baseline,0.002,11,weak,dep_block,11360,0.442699
switching_baseline,0.005,5,strong,confidence,2733,0.000000
switching_baseline,0.0005,5,strong,fetch,28393,0.000000
switching_baseline,0.004,13,strong,buffer0_ready_to_frame,22356,758588.466347
switching_baseline,0.004,7,weak,compute_wait,10612,0.000000
switching_baseline,0.005,7,weak,admission_wait,8656,0.022637
switching_baseline,0.001,11,weak,weak_attempt,13301,0.000000
switching_baseline,0.003,13,weak,confidence,321024,1.000000
switching_baseline,0.002,5,weak,admission_wait,81255,0.023347
switching_baseline,0.005,5,strong,admission_wait,2733,0.023362
switching_baseline,0.003,9,strong,release,60387,0.000000
switching_baseline,0.001,9,strong,dep_block,988,112.100547
switching_baseline,0.0005,13,weak,dep_block,11647,0.329894
switching_baseline,0.004,5,weak,fetch,19509,0.118686
switching_baseline,0.001,5,weak,queue_wait,900116,0.000000
switching_baseline,0.0005,9,weak,fetch,17939,0.171947
switching_baseline,0.001,11,weak,release,13301,0.030000
switching_baseline,0.0005,9,weak,confidence,17939,1.000000
switching_baseline,0.002,5,weak,weak_attempt,81255,0.000000
switching_baseline,0.0005,11,strong,dep_block,408,40.853551
switching_baseline,0.001,11,weak,compute_wait,13301,0.000000
switching_baseline,0.005,13,strong,admission_wait,2535,0.023156
switching_baseline,0.002,9,strong,algorithm,359199,5393.961120
switching_baseline,0.004,9,weak,input_link_per_window,33813,0.004000
switching_baseline,0.005,9,strong,buffer0_first_round_to_frame,5809,183737.057557
switching_baseline,0.002,9,weak,input_link_per_window,1379178,0.004000
switching_baseline,0.003,13,strong,queue_wait,213658,0.000000
switching_baseline,0.004,9,weak,frame_commit,33813,0.007974
switching_baseline,0.003,5,weak,fetch,55945,0.115483
switching_baseline,0.004,9,weak,algorithm,33813,1.837683
switching_baseline,0.002,5,weak,compute_wait,81255,0.000000
switching_baseline,0.005,13,weak,dep_block,1167,0.970766
switching_baseline,0.004,11,weak,compute_wait,27423,0.000000
switching_baseline,0.003,13,weak,release,321024,0.030000
switching_baseline,0.004,5,strong,weak_attempt,10407,2.486669
switching_baseline,0.005,13,strong,buffer_fill,2535,30.695354
switching_baseline,0.001,5,weak,output_link_per_window,900116,0.164026
switching_baseline,0.0005,5,weak,frame_commit,1846225,0.007974
switching_baseline,0.0005,7,strong,release,477,0.000000
switching_baseline,0.0005,13,strong,frame_commit,409,0.006517
switching_baseline,0.001,11,strong,selection_wait,928,0.000000
switching_baseline,0.002,7,weak,dep_block,194272,0.194189
switching_baseline,0.002,13,strong,input_link_per_window,3162,0.000000
switching_baseline,0.002,11,strong,input_link_per_window,3720,0.000000
switching_baseline,0.003,9,strong,fetch,60387,0.000000
switching_baseline,0.0005,13,weak,frame_commit,11647,0.007974
switching_baseline,0.002,5,strong,buffer0_ready_to_frame,11704,1853.138357
switching_baseline,0.004,9,weak,weak_attempt,33813,0.000000
switching_baseline,0.005,11,strong,confidence,7573,0.000000
switching_baseline,0.0005,13,weak,escalation_link_per_window,11647,0.000000
switching_baseline,0.005,7,strong,selection_wait,9932,0.000000
switching_baseline,0.004,5,strong,queue_wait,10407,0.000000
switching_baseline,0.005,7,strong,confidence,9932,0.000000
switching_baseline,0.004,11,weak,dep_block,27423,0.533723
switching_baseline,0.004,13,weak,frame_commit,18959,0.007974
switching_baseline,0.002,13,strong,release,3162,0.000000
switching_baseline,0.003,9,weak,selection_wait,128838,0.004999
switching_baseline,0.001,9,strong,admission_wait,988,0.021888
switching_baseline,0.0005,5,weak,weak_attempt,1846225,0.000000
switching_baseline,0.004,9,weak,compute_wait,33813,0.000000
switching_baseline,0.005,13,weak,escalation_link_per_window,1167,0.000000
switching_baseline,0.001,5,strong,admission_wait,33785,0.023372
switching_baseline,0.0005,7,strong,selection_wait,477,0.000000
switching_baseline,0.005,5,strong,buffer0_ready_to_frame,2733,7332.549399
switching_baseline,0.0005,9,strong,buffer0_ready_to_frame,436,2236.861609
switching_baseline,0.003,9,weak,buffer_fill,128838,15.834663
switching_baseline,0.0005,5,weak,escalation_link_per_window,1846225,0.000000
switching_baseline,0.002,13,weak,algorithm,8724,1.899548
switching_baseline,0.004,7,strong,dep_block,7390,6325.535259
switching_baseline,0.001,5,strong,algorithm,33785,629.650991
switching_baseline,0.002,7,strong,admission_wait,39209,0.022731
switching_baseline,0.004,11,weak,output_link_per_window,27423,0.164026
switching_baseline,0.0005,5,weak,compute_wait,1846225,0.000000
switching_baseline,0.0005,13,strong,compute_wait,409,1385.744646
switching_baseline,0.001,13,strong,fetch,859,0.000000
switching_baseline,0.005,7,strong,algorithm,9932,14533.637678
switching_baseline,0.001,9,strong,buffer_fill,988,18.550730
switching_baseline,0.0005,5,weak,dep_block,1846225,0.089086
switching_baseline,0.002,7,weak,weak_attempt,194272,0.000000
switching_baseline,0.0005,13,weak,selection_wait,11647,0.004953
switching_baseline,0.001,7,weak,buffer0_ready_to_frame,24896,2.660985
switching_baseline,0.003,7,strong,output_link_per_window,18996,1.151870
switching_baseline,0.002,5,weak,confidence,81255,1.000000
switching_baseline,0.001,11,strong,release,928,0.000000
switching_baseline,0.004,13,weak,weak_attempt,18959,0.000000
switching_baseline,0.005,13,weak,release,1167,0.030000
switching_baseline,0.0005,13,weak,compute_wait,11647,0.000000
switching_baseline,0.005,11,weak,buffer0_ready_to_frame,4016,4.671792
switching_baseline,0.003,5,strong,admission_wait,14994,0.023367
switching_baseline,0.001,13,strong,compute_wait,859,2349.944608
switching_baseline,0.004,5,strong,buffer0_first_round_to_frame,10407,5050.230390
switching_baseline,0.001,11,weak,algorithm,13301,1.393087
switching_baseline,0.001,13,weak,selection_wait,10329,0.004929
switching_baseline,0.002,9,strong,input_link_per_window,359199,0.000000
switching_baseline,0.0005,13,strong,escalation_link_per_window,409,25.757993
switching_baseline,0.004,13,weak,compute_wait,18959,0.000000
switching_baseline,0.002,7,strong,input_link_per_window,39209,0.000000
switching_baseline,0.003,13,strong,selection_wait,213658,0.000000
switching_baseline,0.002,9,strong,release,359199,0.000000
switching_baseline,0.004,9,weak,admission_wait,33813,0.021694
switching_baseline,0.003,11,strong,algorithm,198915,28493.376431
switching_baseline,0.002,13,strong,output_link_per_window,3162,1.151870
switching_baseline,0.003,13,weak,output_link_per_window,321024,0.164026
switching_baseline,0.004,9,strong,escalation_link_per_window,29900,21.342949
switching_baseline,0.0005,5,weak,admission_wait,1846225,0.023350
switching_baseline,0.001,7,weak,admission_wait,24896,0.022677
switching_baseline,0.002,5,weak,output_link_per_window,81255,0.164026
switching_baseline,0.002,7,strong,escalation_link_per_window,39209,18.355034
switching_baseline,0.005,13,strong,confidence,2535,0.000000
switching_baseline,0.003,7,strong,frame_commit,18996,0.005992
switching_baseline,0.003,5,weak,release,55945,0.030000
switching_baseline,0.005,11,strong,dep_block,7573,189310.412423
switching_baseline,0.005,9,weak,escalation_link_per_window,3870,0.000000
switching_baseline,0.001,13,strong,algorithm,859,7495.638555
switching_baseline,0.004,5,strong,frame_commit,10407,0.005808
switching_baseline,0.005,13,weak,admission_wait,1167,0.022713
switching_baseline,0.004,13,weak,buffer0_ready_to_frame,18959,4.962018
switching_baseline,0.0005,11,weak,queue_wait,14813,0.160293
switching_baseline,0.002,9,strong,selection_wait,359199,0.000000
switching_baseline,0.005,11,weak,queue_wait,4016,0.175665
switching_baseline,0.002,5,weak,buffer_fill,81255,9.118262
switching_baseline,0.004,11,weak,admission_wait,27423,0.021586
switching_baseline,0.004,13,strong,release,22356,0.000000
switching_baseline,0.003,9,strong,buffer0_ready_to_frame,60387,24068.465993
switching_baseline,0.003,9,weak,algorithm,128838,1.622269
switching_baseline,0.004,7,strong,buffer0_first_round_to_frame,7390,21891.010217
switching_baseline,0.0005,9,strong,confidence,436,0.000000
switching_baseline,0.003,13,strong,dep_block,213658,11575.641102
switching_baseline,0.0005,13,strong,buffer0_ready_to_frame,409,5724.053902
switching_baseline,0.002,7,weak,confidence,194272,1.000000
switching_baseline,0.0005,7,strong,output_link_per_window,477,1.151870
switching_baseline,0.004,11,weak,escalation_link_per_window,27423,0.000000
switching_baseline,0.001,7,weak,dep_block,24896,0.168082
switching_baseline,0.003,7,strong,selection_wait,18996,0.000000
switching_baseline,0.004,9,weak,escalation_link_per_window,33813,0.000000
switching_baseline,0.0005,11,strong,escalation_link_per_window,408,23.704347
switching_baseline,0.003,7,strong,weak_attempt,18996,2.754304
switching_baseline,0.002,11,strong,confidence,3720,0.000000
switching_baseline,0.001,11,strong,buffer0_ready_to_frame,928,5782.975153
switching_baseline,0.002,13,strong,frame_commit,3162,0.006526
switching_baseline,0.003,7,strong,buffer_fill,18996,15.602213
switching_baseline,0.0005,11,strong,queue_wait,408,0.000000
switching_baseline,0.002,9,weak,buffer0_first_round_to_frame,1379178,18.884681
switching_baseline,0.005,5,strong,release,2733,0.000000
switching_baseline,0.001,9,strong,queue_wait,988,0.000000
switching_baseline,0.001,11,strong,frame_commit,928,0.005858
switching_baseline,0.005,9,weak,dep_block,3870,0.513982
switching_baseline,0.002,5,weak,fetch,81255,0.113133
switching_baseline,0.004,9,strong,selection_wait,29900,0.000000
switching_baseline,0.001,13,strong,buffer_fill,859,27.357902
switching_baseline,0.002,11,weak,queue_wait,11360,0.164666
switching_baseline,0.005,7,weak,input_link_per_window,8656,0.004000
switching_baseline,0.003,11,strong,release,198915,0.000000
switching_baseline,0.001,13,weak,frame_commit,10329,0.007974
switching_baseline,0.004,5,strong,selection_wait,10407,0.000000
switching_baseline,0.003,7,weak,input_link_per_window,53223,0.004000
switching_baseline,0.004,7,strong,escalation_link_per_window,7390,18.167279
switching_baseline,0.001,7,weak,input_link_per_window,24896,0.004000
switching_baseline,0.0005,7,weak,algorithm,22602,0.951832
switching_baseline,0.005,5,weak,algorithm,3154,1.127863
switching_baseline,0.003,7,strong,compute_wait,18996,3416.357251
switching_baseline,0.004,5,weak,buffer0_ready_to_frame,19509,2.560118
switching_baseline,0.002,5,strong,escalation_link_per_window,11704,14.624728
switching_baseline,0.002,7,weak,buffer0_ready_to_frame,194272,2.830845
switching_baseline,0.004,5,weak,buffer0_first_round_to_frame,19509,12.234232
switching_baseline,0.004,5,strong,compute_wait,10407,1386.578958
switching_baseline,0.0005,11,strong,weak_attempt,408,2.821515
switching_baseline,0.003,9,weak,escalation_link_per_window,128838,0.000000
switching_baseline,0.001,5,weak,fetch,900116,0.110574
switching_baseline,0.004,5,weak,selection_wait,19509,0.004984
switching_baseline,0.002,7,weak,frame_commit,194272,0.007974
switching_baseline,0.005,5,weak,weak_attempt,3154,0.000000
switching_baseline,0.004,9,strong,buffer0_first_round_to_frame,29900,65550.769026
switching_baseline,0.002,13,strong,weak_attempt,3162,3.411633
switching_baseline,0.001,7,weak,queue_wait,24896,0.023218
switching_baseline,0.0005,13,weak,queue_wait,11647,0.000000
switching_baseline,0.0005,13,weak,buffer0_first_round_to_frame,11647,25.802828
switching_baseline,0.002,11,strong,admission_wait,3720,0.021124
switching_baseline,0.003,11,weak,release,341580,0.030000
switching_baseline,0.001,11,strong,weak_attempt,928,2.853851
switching_baseline,0.005,13,weak,queue_wait,1167,0.000000
switching_baseline,0.005,11,strong,selection_wait,7573,0.000000
switching_baseline,0.001,13,weak,weak_attempt,10329,0.000000
switching_baseline,0.004,11,weak,buffer_fill,27423,19.087507
switching_baseline,0.003,7,strong,fetch,18996,0.000000
switching_baseline,0.002,9,weak,escalation_link_per_window,1379178,0.000000
switching_baseline,0.002,9,strong,escalation_link_per_window,359199,21.483050
switching_baseline,0.0005,13,weak,fetch,11647,0.252580
switching_baseline,0.004,9,weak,buffer0_first_round_to_frame,33813,19.926056
switching_baseline,0.002,13,strong,compute_wait,3162,11142.257866
switching_baseline,0.0005,7,strong,algorithm,477,1154.808073
switching_baseline,0.003,5,weak,queue_wait,55945,0.000000
switching_baseline,0.001,11,strong,compute_wait,928,1411.678088
switching_baseline,0.002,7,weak,buffer0_first_round_to_frame,194272,15.202352
switching_baseline,0.002,13,weak,buffer_fill,8724,23.446583
switching_baseline,0.003,5,weak,output_link_per_window,55945,0.164026
switching_baseline,0.002,5,strong,buffer_fill,11704,10.627251
switching_baseline,0.001,13,weak,compute_wait,10329,0.000000
switching_baseline,0.001,11,weak,buffer0_ready_to_frame,13301,3.415614
switching_baseline,0.004,5,strong,escalation_link_per_window,10407,14.456527
switching_baseline,0.0005,11,strong,output_link_per_window,408,1.151870
switching_baseline,0.0005,5,weak,fetch,1846225,0.109909
switching_baseline,0.003,5,strong,confidence,14994,0.000000
switching_baseline,0.003,9,strong,buffer0_first_round_to_frame,60387,24088.687910
switching_baseline,0.001,9,weak,escalation_link_per_window,16308,0.000000
switching_baseline,0.001,9,strong,release,988,0.000000
switching_baseline,0.002,7,weak,compute_wait,194272,0.000000
switching_baseline,0.001,11,strong,algorithm,928,4235.664323
switching_baseline,0.004,7,weak,input_link_per_window,10612,0.004000
switching_baseline,0.001,7,strong,dep_block,1226,175.790197
switching_baseline,0.005,5,weak,admission_wait,3154,0.023338
switching_baseline,0.0005,9,strong,dep_block,436,62.000963
switching_baseline,0.002,13,strong,confidence,3162,0.000000
switching_baseline,0.002,7,weak,input_link_per_window,194272,0.004000
switching_baseline,0.005,5,strong,buffer_fill,2733,11.822950
switching_baseline,0.005,9,strong,dep_block,5809,49629.839232
switching_baseline,0.002,9,weak,release,1379178,0.030000
switching_baseline,0.0005,5,weak,buffer0_ready_to_frame,1846225,2.041557
switching_baseline,0.002,5,strong,input_link_per_window,11704,0.000000
switching_baseline,0.0005,7,weak,frame_commit,22602,0.007974
switching_baseline,0.0005,11,weak,buffer0_first_round_to_frame,14813,21.278554
switching_baseline,0.002,7,strong,algorithm,39209,2920.835865
switching_baseline,0.004,13,strong,output_link_per_window,22356,1.151870
switching_baseline,0.001,11,strong,fetch,928,0.000000
switching_baseline,0.0005,9,strong,frame_commit,436,0.005295
switching_baseline,0.005,7,strong,buffer0_ready_to_frame,9932,39863.478608
switching_baseline,0.001,9,weak,queue_wait,16308,0.127688
switching_baseline,0.001,7,strong,selection_wait,1226,0.000000
switching_baseline,0.005,11,weak,release,4016,0.030000
switching_baseline,0.002,9,strong,frame_commit,359199,0.005257
switching_baseline,0.005,11,weak,weak_attempt,4016,0.000000
switching_baseline,0.002,9,weak,algorithm,1379178,1.426679
switching_baseline,0.004,7,weak,buffer0_first_round_to_frame,10612,16.031526
switching_baseline,0.002,9,weak,frame_commit,1379178,0.007974
switching_baseline,0.002,5,weak,buffer0_first_round_to_frame,81255,11.540289
switching_baseline,0.004,7,strong,queue_wait,7390,0.000000
switching_baseline,0.0005,13,strong,admission_wait,409,0.023398
switching_baseline,0.005,9,strong,confidence,5809,0.000000
switching_baseline,0.003,5,strong,release,14994,0.000000
switching_baseline,0.005,5,weak,buffer0_ready_to_frame,3154,2.619252
switching_baseline,0.002,5,strong,selection_wait,11704,0.000000
switching_baseline,0.003,7,weak,buffer0_ready_to_frame,53223,2.964871
switching_baseline,0.0005,9,strong,input_link_per_window,436,0.000000
switching_baseline,0.003,7,weak,queue_wait,53223,0.035031
switching_baseline,0.003,13,strong,fetch,213658,0.000000
switching_baseline,0.001,9,weak,buffer0_ready_to_frame,16308,3.121333
switching_baseline,0.0005,7,weak,weak_attempt,22602,0.000000
switching_baseline,0.003,5,strong,buffer0_first_round_to_frame,14994,3156.485633
switching_baseline,0.0005,7,strong,input_link_per_window,477,0.000000
switching_baseline,0.0005,13,weak,buffer_fill,11647,22.543457
switching_baseline,0.002,7,weak,release,194272,0.030000
switching_baseline,0.004,13,strong,admission_wait,22356,0.023246
switching_baseline,0.0005,5,strong,input_link_per_window,28393,0.000000
switching_baseline,0.0005,9,strong,weak_attempt,436,2.734830
switching_baseline,0.004,13,weak,algorithm,18959,2.806415
switching_baseline,0.0005,11,strong,frame_commit,408,0.005951
switching_baseline,0.004,5,strong,release,10407,0.000000
switching_baseline,0.005,9,weak,release,3870,0.030000
switching_baseline,0.004,9,weak,dep_block,33813,0.447010
switching_baseline,0.002,9,strong,weak_attempt,359199,2.871740
switching_baseline,0.005,5,weak,frame_commit,3154,0.007974
switching_baseline,0.003,11,strong,buffer0_ready_to_frame,198915,55399.630368
switching_baseline,0.001,11,strong,queue_wait,928,0.000000
switching_baseline,0.005,5,weak,queue_wait,3154,0.000000
switching_baseline,0.0005,7,weak,compute_wait,22602,0.000000
switching_baseline,0.004,5,weak,algorithm,19509,1.082085
switching_baseline,0.002,9,weak,weak_attempt,1379178,0.000000
switching_baseline,0.0005,9,strong,compute_wait,436,565.981886
switching_baseline,0.004,5,weak,confidence,19509,1.000000
switching_baseline,0.002,9,strong,compute_wait,359199,3087.427588
switching_baseline,0.003,7,weak,buffer_fill,53223,12.630533
switching_baseline,0.002,5,strong,queue_wait,11704,0.000000
switching_baseline,0.003,11,strong,fetch,198915,0.000000
switching_baseline,0.003,7,strong,confidence,18996,0.000000
switching_baseline,0.002,5,strong,output_link_per_window,11704,1.151870
switching_baseline,0.004,5,strong,dep_block,10407,1865.769830
switching_baseline,0.0005,9,weak,input_link_per_window,17939,0.004000
switching_baseline,0.0005,11,strong,buffer0_first_round_to_frame,408,3434.864432
switching_baseline,0.003,7,weak,selection_wait,53223,0.005007
switching_baseline,0.004,11,strong,queue_wait,30158,0.000000
switching_baseline,0.003,11,weak,algorithm,341580,1.926004
switching_baseline,0.004,13,strong,algorithm,22356,399081.670899
switching_baseline,0.0005,7,strong,escalation_link_per_window,477,18.232878
switching_baseline,0.002,9,weak,compute_wait,1379178,0.000000
switching_baseline,0.005,5,strong,algorithm,2733,2336.306134
switching_baseline,0.003,7,strong,buffer0_first_round_to_frame,18996,10946.098418
switching_baseline,0.005,11,weak,fetch,4016,0.215705
switching_baseline,0.0005,11,strong,compute_wait,408,795.994405
switching_baseline,0.004,5,weak,input_link_per_window,19509,0.004000
switching_baseline,0.003,9,weak,queue_wait,128838,0.135431
switching_baseline,0.005,5,strong,output_link_per_window,2733,1.151870
switching_baseline,0.0005,9,strong,output_link_per_window,436,1.151870
switching_baseline,0.002,5,weak,input_link_per_window,81255,0.004000
switching_baseline,0.005,13,strong,fetch,2535,0.000000
switching_baseline,0.0005,11,weak,selection_wait,14813,0.005035
switching_baseline,0.004,13,strong,input_link_per_window,22356,0.000000
switching_baseline,0.004,11,weak,confidence,27423,1.000000
switching_baseline,0.002,11,weak,frame_commit,11360,0.007974
switching_baseline,0.005,5,weak,compute_wait,3154,0.000000
switching_baseline,0.004,11,strong,input_link_per_window,30158,0.000000
switching_baseline,0.002,9,weak,confidence,1379178,1.000000
switching_baseline,0.004,9,weak,buffer_fill,33813,16.078097
switching_baseline,0.002,13,weak,selection_wait,8724,0.004986
switching_baseline,0.001,13,strong,buffer0_ready_to_frame,859,9930.778521
switching_baseline,0.004,9,strong,queue_wait,29900,0.000000
switching_baseline,0.0005,9,weak,buffer0_first_round_to_frame,17939,17.984043
switching_baseline,0.001,11,weak,selection_wait,13301,0.005048
switching_baseline,0.0005,11,strong,buffer_fill,408,22.921826
switching_baseline,0.0005,11,strong,release,408,0.000000
switching_baseline,0.001,7,weak,output_link_per_window,24896,0.164026
switching_baseline,0.0005,9,weak,weak_attempt,17939,0.000000
switching_baseline,0.002,9,strong,fetch,359199,0.000000
switching_baseline,0.002,11,strong,buffer_fill,3720,24.155438
switching_baseline,0.0005,13,strong,buffer0_first_round_to_frame,409,5751.575198
switching_baseline,0.005,11,weak,frame_commit,4016,0.007974
switching_baseline,0.005,11,weak,output_link_per_window,4016,0.164026
switching_baseline,0.002,13,weak,queue_wait,8724,0.000000
switching_baseline,0.004,7,weak,confidence,10612,1.000000
switching_baseline,0.001,13,weak,escalation_link_per_window,10329,0.000000
switching_baseline,0.002,7,strong,buffer0_ready_to_frame,39209,5557.778173
switching_baseline,0.005,7,weak,fetch,8656,0.153138
switching_baseline,0.004,7,weak,buffer0_ready_to_frame,10612,3.125467
switching_baseline,0.0005,5,strong,escalation_link_per_window,28393,14.389573
switching_baseline,0.004,7,weak,admission_wait,10612,0.022646
switching_baseline,0.002,9,weak,buffer0_ready_to_frame,1379178,3.315723
switching_baseline,0.005,7,weak,frame_commit,8656,0.007974
switching_baseline,0.002,11,weak,weak_attempt,11360,0.000000
switching_baseline,0.001,5,weak,admission_wait,900116,0.023349
switching_baseline,0.003,5,strong,fetch,14994,0.000000
switching_baseline,0.0005,13,strong,queue_wait,409,0.000000
switching_baseline,0.001,9,weak,algorithm,16308,1.260990
switching_baseline,0.003,5,strong,frame_commit,14994,0.005851
switching_baseline,0.005,11,strong,release,7573,0.000000
switching_baseline,0.005,11,weak,admission_wait,4016,0.021605
switching_baseline,0.003,11,strong,dep_block,198915,7785.002141
switching_baseline,0.004,11,weak,fetch,27423,0.213346
switching_baseline,0.002,13,strong,selection_wait,3162,0.000000
switching_baseline,0.003,9,strong,input_link_per_window,60387,0.000000
switching_baseline,0.002,11,weak,compute_wait,11360,0.000000
switching_baseline,0.002,5,strong,release,11704,0.000000
switching_baseline,0.003,7,strong,input_link_per_window,18996,0.000000
switching_baseline,0.004,13,strong,queue_wait,22356,0.000000
switching_baseline,0.003,5,strong,input_link_per_window,14994,0.000000
switching_baseline,0.0005,9,strong,escalation_link_per_window,436,20.635935
switching_baseline,0.001,13,strong,dep_block,859,80.986115
switching_baseline,0.004,13,weak,confidence,18959,1.000000
switching_baseline,0.0005,5,weak,queue_wait,1846225,0.000000
switching_baseline,0.005,5,weak,input_link_per_window,3154,0.004000
switching_baseline,0.005,7,weak,weak_attempt,8656,0.000000
switching_baseline,0.003,5,weak,input_link_per_window,55945,0.004000
switching_baseline,0.004,13,weak,output_link_per_window,18959,0.164026
switching_baseline,0.005,13,weak,buffer_fill,1167,23.993880
switching_baseline,0.001,5,weak,input_link_per_window,900116,0.004000
switching_baseline,0.0005,7,weak,buffer0_first_round_to_frame,22602,14.435559
switching_baseline,0.003,9,weak,dep_block,128838,0.385993
switching_baseline,0.003,13,strong,frame_commit,213658,0.006534
switching_baseline,0.002,9,strong,dep_block,359199,1221.710175
switching_baseline,0.003,9,strong,output_link_per_window,60387,1.151870
switching_baseline,0.005,11,weak,compute_wait,4016,0.000000
switching_baseline,0.003,5,weak,frame_commit,55945,0.007974
switching_baseline,0.003,5,strong,weak_attempt,14994,2.427349
switching_baseline,0.004,13,strong,buffer_fill,22356,29.979796
switching_baseline,0.002,9,strong,buffer0_first_round_to_frame,359199,9726.843914
switching_baseline,0.002,11,strong,frame_commit,3720,0.005845
switching_baseline,0.0005,13,strong,output_link_per_window,409,1.151870
switching_baseline,0.003,5,weak,algorithm,55945,1.033332
switching_baseline,0.005,13,weak,buffer0_ready_to_frame,1167,5.746846
switching_baseline,0.003,9,strong,algorithm,60387,11763.311750
switching_baseline,0.005,11,strong,buffer0_ready_to_frame,7573,820829.185972
switching_baseline,0.005,7,weak,compute_wait,8656,0.000000
switching_baseline,0.004,9,weak,confidence,33813,1.000000
switching_baseline,0.001,11,strong,output_link_per_window,928,1.151870
switching_baseline,0.003,5,strong,compute_wait,14994,931.693147
switching_baseline,0.0005,7,weak,buffer0_ready_to_frame,22602,2.496179
switching_baseline,0.0005,9,weak,selection_wait,17939,0.005002
switching_baseline,0.003,13,strong,weak_attempt,213658,3.925802
switching_baseline,0.005,9,strong,buffer0_ready_to_frame,5809,183715.476311
switching_baseline,0.005,13,weak,frame_commit,1167,0.007974
switching_baseline,0.003,5,weak,weak_attempt,55945,0.000000
switching_baseline,0.002,9,weak,selection_wait,1379178,0.005003
switching_baseline,0.002,11,strong,weak_attempt,3720,3.142379
switching_baseline,0.002,5,weak,release,81255,0.030000
switching_baseline,0.004,5,weak,output_link_per_window,19509,0.164026
switching_baseline,0.001,13,strong,input_link_per_window,859,0.000000
switching_baseline,0.002,7,weak,output_link_per_window,194272,0.164026
switching_baseline,0.0005,13,weak,release,11647,0.030000
switching_baseline,0.001,11,strong,input_link_per_window,928,0.000000
switching_baseline,0.0005,5,strong,algorithm,28393,430.008165
switching_baseline,0.005,7,weak,release,8656,0.030000
switching_baseline,0.004,13,weak,escalation_link_per_window,18959,0.000000
switching_baseline,0.001,5,strong,buffer0_ready_to_frame,33785,922.602566
switching_baseline,0.002,5,strong,buffer0_first_round_to_frame,11704,1863.765607
switching_baseline,0.001,13,weak,input_link_per_window,10329,0.004000
switching_baseline,0.0005,5,weak,buffer0_first_round_to_frame,1846225,10.835324
switching_baseline,0.003,13,strong,compute_wait,213658,49528.767304
switching_baseline,0.0005,9,weak,frame_commit,17939,0.007974
switching_baseline,0.002,11,weak,buffer_fill,11360,18.682034
switching_baseline,0.0005,7,weak,queue_wait,22602,0.017714
switching_baseline,0.003,13,weak,selection_wait,321024,0.005001
switching_baseline,0.005,7,weak,buffer0_ready_to_frame,8656,3.267090
switching_baseline,0.003,9,weak,buffer0_ready_to_frame,128838,3.556596
switching_baseline,0.002,11,strong,compute_wait,3720,5697.604242
switching_baseline,0.002,9,strong,buffer_fill,359199,19.694296
switching_baseline,0.001,11,strong,admission_wait,928,0.021054
switching_baseline,0.002,13,weak,dep_block,8724,0.412243
switching_baseline,0.004,9,strong,admission_wait,29900,0.021853
switching_baseline,0.005,13,weak,weak_attempt,1167,0.000000
switching_baseline,0.001,13,strong,escalation_link_per_window,859,28.422315
switching_baseline,0.004,11,strong,selection_wait,30158,0.000000
switching_baseline,0.001,5,strong,dep_block,33785,72.612601
switching_baseline,0.003,13,strong,buffer0_ready_to_frame,213658,144405.223117
switching_baseline,0.004,5,strong,buffer0_ready_to_frame,10407,5038.803139
switching_baseline,0.0005,7,strong,dep_block,477,51.354757
switching_baseline,0.005,9,weak,weak_attempt,3870,0.000000
switching_baseline,0.005,7,strong,dep_block,9932,13448.846383
switching_baseline,0.001,5,strong,confidence,33785,0.000000
switching_baseline,0.005,9,strong,buffer_fill,5809,21.581247
switching_baseline,0.002,5,strong,algorithm,11704,942.366157
switching_baseline,0.005,7,weak,queue_wait,8656,0.045539
switching_baseline,0.005,7,strong,admission_wait,9932,0.022719
switching_baseline,0.005,13,weak,compute_wait,1167,0.000000
switching_baseline,0.001,11,weak,output_link_per_window,13301,0.164026
switching_baseline,0.003,9,weak,admission_wait,128838,0.021721
switching_baseline,0.0005,11,weak,algorithm,14813,1.274523
switching_baseline,0.002,7,strong,output_link_per_window,39209,1.151870
switching_baseline,0.001,11,weak,dep_block,13301,0.418445
switching_baseline,0.0005,5,strong,queue_wait,28393,0.000000
switching_baseline,0.002,7,strong,buffer0_first_round_to_frame,39209,5573.020796
switching_baseline,0.0005,7,strong,admission_wait,477,0.022733
switching_baseline,0.001,11,weak,confidence,13301,1.000000
switching_baseline,0.005,9,strong,frame_commit,5809,0.005515
switching_baseline,0.005,11,strong,fetch,7573,0.000000
switching_baseline,0.0005,7,weak,escalation_link_per_window,22602,0.000000
switching_baseline,0.002,11,weak,buffer0_ready_to_frame,11360,3.670506
switching_baseline,0.0005,7,strong,frame_commit,477,0.005948
switching_baseline,0.001,13,strong,queue_wait,859,0.000000
switching_baseline,0.0005,9,weak,compute_wait,17939,0.000000
switching_baseline,0.001,9,weak,buffer_fill,16308,15.130616
switching_baseline,0.001,5,strong,release,33785,0.000000
switching_baseline,0.002,7,strong,frame_commit,39209,0.005960
switching_baseline,0.0005,5,weak,output_link_per_window,1846225,0.164026
switching_baseline,0.0005,11,weak,buffer_fill,14813,18.011190
switching_baseline,0.004,7,weak,fetch,10612,0.150923
switching_baseline,0.0005,9,weak,queue_wait,17939,0.118213
switching_baseline,0.004,13,strong,frame_commit,22356,0.006535
switching_baseline,0.0005,13,weak,admission_wait,11647,0.023129
switching_baseline,0.005,7,strong,output_link_per_window,9932,1.151870
switching_baseline,0.002,7,strong,queue_wait,39209,0.000019
switching_baseline,0.0005,9,strong,release,436,0.000000
switching_baseline,0.005,7,strong,release,9932,0.000000
switching_baseline,0.003,9,strong,confidence,60387,0.000000
switching_baseline,0.001,11,strong,escalation_link_per_window,928,24.147905
switching_baseline,0.002,7,strong,fetch,39209,0.000000
switching_baseline,0.002,9,weak,dep_block,1379178,0.350449
switching_baseline,0.005,11,weak,algorithm,4016,2.561168
switching_baseline,0.0005,7,strong,buffer_fill,477,14.325020
switching_baseline,0.005,9,strong,fetch,5809,0.000000
switching_baseline,0.005,9,strong,weak_attempt,5809,3.765940
switching_baseline,0.003,7,weak,fetch,53223,0.148173
switching_baseline,0.002,5,weak,algorithm,81255,0.962989
switching_baseline,0.0005,7,strong,weak_attempt,477,2.637593
switching_baseline,0.001,9,strong,weak_attempt,988,2.695423
switching_baseline,0.001,13,weak,admission_wait,10329,0.023105
switching_baseline,0.005,5,weak,output_link_per_window,3154,0.164026
switching_baseline,0.002,7,strong,weak_attempt,39209,2.633100
switching_baseline,0.003,11,weak,escalation_link_per_window,341580,0.000000
switching_baseline,0.003,11,strong,confidence,198915,0.000000
switching_baseline,0.003,7,weak,output_link_per_window,53223,0.164026
switching_baseline,0.0005,7,weak,input_link_per_window,22602,0.004000
switching_baseline,0.001,9,weak,output_link_per_window,16308,0.164026
switching_baseline,0.004,7,strong,buffer_fill,7390,16.215394
switching_baseline,0.001,13,weak,buffer0_ready_to_frame,10329,3.414237
switching_baseline,0.003,5,weak,buffer_fill,55945,9.353977
switching_baseline,0.005,9,weak,queue_wait,3870,0.164114
switching_baseline,0.004,13,weak,dep_block,18959,0.653716
switching_baseline,0.002,13,weak,input_link_per_window,8724,0.004000
switching_baseline,0.002,9,strong,buffer0_ready_to_frame,359199,9707.149618
switching_baseline,0.003,13,strong,admission_wait,213658,0.023326
switching_baseline,0.005,9,strong,compute_wait,5809,61236.446896
switching_baseline,0.004,13,strong,weak_attempt,22356,4.493404
switching_baseline,0.002,13,weak,frame_commit,8724,0.007974
switching_baseline,0.0005,7,strong,compute_wait,477,333.753918
switching_baseline,0.004,11,strong,algorithm,30158,102347.020777
switching_baseline,0.005,9,weak,selection_wait,3870,0.004989
switching_baseline,0.004,9,weak,buffer0_ready_to_frame,33813,3.847958
switching_baseline,0.003,11,strong,weak_attempt,198915,3.507656
switching_baseline,0.0005,9,strong,selection_wait,436,0.000000
switching_baseline,0.002,7,strong,compute_wait,39209,1699.859088
switching_baseline,0.003,11,strong,output_link_per_window,198915,1.151870
switching_baseline,0.001,9,weak,release,16308,0.030000
switching_baseline,0.002,13,weak,release,8724,0.030000
switching_baseline,0.001,13,weak,buffer0_first_round_to_frame,10329,26.173361
switching_baseline,0.0005,13,strong,fetch,409,0.000000
switching_baseline,0.001,13,weak,confidence,10329,1.000000
switching_baseline,0.002,7,weak,selection_wait,194272,0.005004
switching_baseline,0.001,7,strong,confidence,1226,0.000000
switching_baseline,0.003,5,weak,selection_wait,55945,0.005068
switching_baseline,0.002,13,strong,algorithm,3162,22032.760865
switching_baseline,0.004,13,strong,compute_wait,22356,276858.885623
switching_baseline,0.003,11,weak,fetch,341580,0.211797
switching_baseline,0.002,9,strong,admission_wait,359199,0.021867
switching_baseline,0.005,5,weak,dep_block,3154,0.136110
switching_baseline,0.0005,7,weak,dep_block,22602,0.151797
switching_baseline,0.003,11,weak,queue_wait,341580,0.186544
switching_baseline,0.0005,7,strong,queue_wait,477,0.000000
switching_baseline,0.001,13,strong,release,859,0.000000
switching_baseline,0.005,9,weak,frame_commit,3870,0.007974
switching_baseline,0.002,13,weak,weak_attempt,8724,0.000000
switching_baseline,0.004,7,weak,buffer_fill,10612,12.906059
switching_baseline,0.003,7,strong,admission_wait,18996,0.022728
switching_baseline,0.001,9,strong,buffer0_first_round_to_frame,988,3320.988388
switching_baseline,0.001,13,weak,algorithm,10329,1.574023
switching_baseline,0.003,5,weak,compute_wait,55945,0.000000
switching_baseline,0.0005,11,strong,selection_wait,408,0.000000
switching_baseline,0.002,11,weak,selection_wait,11360,0.004994
switching_baseline,0.002,9,strong,queue_wait,359199,0.000000
switching_baseline,0.004,9,weak,release,33813,0.030000
switching_baseline,0.002,13,weak,compute_wait,8724,0.000000
switching_baseline,0.003,5,strong,buffer_fill,14994,10.926805
switching_baseline,0.005,11,strong,buffer_fill,7573,25.371423
switching_baseline,0.001,11,strong,buffer_fill,928,22.957160
switching_baseline,0.004,5,strong,admission_wait,10407,0.023366
switching_baseline,0.005,13,strong,buffer0_ready_to_frame,2535,2201371.689764
switching_baseline,0.001,5,weak,confidence,900116,1.000000
switching_baseline,0.001,11,weak,buffer0_first_round_to_frame,13301,21.583309
switching_baseline,0.0005,11,weak,release,14813,0.030000
switching_baseline,0.001,13,strong,output_link_per_window,859,1.151870
switching_baseline,0.004,5,weak,admission_wait,19509,0.023342
switching_baseline,0.005,5,weak,release,3154,0.030000
switching_baseline,0.003,13,strong,confidence,213658,0.000000
switching_baseline,0.004,13,weak,release,18959,0.030000
switching_baseline,0.001,5,weak,escalation_link_per_window,900116,0.000000
switching_baseline,0.002,11,weak,fetch,11360,0.208912
switching_baseline,0.003,7,weak,frame_commit,53223,0.007974
switching_baseline,0.0005,13,strong,algorithm,409,4301.680306
switching_baseline,0.005,5,strong,queue_wait,2733,0.000000
switching_baseline,0.005,9,weak,compute_wait,3870,0.000000
switching_baseline,0.001,5,strong,buffer0_first_round_to_frame,33785,932.817183
switching_baseline,0.004,7,weak,output_link_per_window,10612,0.164026
switching_baseline,0.001,11,strong,dep_block,928,131.600108
switching_baseline,0.005,11,strong,admission_wait,7573,0.021227
switching_baseline,0.003,13,weak,queue_wait,321024,0.000001
switching_baseline,0.002,9,weak,output_link_per_window,1379178,0.164026
switching_baseline,0.001,9,strong,frame_commit,988,0.005302
switching_baseline,0.005,11,weak,buffer_fill,4016,19.297276
switching_baseline,0.003,13,weak,input_link_per_window,321024,0.004000
switching_baseline,0.004,7,strong,release,7390,0.000000
switching_baseline,0.001,9,weak,dep_block,16308,0.326709
switching_baseline,0.002,7,strong,dep_block,39209,933.269539
switching_baseline,0.005,5,weak,escalation_link_per_window,3154,0.000000
switching_baseline,0.001,5,weak,algorithm,900116,0.804007
switching_baseline,0.003,7,weak,weak_attempt,53223,0.000000
switching_baseline,0.003,13,weak,buffer_fill,321024,23.872414
switching_baseline,0.003,7,strong,algorithm,18996,5055.032213
switching_baseline,0.001,7,strong,buffer_fill,1226,14.551453
switching_baseline,0.002,13,strong,escalation_link_per_window,3162,27.849529
switching_baseline,0.001,13,strong,selection_wait,859,0.000000
switching_baseline,0.003,11,strong,frame_commit,198915,0.005837
switching_baseline,0.003,13,strong,release,213658,0.000000
switching_baseline,0.001,5,weak,frame_commit,900116,0.007974
switching_baseline,0.004,7,strong,buffer0_ready_to_frame,7390,21874.794823
switching_baseline,0.002,11,weak,buffer0_first_round_to_frame,11360,22.352540
switching_baseline,0.004,5,strong,confidence,10407,0.000000
switching_baseline,0.0005,9,weak,algorithm,17939,1.148948
switching_baseline,0.005,7,weak,algorithm,8656,1.564822
switching_baseline,0.004,9,strong,input_link_per_window,29900,0.000000
switching_baseline,0.0005,11,weak,buffer0_ready_to_frame,14813,3.267364
switching_baseline,0.003,7,weak,compute_wait,53223,0.000000
switching_baseline,0.004,7,strong,input_link_per_window,7390,0.000000
switching_baseline,0.001,11,weak,fetch,13301,0.203552
switching_baseline,0.004,5,strong,input_link_per_window,10407,0.000000
switching_baseline,0.005,9,strong,selection_wait,5809,0.000000
switching_baseline,0.004,5,weak,escalation_link_per_window,19509,0.000000
switching_baseline,0.001,7,strong,buffer0_first_round_to_frame,1226,2320.467688
switching_baseline,0.003,9,strong,dep_block,60387,4334.852949
switching_baseline,0.002,7,weak,fetch,194272,0.145583
switching_baseline,0.001,11,weak,input_link_per_window,13301,0.004000
switching_baseline,0.005,13,weak,output_link_per_window,1167,0.164026
switching_baseline,0.005,11,strong,output_link_per_window,7573,1.151870
switching_baseline,0.001,9,strong,compute_wait,988,796.508814
switching_baseline,0.0005,7,weak,selection_wait,22602,0.004890
switching_baseline,0.002,5,strong,fetch,11704,0.000000
switching_baseline,0.001,9,weak,selection_wait,16308,0.005046
switching_baseline,0.001,7,strong,admission_wait,1226,0.022738
switching_baseline,0.001,5,weak,weak_attempt,900116,0.000000
switching_baseline,0.004,5,weak,dep_block,19509,0.125022
switching_baseline,0.005,11,strong,queue_wait,7573,0.000000
switching_baseline,0.0005,5,strong,selection_wait,28393,0.000000
switching_baseline,0.005,7,strong,fetch,9932,0.000000
switching_baseline,0.001,7,weak,fetch,24896,0.142163
switching_baseline,0.0005,7,weak,output_link_per_window,22602,0.164026
switching_baseline,0.003,5,weak,escalation_link_per_window,55945,0.000000
switching_baseline,0.005,7,strong,queue_wait,9932,0.000000
switching_baseline,0.004,13,weak,selection_wait,18959,0.005016
switching_baseline,0.005,9,strong,output_link_per_window,5809,1.151870
switching_baseline,0.002,5,strong,admission_wait,11704,0.023369
switching_baseline,0.003,11,strong,compute_wait,198915,19116.565299
switching_baseline,0.002,11,strong,escalation_link_per_window,3720,23.782234
switching_baseline,0.003,11,weak,dep_block,341580,0.500213
switching_baseline,0.003,11,weak,selection_wait,341580,0.004999
switching_baseline,0.004,13,strong,dep_block,22356,82642.234771
switching_baseline,0.0005,5,strong,dep_block,28393,31.829036
switching_baseline,0.005,5,strong,dep_block,2733,3072.921999
switching_baseline,0.003,11,weak,frame_commit,341580,0.007974
switching_baseline,0.001,5,strong,output_link_per_window,33785,1.151870
switching_baseline,0.001,7,weak,release,24896,0.030000
switching_baseline,0.005,7,weak,output_link_per_window,8656,0.164026
switching_baseline,0.0005,11,strong,fetch,408,0.000000
switching_baseline,0.002,11,weak,release,11360,0.030000
switching_baseline,0.002,5,weak,escalation_link_per_window,81255,0.000000
switching_baseline,0.003,9,weak,output_link_per_window,128838,0.164026
switching_baseline,0.003,9,weak,weak_attempt,128838,0.000000
switching_baseline,0.005,5,strong,fetch,2733,0.000000
switching_baseline,0.004,13,weak,input_link_per_window,18959,0.004000
switching_baseline,0.002,5,weak,queue_wait,81255,0.000000
switching_baseline,0.0005,11,weak,confidence,14813,1.000000
switching_baseline,0.0005,7,weak,fetch,22602,0.141268
switching_baseline,0.003,13,strong,output_link_per_window,213658,1.151870
switching_baseline,0.002,9,weak,admission_wait,1379178,0.021739
switching_baseline,0.003,11,strong,selection_wait,198915,0.000000
switching_baseline,0.004,5,strong,output_link_per_window,10407,1.151870
switching_baseline,0.005,11,weak,confidence,4016,1.000000
switching_baseline,0.002,13,weak,buffer0_first_round_to_frame,8724,27.253965
switching_baseline,0.001,7,weak,buffer_fill,24896,12.029412
switching_baseline,0.003,13,strong,input_link_per_window,213658,0.000000
switching_baseline,0.003,7,weak,admission_wait,53223,0.022661
switching_baseline,0.003,11,weak,weak_attempt,341580,0.000000
switching_baseline,0.005,9,weak,buffer_fill,3870,16.124130
switching_baseline,0.005,7,strong,frame_commit,9932,0.006097
switching_baseline,0.0005,9,weak,buffer0_ready_to_frame,17939,2.973887
switching_baseline,0.0005,5,strong,frame_commit,28393,0.005849
switching_baseline,0.002,5,strong,frame_commit,11704,0.005840
switching_baseline,0.003,7,strong,release,18996,0.000000
switching_baseline,0.005,13,strong,frame_commit,2535,0.006583
switching_baseline,0.004,7,weak,release,10612,0.030000
switching_baseline,0.001,9,weak,buffer0_first_round_to_frame,16308,18.251949
switching_baseline,0.003,11,weak,compute_wait,341580,0.000000
switching_baseline,0.0005,5,weak,input_link_per_window,1846225,0.004000
switching_baseline,0.005,9,strong,escalation_link_per_window,5809,21.210775
switching_baseline,0.0005,11,strong,confidence,408,0.000000
switching_baseline,0.0005,11,weak,admission_wait,14813,0.021403
switching_baseline,0.002,11,weak,output_link_per_window,11360,0.164026
switching_baseline,0.004,11,strong,frame_commit,30158,0.005874
switching_baseline,0.001,7,strong,buffer0_ready_to_frame,1226,2305.916235
switching_baseline,0.001,9,strong,confidence,988,0.000000
switching_baseline,0.005,13,strong,queue_wait,2535,0.000000
switching_baseline,0.002,11,weak,confidence,11360,1.000000
switching_baseline,0.002,11,weak,input_link_per_window,11360,0.004000
switching_baseline,0.003,7,strong,escalation_link_per_window,18996,18.240899
switching_baseline,0.003,9,strong,selection_wait,60387,0.000000
switching_baseline,0.004,9,strong,weak_attempt,29900,3.442102
switching_baseline,0.005,9,weak,buffer0_ready_to_frame,3870,4.105814
switching_baseline,0.002,13,weak,admission_wait,8724,0.023040
switching_baseline,0.005,7,strong,weak_attempt,9932,3.116937
switching_baseline,0.001,5,strong,escalation_link_per_window,33785,14.622195
switching_baseline,0.004,7,weak,algorithm,10612,1.451045
switching_baseline,0.003,11,weak,buffer0_ready_to_frame,341580,4.057076
switching_baseline,0.0005,9,weak,release,17939,0.030000
switching_baseline,0.002,11,strong,buffer0_ready_to_frame,3720,17576.363407
switching_baseline,0.0005,5,strong,weak_attempt,28393,2.548125
switching_baseline,0.001,11,weak,admission_wait,13301,0.021415
switching_baseline,0.004,11,weak,release,27423,0.030000
switching_baseline,0.001,7,strong,weak_attempt,1226,2.538659
switching_baseline,0.005,11,weak,dep_block,4016,0.486641
switching_baseline,0.0005,9,strong,queue_wait,436,0.000000
switching_baseline,0.002,5,strong,weak_attempt,11704,2.399125
switching_baseline,0.003,13,strong,buffer_fill,213658,29.326284
switching_baseline,0.002,7,weak,queue_wait,194272,0.029611
switching_baseline,0.002,11,weak,escalation_link_per_window,11360,0.000000
switching_baseline,0.004,7,strong,selection_wait,7390,0.000000
switching_baseline,0.005,13,strong,weak_attempt,2535,5.170178
switching_baseline,0.005,11,strong,buffer0_first_round_to_frame,7573,820854.557395
switching_baseline,0.003,13,weak,buffer0_first_round_to_frame,321024,28.234027
switching_baseline,0.0005,13,weak,input_link_per_window,11647,0.004000
switching_baseline,0.005,7,strong,compute_wait,9932,11876.696923
switching_baseline,0.0005,13,weak,confidence,11647,1.000000
switching_baseline,0.004,11,strong,weak_attempt,30158,3.945901
switching_baseline,0.001,7,weak,confidence,24896,1.000000
switching_baseline,0.0005,9,weak,escalation_link_per_window,17939,0.000000
switching_baseline,0.003,13,weak,algorithm,321024,2.350283
switching_baseline,0.001,9,strong,fetch,988,0.000000
switching_baseline,0.002,11,strong,algorithm,3720,10012.624616
switching_baseline,0.0005,5,strong,compute_wait,28393,134.728238
switching_baseline,0.003,13,strong,buffer0_first_round_to_frame,213658,144434.549402
switching_baseline,0.005,7,weak,selection_wait,8656,0.005012
switching_baseline,0.002,13,strong,fetch,3162,0.000000
switching_baseline,0.002,11,strong,queue_wait,3720,0.000000
switching_baseline,0.005,13,weak,confidence,1167,1.000000
switching_baseline,0.002,11,strong,buffer0_first_round_to_frame,3720,17600.518845
switching_baseline,0.002,5,strong,compute_wait,11704,541.084645
switching_baseline,0.0005,13,strong,input_link_per_window,409,0.000000
switching_baseline,0.001,13,weak,output_link_per_window,10329,0.164026
switching_baseline,0.0005,11,strong,input_link_per_window,408,0.000000
switching_baseline,0.003,5,weak,dep_block,55945,0.117840
switching_baseline,0.002,5,weak,selection_wait,81255,0.004947
switching_baseline,0.001,9,strong,escalation_link_per_window,988,22.079469
switching_baseline,0.005,5,strong,selection_wait,2733,0.000000
switching_baseline,0.003,9,weak,buffer0_first_round_to_frame,128838,19.391259
switching_baseline,0.005,13,strong,compute_wait,2535,818199.184590
switching_baseline,0.002,9,strong,output_link_per_window,359199,1.151870
switching_baseline,0.004,5,weak,buffer_fill,19509,9.674114
switching_baseline,0.004,11,strong,compute_wait,30158,80244.829619
switching_baseline,0.001,7,weak,buffer0_first_round_to_frame,24896,14.690397
switching_baseline,0.0005,7,weak,release,22602,0.030000
switching_baseline,0.002,13,strong,admission_wait,3162,0.023386
switching_baseline,0.003,5,weak,confidence,55945,1.000000
switching_baseline,0.005,7,strong,escalation_link_per_window,9932,18.040871
switching_baseline,0.004,9,weak,output_link_per_window,33813,0.164026
switching_baseline,0.002,11,strong,release,3720,0.000000
switching_baseline,0.004,9,strong,algorithm,29900,28360.139731
switching_baseline,0.002,13,weak,buffer0_ready_to_frame,8724,3.807382
switching_baseline,0.005,13,strong,selection_wait,2535,0.000000
switching_baseline,0.005,13,weak,input_link_per_window,1167,0.004000
switching_baseline,0.003,5,strong,escalation_link_per_window,14994,14.544717
switching_baseline,0.005,5,weak,buffer0_first_round_to_frame,3154,12.521356
switching_baseline,0.003,9,weak,frame_commit,128838,0.007974
switching_baseline,0.002,11,weak,algorithm,11360,1.621769
switching_baseline,0.003,13,weak,escalation_link_per_window,321024,0.000000
switching_baseline,0.003,13,strong,escalation_link_per_window,213658,27.500448
switching_baseline,0.001,5,weak,compute_wait,900116,0.000000
switching_baseline,0.005,13,strong,buffer0_first_round_to_frame,2535,2201402.385118
switching_baseline,0.0005,13,strong,release,409,0.000000
switching_baseline,0.003,9,strong,buffer_fill,60387,20.221917
switching_baseline,0.004,11,strong,buffer0_first_round_to_frame,30158,226562.497133
switching_baseline,0.005,13,weak,fetch,1167,0.266591
switching_baseline,0.004,9,strong,fetch,29900,0.000000
switching_baseline,0.004,9,strong,buffer0_ready_to_frame,29900,65529.840772
switching_baseline,0.003,11,weak,buffer0_first_round_to_frame,341580,23.013587
switching_baseline,0.004,11,strong,buffer_fill,30158,25.212855
switching_baseline,0.002,13,strong,buffer0_first_round_to_frame,3162,34691.348700
switching_baseline,0.001,9,strong,algorithm,988,2389.953813
switching_baseline,0.001,11,strong,buffer0_first_round_to_frame,928,5805.932313
switching_baseline,0.003,9,strong,escalation_link_per_window,60387,21.438954
switching_baseline,0.005,9,weak,buffer0_first_round_to_frame,3870,20.229943
switching_baseline,0.0005,13,weak,buffer0_ready_to_frame,11647,3.259371
switching_baseline,0.001,9,weak,confidence,16308,1.000000
switching_baseline,0.0005,11,strong,algorithm,408,2571.094257
switching_baseline,0.001,7,strong,escalation_link_per_window,1226,18.238757
switching_baseline,0.004,13,strong,fetch,22356,0.000000
switching_baseline,0.003,7,weak,buffer0_first_round_to_frame,53223,15.595404
switching_baseline,0.003,11,weak,input_link_per_window,341580,0.004000
switching_baseline,0.0005,11,weak,escalation_link_per_window,14813,0.000000
switching_baseline,0.0005,9,weak,admission_wait,17939,0.021763
switching_baseline,0.001,5,weak,buffer0_first_round_to_frame,900116,11.110667
switching_baseline,0.005,13,strong,release,2535,0.000000
switching_baseline,0.001,7,weak,frame_commit,24896,0.007974
switching_baseline,0.005,13,strong,output_link_per_window,2535,1.151870
switching_baseline,0.005,5,strong,escalation_link_per_window,2733,14.394003
switching_baseline,0.003,5,strong,queue_wait,14994,0.000000
switching_baseline,0.004,7,strong,confidence,7390,0.000000
switching_baseline,0.005,9,weak,fetch,3870,0.183061
switching_baseline,0.002,7,strong,release,39209,0.000000
switching_baseline,0.0005,9,weak,buffer_fill,17939,15.010156
switching_baseline,0.001,9,strong,selection_wait,988,0.000000
switching_baseline,0.004,9,strong,frame_commit,29900,0.005408
switching_baseline,0.005,13,strong,algorithm,2535,1076807.215628
switching_baseline,0.003,7,weak,confidence,53223,1.000000
switching_baseline,0.002,5,strong,dep_block,11704,366.107351
switching_baseline,0.003,9,weak,compute_wait,128838,0.000000
switching_baseline,0.003,11,strong,input_link_per_window,198915,0.000000
switching_baseline,0.002,13,strong,queue_wait,3162,0.000000
switching_baseline,0.003,5,strong,buffer0_ready_to_frame,14994,3145.558828
switching_baseline,0.001,7,strong,frame_commit,1226,0.005900
switching_baseline,0.004,13,strong,buffer0_first_round_to_frame,22356,758618.446144
switching_baseline,0.003,11,weak,buffer_fill,341580,18.956512
switching_baseline,0.001,5,weak,release,900116,0.030000
switching_baseline,0.003,5,strong,algorithm,14994,1350.821602
switching_baseline,0.003,11,strong,buffer0_first_round_to_frame,198915,55424.300297
switching_baseline,0.003,13,weak,admission_wait,321024,0.022984
switching_baseline,0.003,11,strong,escalation_link_per_window,198915,23.921476
switching_baseline,0.004,13,strong,escalation_link_per_window,22356,27.182532
switching_baseline,0.0005,11,weak,dep_block,14813,0.398163
switching_baseline,0.004,13,weak,fetch,18959,0.267980
switching_baseline,0.0005,11,strong,admission_wait,408,0.021056
switching_baseline,0.002,7,strong,selection_wait,39209,0.000000
switching_baseline,0.0005,9,strong,fetch,436,0.000000
switching_baseline,0.001,11,strong,confidence,928,0.000000
switching_baseline,0.001,13,strong,buffer0_first_round_to_frame,859,9958.136422
switching_baseline,0.005,5,weak,confidence,3154,1.000000
switching_baseline,0.004,11,strong,release,30158,0.000000
switching_baseline,0.003,7,weak,algorithm,53223,1.335422
switching_baseline,0.001,7,weak,weak_attempt,24896,0.000000
switching_baseline,0.001,13,weak,buffer_fill,10329,22.759124
switching_baseline,0.004,11,strong,admission_wait,30158,0.021175
switching_baseline,0.005,7,weak,buffer0_first_round_to_frame,8656,16.394852
switching_baseline,0.002,9,weak,buffer_fill,1379178,15.568958
switching_baseline,0.003,5,strong,selection_wait,14994,0.000000
switching_baseline,0.005,9,strong,queue_wait,5809,0.000000
switching_baseline,0.002,5,strong,confidence,11704,0.000000
switching_baseline,0.003,5,weak,buffer0_first_round_to_frame,55945,11.855045
switching_baseline,0.003,7,strong,dep_block,18996,2455.171847
switching_baseline,0.004,11,strong,confidence,30158,0.000000
switching_baseline,0.001,7,weak,compute_wait,24896,0.000000
switching_baseline,0.005,7,strong,buffer_fill,9932,16.713063
switching_baseline,0.0005,5,strong,release,28393,0.000000
switching_baseline,0.004,7,strong,algorithm,7390,8762.550328
switching_baseline,0.0005,9,weak,dep_block,17939,0.302013
switching_baseline,0.002,5,weak,dep_block,81255,0.111612
switching_baseline,0.004,9,strong,compute_wait,29900,22175.096659
switching_baseline,0.004,7,strong,output_link_per_window,7390,1.151870
switching_baseline,0.003,13,weak,frame_commit,321024,0.007974
switching_baseline,0.004,9,weak,selection_wait,33813,0.005000
switching_baseline,0.004,5,weak,release,19509,0.030000
switching_baseline,0.0005,11,weak,output_link_per_window,14813,0.164026
switching_baseline,0.001,7,strong,compute_wait,1226,569.610924
switching_baseline,0.0005,5,weak,algorithm,1846225,0.608616
switching_baseline,0.0005,5,weak,selection_wait,1846225,0.004596
switching_baseline,0.001,7,weak,selection_wait,24896,0.005058
switching_baseline,0.004,11,strong,escalation_link_per_window,30158,23.554923
switching_baseline,0.004,5,weak,queue_wait,19509,0.000000
switching_baseline,0.0005,11,weak,fetch,14813,0.201947
switching_baseline,0.0005,5,strong,buffer0_ready_to_frame,28393,600.294654
switching_baseline,0.005,9,strong,input_link_per_window,5809,0.000000
switching_baseline,0.005,13,weak,selection_wait,1167,0.005009
switching_baseline,0.004,11,strong,dep_block,30158,43940.309062
switching_baseline,0.005,7,strong,input_link_per_window,9932,0.000000
switching_baseline,0.003,7,strong,queue_wait,18996,0.000000
switching_baseline,0.005,5,strong,input_link_per_window,2733,0.000000
switching_baseline,0.004,9,strong,confidence,29900,0.000000
switching_baseline,0.004,11,weak,selection_wait,27423,0.005005
switching_baseline,0.001,9,strong,buffer0_ready_to_frame,988,3302.437657
switching_baseline,0.003,13,weak,weak_attempt,321024,0.000000
switching_baseline,0.004,11,weak,input_link_per_window,27423,0.004000
switching_baseline,0.002,13,strong,dep_block,3162,1483.026517
switching_baseline,0.0005,5,strong,buffer_fill,28393,10.339086
weak_alone,0.004,13,weak,input_link_per_window,133336,0.004000
weak_alone,0.004,11,weak,compute_wait,64450,0.000000
weak_alone,0.001,9,weak,frame_commit,38400000,0.006930
weak_alone,0.004,7,weak,weak_attempt,30000,0.000000
weak_alone,0.003,11,weak,buffer0_first_round_to_frame,358440,20.708630
weak_alone,0.004,9,weak,queue_wait,48000,0.101729
weak_alone,0.003,13,weak,dep_block,1066672,0.320703
weak_alone,0.004,5,weak,admission_wait,40000,0.023350
weak_alone,0.002,13,weak,admission_wait,25600000,0.023127
weak_alone,0.001,9,weak,algorithm,38400000,1.261814
weak_alone,0.004,13,weak,confidence,133336,0.000000
weak_alone,0.004,13,weak,frame_commit,133336,0.006973
weak_alone,0.0005,5,weak,queue_wait,5797120,0.000000
weak_alone,0.001,11,weak,admission_wait,640000,0.021397
weak_alone,0.003,5,weak,buffer_fill,40000,8.750046
weak_alone,0.004,11,weak,output_link_per_window,64450,0.164026
weak_alone,0.002,11,weak,dep_block,3921570,0.265280
weak_alone,0.005,7,weak,fetch,30000,0.141019
weak_alone,0.004,13,weak,weak_attempt,133336,0.000000
weak_alone,0.001,11,weak,frame_commit,640000,0.006916
weak_alone,0.005,11,weak,buffer0_ready_to_frame,20000,3.705720
weak_alone,0.003,5,weak,algorithm,40000,1.071413
weak_alone,0.001,9,weak,compute_wait,38400000,0.000000
weak_alone,0.004,9,weak,dep_block,48000,0.248297
weak_alone,0.001,11,weak,buffer_fill,640000,17.900309
weak_alone,0.004,11,weak,buffer0_first_round_to_frame,64450,21.151074
weak_alone,0.001,5,weak,queue_wait,800000,0.000000
weak_alone,0.004,7,weak,fetch,30000,0.140993
weak_alone,0.004,9,weak,output_link_per_window,48000,0.164026
weak_alone,0.003,11,weak,selection_wait,358440,0.000000
weak_alone,0.0005,7,weak,queue_wait,75000000,0.000138
weak_alone,0.003,13,weak,output_link_per_window,1066672,0.164026
weak_alone,0.005,13,weak,input_link_per_window,32000,0.004000
weak_alone,0.001,9,weak,selection_wait,38400000,0.000000
weak_alone,0.0005,13,weak,release,512000,0.030000
weak_alone,0.005,13,weak,dep_block,32000,0.445489
weak_alone,0.005,11,weak,release,20000,0.030000
weak_alone,0.004,13,weak,buffer0_ready_to_frame,133336,3.662415
weak_alone,0.003,5,weak,release,40000,0.030000
weak_alone,0.001,11,weak,compute_wait,640000,0.000000
weak_alone,0.0005,9,weak,admission_wait,768000,0.021765
weak_alone,0.004,7,weak,frame_commit,30000,0.006978
weak_alone,0.004,13,weak,fetch,133336,0.251500
weak_alone,0.004,9,weak,buffer0_first_round_to_frame,48000,17.537745
weak_alone,0.0005,11,weak,algorithm,640000,1.278712
weak_alone,0.001,11,weak,confidence,640000,0.000000
weak_alone,0.003,11,weak,input_link_per_window,358440,0.004000
weak_alone,0.0005,5,weak,frame_commit,5797120,0.007374
weak_alone,0.001,9,weak,buffer_fill,38400000,14.916838
weak_alone,0.004,7,weak,input_link_per_window,30000,0.004000
weak_alone,0.001,13,weak,frame_commit,512000,0.007037
weak_alone,0.002,7,weak,input_link_per_window,280905,0.004000
weak_alone,0.002,13,weak,algorithm,25600000,1.896865
weak_alone,0.002,9,weak,admission_wait,2400000,0.021765
weak_alone,0.004,13,weak,buffer_fill,133336,22.375812
weak_alone,0.0005,9,weak,queue_wait,768000,0.039534
weak_alone,0.0005,5,weak,buffer_fill,5797120,8.750046
weak_alone,0.003,7,weak,admission_wait,60000,0.022679
weak_alone,0.004,13,weak,buffer0_first_round_to_frame,133336,26.038227
weak_alone,0.002,5,weak,frame_commit,88900,0.007021
weak_alone,0.0005,5,weak,dep_block,5797120,0.038553
weak_alone,0.002,5,weak,confidence,88900,0.000000
weak_alone,0.004,7,weak,compute_wait,30000,0.000000
weak_alone,0.0005,5,weak,weak_attempt,5797120,0.000000
weak_alone,0.001,11,weak,escalation_link_per_window,640000,0.000000
weak_alone,0.003,13,weak,fetch,1066672,0.251500
weak_alone,0.001,13,weak,weak_attempt,512000,0.000000
weak_alone,0.004,7,weak,buffer0_first_round_to_frame,30000,13.843690
weak_alone,0.002,5,weak,buffer0_first_round_to_frame,88900,10.135549
weak_alone,0.005,9,weak,output_link_per_window,24000,0.164026
weak_alone,0.002,5,weak,algorithm,88900,0.991018
weak_alone,0.0005,5,weak,compute_wait,5797120,0.000000
weak_alone,0.0005,5,weak,selection_wait,5797120,0.000000
weak_alone,0.0005,13,weak,fetch,512000,0.251500
weak_alone,0.003,9,weak,dep_block,141180,0.213289
weak_alone,0.002,5,weak,weak_attempt,88900,0.000000
weak_alone,0.001,13,weak,compute_wait,512000,0.000000
weak_alone,0.001,11,weak,buffer0_ready_to_frame,640000,2.116815
weak_alone,0.001,13,weak,confidence,512000,0.000000
weak_alone,0.005,13,weak,selection_wait,32000,0.000000
weak_alone,0.004,9,weak,frame_commit,48000,0.006983
weak_alone,0.004,11,weak,selection_wait,64450,0.000000
weak_alone,0.005,7,weak,input_link_per_window,30000,0.004000
weak_alone,0.002,5,weak,compute_wait,88900,0.000000
weak_alone,0.005,13,weak,buffer0_first_round_to_frame,32000,26.620854
weak_alone,0.003,11,weak,queue_wait,358440,0.134415
weak_alone,0.003,7,weak,input_link_per_window,60000,0.004000
weak_alone,0.002,9,weak,buffer0_first_round_to_frame,2400000,16.993899
weak_alone,0.005,7,weak,selection_wait,30000,0.000000
weak_alone,0.001,7,weak,input_link_per_window,12000000,0.004000
weak_alone,0.004,13,weak,compute_wait,133336,0.000000
weak_alone,0.0005,5,weak,buffer0_ready_to_frame,5797120,0.998509
weak_alone,0.004,7,weak,buffer_fill,30000,11.866790
weak_alone,0.0005,7,weak,frame_commit,75000000,0.007067
weak_alone,0.002,13,weak,escalation_link_per_window,25600000,0.000000
weak_alone,0.002,5,weak,selection_wait,88900,0.000000
weak_alone,0.002,9,weak,release,2400000,0.030000
weak_alone,0.005,5,weak,dep_block,40000,0.066306
weak_alone,0.002,13,weak,fetch,25600000,0.251500
weak_alone,0.004,5,weak,buffer0_first_round_to_frame,40000,10.286098
weak_alone,0.003,7,weak,fetch,60000,0.140966
weak_alone,0.004,9,weak,weak_attempt,48000,0.000000
weak_alone,0.004,11,weak,input_link_per_window,64450,0.004000
weak_alone,0.002,7,weak,fetch,280905,0.140947
weak_alone,0.005,11,weak,confidence,20000,0.000000
weak_alone,0.0005,7,weak,weak_attempt,75000000,0.000000
weak_alone,0.004,9,weak,compute_wait,48000,0.000000
weak_alone,0.0005,7,weak,algorithm,75000000,0.963865
weak_alone,0.003,7,weak,escalation_link_per_window,60000,0.000000
weak_alone,0.005,11,weak,buffer0_first_round_to_frame,20000,21.606029
weak_alone,0.004,11,weak,escalation_link_per_window,64450,0.000000
weak_alone,0.001,7,weak,fetch,12000000,0.140938
weak_alone,0.002,7,weak,buffer0_first_round_to_frame,280905,13.566258
weak_alone,0.005,9,weak,release,24000,0.030000
weak_alone,0.0005,11,weak,release,640000,0.030000
weak_alone,0.004,11,weak,dep_block,64450,0.388601
weak_alone,0.0005,7,weak,compute_wait,75000000,0.000000
weak_alone,0.002,7,weak,weak_attempt,280905,0.000000
weak_alone,0.003,13,weak,queue_wait,1066672,0.000000
weak_alone,0.001,7,weak,queue_wait,12000000,0.000451
weak_alone,0.003,13,weak,admission_wait,1066672,0.023127
weak_alone,0.002,7,weak,escalation_link_per_window,280905,0.000000
weak_alone,0.002,11,weak,admission_wait,3921570,0.021397
weak_alone,0.001,5,weak,buffer0_ready_to_frame,800000,1.207012
weak_alone,0.003,5,weak,queue_wait,40000,0.000000
weak_alone,0.001,5,weak,algorithm,800000,0.820509
weak_alone,0.005,5,weak,input_link_per_window,40000,0.004000
weak_alone,0.001,7,weak,escalation_link_per_window,12000000,0.000000
weak_alone,0.003,5,weak,input_link_per_window,40000,0.004000
weak_alone,0.005,13,weak,escalation_link_per_window,32000,0.000000
weak_alone,0.002,9,weak,dep_block,2400000,0.183083
weak_alone,0.001,5,weak,input_link_per_window,800000,0.004000
weak_alone,0.001,11,weak,algorithm,640000,1.391750
weak_alone,0.0005,5,weak,escalation_link_per_window,5797120,0.000000
weak_alone,0.005,7,weak,algorithm,30000,1.632494
weak_alone,0.0005,11,weak,queue_wait,640000,0.064782
weak_alone,0.005,11,weak,input_link_per_window,20000,0.004000
weak_alone,0.001,9,weak,queue_wait,38400000,0.047547
weak_alone,0.005,11,weak,frame_commit,20000,0.006966
weak_alone,0.005,11,weak,output_link_per_window,20000,0.164026
weak_alone,0.005,7,weak,escalation_link_per_window,30000,0.000000
weak_alone,0.004,9,weak,selection_wait,48000,0.000000
weak_alone,0.004,5,weak,dep_block,40000,0.063810
weak_alone,0.001,7,weak,selection_wait,12000000,0.000000
weak_alone,0.003,7,weak,queue_wait,60000,0.003456
weak_alone,0.002,7,weak,confidence,280905,0.000000
weak_alone,0.004,13,weak,algorithm,133336,2.803272
weak_alone,0.004,7,weak,escalation_link_per_window,30000,0.000000
weak_alone,0.0005,11,weak,buffer0_first_round_to_frame,640000,19.873635
weak_alone,0.005,11,weak,weak_attempt,20000,0.000000
weak_alone,0.002,7,weak,frame_commit,280905,0.006968
weak_alone,0.004,5,weak,input_link_per_window,40000,0.004000
weak_alone,0.0005,7,weak,admission_wait,75000000,0.022679
weak_alone,0.005,5,weak,weak_attempt,40000,0.000000
weak_alone,0.004,13,weak,output_link_per_window,133336,0.164026
weak_alone,0.002,5,weak,input_link_per_window,88900,0.004000
weak_alone,0.004,5,weak,confidence,40000,0.000000
weak_alone,0.0005,13,weak,queue_wait,512000,0.000000
weak_alone,0.002,5,weak,buffer0_ready_to_frame,88900,1.385503
weak_alone,0.001,7,weak,buffer_fill,12000000,11.866790
weak_alone,0.005,11,weak,compute_wait,20000,0.000000
weak_alone,0.0005,13,weak,buffer_fill,512000,22.375812
weak_alone,0.005,9,weak,buffer_fill,24000,14.916838
weak_alone,0.005,13,weak,buffer0_ready_to_frame,32000,4.245042
weak_alone,0.004,13,weak,admission_wait,133336,0.023127
weak_alone,0.002,7,weak,release,280905,0.030000
weak_alone,0.003,11,weak,algorithm,358440,1.922932
weak_alone,0.004,11,weak,buffer_fill,64450,17.900309
weak_alone,0.005,9,weak,admission_wait,24000,0.021765
weak_alone,0.0005,11,weak,dep_block,640000,0.201672
weak_alone,0.002,13,weak,buffer_fill,25600000,22.375812
weak_alone,0.002,7,weak,admission_wait,280905,0.022679
weak_alone,0.0005,7,weak,buffer0_ready_to_frame,75000000,1.397671
weak_alone,0.003,5,weak,admission_wait,40000,0.023350
weak_alone,0.002,13,weak,release,25600000,0.030000
weak_alone,0.002,11,weak,confidence,3921570,0.000000
weak_alone,0.001,13,weak,fetch,512000,0.251500
weak_alone,0.002,9,weak,confidence,2400000,0.000000
weak_alone,0.002,7,weak,compute_wait,280905,0.000000
weak_alone,0.002,5,weak,release,88900,0.030000
weak_alone,0.001,9,weak,dep_block,38400000,0.156191
weak_alone,0.0005,9,weak,frame_commit,768000,0.006974
weak_alone,0.005,7,weak,release,30000,0.030000
weak_alone,0.004,7,weak,algorithm,30000,1.496859
weak_alone,0.004,7,weak,confidence,30000,0.000000
weak_alone,0.005,13,weak,confidence,32000,0.000000
weak_alone,0.0005,13,weak,buffer0_first_round_to_frame,512000,24.514227
weak_alone,0.002,11,weak,release,3921570,0.030000
weak_alone,0.005,13,weak,weak_attempt,32000,0.000000
weak_alone,0.002,11,weak,frame_commit,3921570,0.006975
weak_alone,0.0005,13,weak,selection_wait,512000,0.000000
weak_alone,0.005,11,weak,selection_wait,20000,0.000000
weak_alone,0.002,9,weak,frame_commit,2400000,0.006972
weak_alone,0.004,5,weak,buffer_fill,40000,8.750046
weak_alone,0.0005,9,weak,weak_attempt,768000,0.000000
weak_alone,0.001,11,weak,output_link_per_window,640000,0.164026
weak_alone,0.003,5,weak,dep_block,40000,0.060909
weak_alone,0.005,5,weak,selection_wait,40000,0.000000
weak_alone,0.004,13,weak,release,133336,0.030000
weak_alone,0.003,5,weak,buffer0_ready_to_frame,40000,1.470306
weak_alone,0.001,7,weak,buffer0_ready_to_frame,12000000,1.549076
weak_alone,0.005,5,weak,frame_commit,40000,0.006989
weak_alone,0.002,11,weak,buffer0_ready_to_frame,3921570,2.417600
weak_alone,0.002,11,weak,weak_attempt,3921570,0.000000
weak_alone,0.0005,9,weak,compute_wait,768000,0.000000
weak_alone,0.0005,9,weak,fetch,768000,0.171822
weak_alone,0.002,9,weak,weak_attempt,2400000,0.000000
weak_alone,0.0005,5,weak,output_link_per_window,5797120,0.164026
weak_alone,0.0005,11,weak,frame_commit,640000,0.006936
weak_alone,0.002,11,weak,compute_wait,3921570,0.000000
weak_alone,0.002,9,weak,compute_wait,2400000,0.000000
weak_alone,0.0005,9,weak,release,768000,0.030000
weak_alone,0.005,5,weak,queue_wait,40000,0.000000
weak_alone,0.001,13,weak,buffer0_ready_to_frame,512000,2.275757
weak_alone,0.0005,11,weak,weak_attempt,640000,0.000000
weak_alone,0.005,13,weak,output_link_per_window,32000,0.164026
weak_alone,0.005,5,weak,compute_wait,40000,0.000000
weak_alone,0.002,13,weak,frame_commit,25600000,0.006980
weak_alone,0.003,11,weak,admission_wait,358440,0.021397
weak_alone,0.001,9,weak,admission_wait,38400000,0.021765
weak_alone,0.001,9,weak,release,38400000,0.030000
weak_alone,0.0005,11,weak,compute_wait,640000,0.000000
weak_alone,0.003,9,weak,queue_wait,141180,0.080254
weak_alone,0.002,13,weak,dep_block,25600000,0.266635
weak_alone,0.0005,11,weak,buffer0_ready_to_frame,640000,1.973326
weak_alone,0.005,13,weak,frame_commit,32000,0.006972
weak_alone,0.002,9,weak,buffer_fill,2400000,14.916838
weak_alone,0.001,5,weak,output_link_per_window,800000,0.164026
weak_alone,0.005,7,weak,frame_commit,30000,0.006978
weak_alone,0.003,7,weak,algorithm,60000,1.354439
weak_alone,0.002,13,weak,weak_attempt,25600000,0.000000
weak_alone,0.005,7,weak,queue_wait,30000,0.009947
weak_alone,0.004,5,weak,buffer0_ready_to_frame,40000,1.536052
weak_alone,0.002,13,weak,compute_wait,25600000,0.000000
weak_alone,0.001,11,weak,dep_block,640000,0.221315
weak_alone,0.005,9,weak,fetch,24000,0.171833
weak_alone,0.002,5,weak,dep_block,88900,0.056388
weak_alone,0.005,7,weak,weak_attempt,30000,0.000000
weak_alone,0.005,13,weak,buffer_fill,32000,22.375812
weak_alone,0.004,7,weak,selection_wait,30000,0.000000
weak_alone,0.003,5,weak,frame_commit,40000,0.006908
weak_alone,0.004,9,weak,fetch,48000,0.171833
weak_alone,0.005,13,weak,compute_wait,32000,0.000000
weak_alone,0.005,5,weak,release,40000,0.030000
weak_alone,0.001,5,weak,selection_wait,800000,0.000000
weak_alone,0.0005,13,weak,weak_attempt,512000,0.000000
weak_alone,0.001,13,weak,selection_wait,512000,0.000000
weak_alone,0.005,11,weak,algorithm,20000,2.609330
weak_alone,0.005,7,weak,compute_wait,30000,0.000000
weak_alone,0.002,13,weak,confidence,25600000,0.000000
weak_alone,0.001,13,weak,escalation_link_per_window,512000,0.000000
weak_alone,0.003,9,weak,fetch,141180,0.171833
weak_alone,0.0005,7,weak,escalation_link_per_window,75000000,0.000000
weak_alone,0.001,5,weak,buffer_fill,800000,8.750046
weak_alone,0.004,11,weak,queue_wait,64450,0.172809
weak_alone,0.0005,11,weak,buffer_fill,640000,17.900309
weak_alone,0.0005,13,weak,algorithm,512000,1.447526
weak_alone,0.005,9,weak,queue_wait,24000,0.125772
weak_alone,0.0005,5,weak,admission_wait,5797120,0.023350
weak_alone,0.005,7,weak,buffer_fill,30000,11.866790
weak_alone,0.003,5,weak,weak_attempt,40000,0.000000
weak_alone,0.004,9,weak,confidence,48000,0.000000
weak_alone,0.005,13,weak,admission_wait,32000,0.023127
weak_alone,0.005,9,weak,escalation_link_per_window,24000,0.000000
weak_alone,0.004,11,weak,release,64450,0.030000
weak_alone,0.004,11,weak,admission_wait,64450,0.021397
weak_alone,0.0005,5,weak,confidence,5797120,0.000000
weak_alone,0.002,11,weak,buffer_fill,3921570,17.900309
weak_alone,0.002,5,weak,output_link_per_window,88900,0.164026
weak_alone,0.005,7,weak,admission_wait,30000,0.022679
weak_alone,0.0005,7,weak,dep_block,75000000,0.064961
weak_alone,0.003,11,weak,escalation_link_per_window,358440,0.000000
weak_alone,0.002,5,weak,admission_wait,88900,0.023350
weak_alone,0.005,5,weak,buffer0_ready_to_frame,40000,1.589014
weak_alone,0.004,9,weak,escalation_link_per_window,48000,0.000000
weak_alone,0.0005,7,weak,release,75000000,0.030000
weak_alone,0.0005,7,weak,output_link_per_window,75000000,0.164026
weak_alone,0.002,7,weak,algorithm,280905,1.242877
weak_alone,0.004,13,weak,queue_wait,133336,0.000000
weak_alone,0.003,9,weak,escalation_link_per_window,141180,0.000000
weak_alone,0.004,13,weak,escalation_link_per_window,133336,0.000000
weak_alone,0.0005,11,weak,selection_wait,640000,0.000000
weak_alone,0.0005,7,weak,confidence,75000000,0.000000
weak_alone,0.002,7,weak,buffer0_ready_to_frame,280905,1.699467
weak_alone,0.001,5,weak,dep_block,800000,0.048345
weak_alone,0.0005,13,weak,frame_commit,512000,0.007009
weak_alone,0.0005,5,weak,fetch,5797120,0.109700
weak_alone,0.001,7,weak,release,12000000,0.030000
weak_alone,0.002,9,weak,escalation_link_per_window,2400000,0.000000
weak_alone,0.004,9,weak,release,48000,0.030000
weak_alone,0.005,7,weak,dep_block,30000,0.116246
weak_alone,0.003,9,weak,selection_wait,141180,0.000000
weak_alone,0.0005,9,weak,buffer0_ready_to_frame,768000,1.733969
weak_alone,0.0005,13,weak,buffer0_ready_to_frame,512000,2.138415
weak_alone,0.001,9,weak,escalation_link_per_window,38400000,0.000000
weak_alone,0.003,5,weak,output_link_per_window,40000,0.164026
weak_alone,0.001,7,weak,output_link_per_window,12000000,0.164026
weak_alone,0.0005,9,weak,algorithm,768000,1.156817
weak_alone,0.002,11,weak,output_link_per_window,3921570,0.164026
weak_alone,0.004,7,weak,release,30000,0.030000
weak_alone,0.0005,5,weak,buffer0_first_round_to_frame,5797120,9.748556
weak_alone,0.0005,13,weak,compute_wait,512000,0.000000
weak_alone,0.004,13,weak,dep_block,133336,0.379517
weak_alone,0.003,11,weak,buffer0_ready_to_frame,358440,2.808320
weak_alone,0.002,9,weak,fetch,2400000,0.171833
weak_alone,0.0005,9,weak,confidence,768000,0.000000
weak_alone,0.005,9,weak,frame_commit,24000,0.006970
weak_alone,0.0005,13,weak,input_link_per_window,512000,0.004000
weak_alone,0.005,9,weak,buffer0_first_round_to_frame,24000,17.836372
weak_alone,0.003,5,weak,compute_wait,40000,0.000000
weak_alone,0.004,9,weak,admission_wait,48000,0.021765
weak_alone,0.0005,9,weak,buffer0_first_round_to_frame,768000,16.650807
weak_alone,0.001,9,weak,fetch,38400000,0.171831
weak_alone,0.003,7,weak,buffer0_first_round_to_frame,60000,13.687683
weak_alone,0.001,11,weak,queue_wait,640000,0.075612
weak_alone,0.001,13,weak,output_link_per_window,512000,0.164026
weak_alone,0.001,7,weak,admission_wait,12000000,0.022679
weak_alone,0.001,5,weak,buffer0_first_round_to_frame,800000,9.957058
weak_alone,0.002,7,weak,buffer_fill,280905,11.866790
weak_alone,0.003,11,weak,dep_block,358440,0.322774
weak_alone,0.003,7,weak,buffer0_ready_to_frame,60000,1.820893
weak_alone,0.001,7,weak,algorithm,12000000,1.103879
weak_alone,0.001,9,weak,buffer0_ready_to_frame,38400000,1.864104
weak_alone,0.005,9,weak,weak_attempt,24000,0.000000
weak_alone,0.002,13,weak,buffer0_ready_to_frame,25600000,2.643133
weak_alone,0.001,13,weak,algorithm,512000,1.571918
weak_alone,0.005,5,weak,fetch,40000,0.109700
weak_alone,0.003,7,weak,frame_commit,60000,0.006975
weak_alone,0.005,9,weak,algorithm,24000,2.105738
weak_alone,0.005,11,weak,fetch,20000,0.201800
weak_alone,0.002,5,weak,queue_wait,88900,0.000000
weak_alone,0.0005,11,weak,output_link_per_window,640000,0.164026
weak_alone,0.005,9,weak,compute_wait,24000,0.000000
weak_alone,0.001,9,weak,buffer0_first_round_to_frame,38400000,16.780942
weak_alone,0.001,5,weak,confidence,800000,0.000000
weak_alone,0.004,5,weak,fetch,40000,0.109700
weak_alone,0.003,11,weak,confidence,358440,0.000000
weak_alone,0.005,11,weak,buffer_fill,20000,17.900309
weak_alone,0.005,7,weak,buffer0_first_round_to_frame,30000,13.994180
weak_alone,0.003,11,weak,frame_commit,358440,0.006977
weak_alone,0.0005,7,weak,buffer0_first_round_to_frame,75000000,13.264462
weak_alone,0.003,5,weak,buffer0_first_round_to_frame,40000,10.220352
weak_alone,0.004,5,weak,output_link_per_window,40000,0.164026
weak_alone,0.004,7,weak,dep_block,30000,0.104924
weak_alone,0.0005,9,weak,input_link_per_window,768000,0.004000
weak_alone,0.0005,5,weak,release,5797120,0.030000
weak_alone,0.003,7,weak,weak_attempt,60000,0.000000
weak_alone,0.003,13,weak,buffer_fill,1066672,22.375812
weak_alone,0.001,13,weak,queue_wait,512000,0.000000
weak_alone,0.001,5,weak,frame_commit,800000,0.007081
weak_alone,0.004,5,weak,selection_wait,40000,0.000000
weak_alone,0.002,13,weak,selection_wait,25600000,0.000000
weak_alone,0.001,11,weak,selection_wait,640000,0.000000
weak_alone,0.003,7,weak,compute_wait,60000,0.000000
weak_alone,0.003,11,weak,weak_attempt,358440,0.000000
weak_alone,0.004,11,weak,fetch,64450,0.201800
weak_alone,0.003,9,weak,buffer0_first_round_to_frame,141180,17.242351
weak_alone,0.0005,9,weak,output_link_per_window,768000,0.164026
weak_alone,0.005,5,weak,buffer_fill,40000,8.750046
weak_alone,0.001,7,weak,buffer0_first_round_to_frame,12000000,13.415866
weak_alone,0.001,5,weak,release,800000,0.030000
weak_alone,0.003,11,weak,compute_wait,358440,0.000000
weak_alone,0.001,5,weak,weak_attempt,800000,0.000000
weak_alone,0.005,5,weak,buffer0_first_round_to_frame,40000,10.339061
weak_alone,0.001,7,weak,confidence,12000000,0.000000
weak_alone,0.003,13,weak,confidence,1066672,0.000000
weak_alone,0.003,13,weak,algorithm,1066672,2.329019
weak_alone,0.0005,13,weak,admission_wait,512000,0.023127
weak_alone,0.005,11,weak,admission_wait,20000,0.021397
weak_alone,0.0005,13,weak,dep_block,512000,0.211227
weak_alone,0.004,7,weak,buffer0_ready_to_frame,30000,1.976899
weak_alone,0.002,9,weak,buffer0_ready_to_frame,2400000,2.077061
weak_alone,0.005,11,weak,queue_wait,20000,0.211957
weak_alone,0.003,5,weak,confidence,40000,0.000000
weak_alone,0.005,5,weak,admission_wait,40000,0.023350
weak_alone,0.003,13,weak,frame_commit,1066672,0.006977
weak_alone,0.001,11,weak,buffer0_first_round_to_frame,640000,20.017125
weak_alone,0.003,11,weak,fetch,358440,0.201800
weak_alone,0.004,5,weak,release,40000,0.030000
weak_alone,0.003,9,weak,weak_attempt,141180,0.000000
weak_alone,0.0005,11,weak,escalation_link_per_window,640000,0.000000
weak_alone,0.0005,11,weak,confidence,640000,0.000000
weak_alone,0.004,9,weak,algorithm,48000,1.872274
weak_alone,0.005,5,weak,output_link_per_window,40000,0.164026
weak_alone,0.0005,11,weak,fetch,640000,0.201800
weak_alone,0.003,13,weak,weak_attempt,1066672,0.000000
weak_alone,0.001,13,weak,release,512000,0.030000
weak_alone,0.0005,9,weak,selection_wait,768000,0.000000
weak_alone,0.001,9,weak,confidence,38400000,0.000000
weak_alone,0.003,7,weak,dep_block,60000,0.094351
weak_alone,0.003,13,weak,compute_wait,1066672,0.000000
weak_alone,0.003,9,weak,buffer_fill,141180,14.916839
weak_alone,0.003,7,weak,confidence,60000,0.000000
weak_alone,0.002,11,weak,fetch,3921570,0.201800
weak_alone,0.002,7,weak,output_link_per_window,280905,0.164026
weak_alone,0.003,5,weak,fetch,40000,0.109700
weak_alone,0.002,9,weak,selection_wait,2400000,0.000000
weak_alone,0.003,7,weak,selection_wait,60000,0.000000
weak_alone,0.001,13,weak,input_link_per_window,512000,0.004000
weak_alone,0.005,7,weak,buffer0_ready_to_frame,30000,2.127389
weak_alone,0.003,9,weak,buffer0_ready_to_frame,141180,2.325513
weak_alone,0.002,5,weak,fetch,88900,0.109700
weak_alone,0.001,13,weak,buffer0_first_round_to_frame,512000,24.651569
weak_alone,0.0005,13,weak,confidence,512000,0.000000
weak_alone,0.003,13,weak,release,1066672,0.030000
weak_alone,0.005,11,weak,dep_block,20000,0.456244
weak_alone,0.0005,13,weak,output_link_per_window,512000,0.164026
weak_alone,0.0005,11,weak,input_link_per_window,640000,0.004000
weak_alone,0.001,5,weak,fetch,800000,0.109700
weak_alone,0.002,7,weak,queue_wait,280905,0.001401
weak_alone,0.0005,5,weak,algorithm,5797120,0.621507
weak_alone,0.003,9,weak,frame_commit,141180,0.006975
weak_alone,0.004,5,weak,queue_wait,40000,0.000000
weak_alone,0.003,11,weak,output_link_per_window,358440,0.164026
weak_alone,0.002,5,weak,buffer_fill,88900,8.750046
weak_alone,0.001,5,weak,compute_wait,800000,0.000000
weak_alone,0.003,9,weak,release,141180,0.030000
weak_alone,0.004,7,weak,admission_wait,30000,0.022679
weak_alone,0.001,5,weak,admission_wait,800000,0.023350
weak_alone,0.001,13,weak,admission_wait,512000,0.023127
weak_alone,0.004,11,weak,buffer0_ready_to_frame,64450,3.250765
weak_alone,0.002,11,weak,escalation_link_per_window,3921570,0.000000
weak_alone,0.002,13,weak,buffer0_first_round_to_frame,25600000,25.018945
weak_alone,0.002,11,weak,algorithm,3921570,1.623899
weak_alone,0.003,9,weak,algorithm,141180,1.633370
weak_alone,0.0005,9,weak,escalation_link_per_window,768000,0.000000
weak_alone,0.002,11,weak,queue_wait,3921570,0.100223
weak_alone,0.001,7,weak,frame_commit,12000000,0.006919
weak_alone,0.003,7,weak,output_link_per_window,60000,0.164026
weak_alone,0.0005,7,weak,input_link_per_window,75000000,0.004000
weak_alone,0.002,9,weak,queue_wait,2400000,0.062009
weak_alone,0.001,9,weak,output_link_per_window,38400000,0.164026
weak_alone,0.001,13,weak,dep_block,512000,0.224150
weak_alone,0.002,13,weak,output_link_per_window,25600000,0.164026
weak_alone,0.0005,9,weak,buffer_fill,768000,14.916838
weak_alone,0.003,9,weak,compute_wait,141180,0.000000
weak_alone,0.002,13,weak,input_link_per_window,25600000,0.004000
weak_alone,0.001,11,weak,input_link_per_window,640000,0.004000
weak_alone,0.002,7,weak,dep_block,280905,0.086568
weak_alone,0.003,11,weak,buffer_fill,358440,17.900309
weak_alone,0.004,9,weak,buffer0_ready_to_frame,48000,2.620907
weak_alone,0.003,13,weak,buffer0_ready_to_frame,1066672,3.129353
weak_alone,0.005,5,weak,algorithm,40000,1.184643
weak_alone,0.004,7,weak,queue_wait,30000,0.006440
weak_alone,0.003,13,weak,escalation_link_per_window,1066672,0.000000
weak_alone,0.005,13,weak,queue_wait,32000,0.000000
weak_alone,0.001,7,weak,weak_attempt,12000000,0.000000
weak_alone,0.001,13,weak,buffer_fill,512000,22.375812
weak_alone,0.002,11,weak,buffer0_first_round_to_frame,3921570,20.317910
weak_alone,0.005,13,weak,algorithm,32000,3.319929
weak_alone,0.003,13,weak,selection_wait,1066672,0.000000
weak_alone,0.002,11,weak,selection_wait,3921570,0.000000
weak_alone,0.001,11,weak,release,640000,0.030000
weak_alone,0.001,7,weak,compute_wait,12000000,0.000000
weak_alone,0.005,5,weak,confidence,40000,0.000000
weak_alone,0.004,11,weak,algorithm,64450,2.261160
weak_alone,0.001,5,weak,escalation_link_per_window,800000,0.000000
weak_alone,0.005,11,weak,escalation_link_per_window,20000,0.000000
weak_alone,0.0005,11,weak,admission_wait,640000,0.021397
weak_alone,0.0005,9,weak,dep_block,768000,0.139031
weak_alone,0.003,9,weak,confidence,141180,0.000000
weak_alone,0.001,11,weak,fetch,640000,0.201800
weak_alone,0.004,7,weak,output_link_per_window,30000,0.164026
weak_alone,0.005,5,weak,escalation_link_per_window,40000,0.000000
weak_alone,0.002,9,weak,output_link_per_window,2400000,0.164026
weak_alone,0.003,9,weak,admission_wait,141180,0.021765
weak_alone,0.0005,5,weak,input_link_per_window,5797120,0.004000
weak_alone,0.004,5,weak,frame_commit,40000,0.006977
weak_alone,0.003,13,weak,input_link_per_window,1066672,0.004000
weak_alone,0.002,9,weak,algorithm,2400000,1.433373
weak_alone,0.002,11,weak,input_link_per_window,3921570,0.004000
weak_alone,0.003,11,weak,release,358440,0.030000
weak_alone,0.004,9,weak,input_link_per_window,48000,0.004000
weak_alone,0.001,9,weak,weak_attempt,38400000,0.000000
weak_alone,0.005,9,weak,buffer0_ready_to_frame,24000,2.919534
weak_alone,0.002,9,weak,input_link_per_window,2400000,0.004000
weak_alone,0.005,7,weak,confidence,30000,0.000000
weak_alone,0.0005,7,weak,buffer_fill,75000000,11.866790
weak_alone,0.004,5,weak,escalation_link_per_window,40000,0.000000
weak_alone,0.005,13,weak,fetch,32000,0.251500
weak_alone,0.0005,7,weak,selection_wait,75000000,0.000000
weak_alone,0.005,13,weak,release,32000,0.030000
weak_alone,0.004,5,weak,weak_attempt,40000,0.000000
weak_alone,0.001,7,weak,dep_block,12000000,0.076183
weak_alone,0.003,7,weak,release,60000,0.030000
weak_alone,0.003,7,weak,buffer_fill,60000,11.866790
weak_alone,0.004,5,weak,algorithm,40000,1.134189
weak_alone,0.005,9,weak,dep_block,24000,0.289429
weak_alone,0.004,13,weak,selection_wait,133336,0.000000
weak_alone,0.004,11,weak,frame_commit,64450,0.006973
weak_alone,0.003,5,weak,escalation_link_per_window,40000,0.000000
weak_alone,0.004,5,weak,compute_wait,40000,0.000000
weak_alone,0.005,9,weak,selection_wait,24000,0.000000
weak_alone,0.001,11,weak,weak_attempt,640000,0.000000
weak_alone,0.0005,13,weak,escalation_link_per_window,512000,0.000000
weak_alone,0.0005,7,weak,fetch,75000000,0.140935
weak_alone,0.002,7,weak,selection_wait,280905,0.000000
weak_alone,0.003,13,weak,buffer0_first_round_to_frame,1066672,25.505165
weak_alone,0.004,11,weak,confidence,64450,0.000000
weak_alone,0.003,5,weak,selection_wait,40000,0.000000
weak_alone,0.005,9,weak,confidence,24000,0.000000
weak_alone,0.002,5,weak,escalation_link_per_window,88900,0.000000
weak_alone,0.004,9,weak,buffer_fill,48000,14.916838
weak_alone,0.005,9,weak,input_link_per_window,24000,0.004000
weak_alone,0.003,9,weak,input_link_per_window,141180,0.004000
weak_alone,0.004,11,weak,weak_attempt,64450,0.000000
weak_alone,0.001,9,weak,input_link_per_window,38400000,0.004000
weak_alone,0.005,7,weak,output_link_per_window,30000,0.164026
weak_alone,0.002,13,weak,queue_wait,25600000,0.000000
weak_alone,0.003,9,weak,output_link_per_window,141180,0.164026
